"customer_id","store_id","city_id","country_id","full_name","country","city","total_amount_spent","total_number_of_rentals","first_rental_date","most_recent_rental_date","number_of_rental_months"
148,1,442,79,"Eleanor Hunt","Runion","Saint-Denis",211.55,45,"2005-06-15 22:02:35","2005-08-23 05:57:04",3
526,2,101,103,"Karl Seal","United States","Cape Coral",208.58,42,"2005-06-15 06:13:45","2005-08-23 22:21:03",3
178,2,456,15,"Marion Snyder","Brazil","Santa Brbara dOeste",194.61,39,"2005-06-15 09:03:52","2006-02-14 15:16:03",4
137,2,29,67,"Rhonda Kennedy","Netherlands","Apeldoorn",191.62,38,"2005-06-18 20:24:23","2005-08-23 21:56:04",3
144,1,340,13,"Clara Shaw","Belarus","Molodetno",189.60,40,"2005-06-16 21:15:22","2005-08-23 12:43:30",3
459,1,423,46,"Tommy Collazo","Iran","Qomsheh",183.63,37,"2005-06-17 02:50:51","2005-08-23 14:52:50",3
181,2,333,103,"Ana Bradley","United States","Memphis",167.67,33,"2005-06-16 08:32:36","2006-02-14 15:16:03",4
410,2,430,20,"Curtis Irby","Canada","Richmond Hill",167.62,38,"2005-06-15 22:57:34","2006-02-14 15:16:03",4
236,1,527,75,"Marcia Dean","Philippines","Tanza",166.61,39,"2005-06-15 06:54:53","2006-02-14 15:16:03",4
403,1,564,44,"Mike Way","India","Valparai",162.67,33,"2005-06-15 03:35:16","2005-08-22 23:27:43",3
522,2,458,75,"Arnold Havens","Philippines","Santa Rosa",161.68,32,"2005-06-15 08:44:09","2005-08-23 18:06:54",3
469,2,388,87,"Wesley Bull","Spain","Ourense (Orense)",158.65,35,"2005-06-15 16:29:51","2005-08-23 15:46:33",3
470,1,206,107,"Gordon Allard","Yemen","Hodeida",157.69,31,"2005-06-15 06:13:57","2005-08-21 10:45:01",3
373,1,523,75,"Louis Leone","Philippines","Tanauan",156.66,34,"2005-06-15 20:54:55","2006-02-14 15:16:03",4
468,1,78,44,"Tim Cary","India","Bijapur",154.66,34,"2005-06-15 03:53:13","2005-08-23 22:24:39",3
259,2,197,44,"Lena Jensen","India","Halisahar",152.71,29,"2005-06-16 08:46:26","2005-08-23 09:52:55",3
462,2,558,80,"Warren Sherrod","Russian Federation","Usolje-Sibirskoje",152.69,31,"2005-06-16 18:13:43","2005-08-23 21:17:17",3
372,2,415,45,"Steve Mackenzie","Indonesia","Probolinggo",152.68,32,"2005-06-18 09:03:39","2005-08-23 05:08:58",3
187,2,506,100,"Brittany Riley","Ukraine","Sumy",151.73,27,"2005-06-15 10:55:17","2005-08-23 19:59:33",3
550,2,599,23,"Guy Brownlee","China","Zhoushan",151.69,31,"2005-06-15 04:18:37","2006-02-14 15:16:03",4
176,1,483,2,"June Carroll","Algeria","Skikda",151.68,32,"2005-06-15 08:55:01","2005-08-23 18:36:44",3
532,2,100,105,"Neil Renner","Vietnam","Cam Ranh",149.69,31,"2005-06-16 12:40:23","2006-02-14 15:16:03",4
75,2,108,92,"Tammy Sanders","Taiwan","Changhwa",149.61,39,"2005-06-17 06:00:23","2006-02-14 15:16:03",4
209,2,74,44,"Tonya Chapman","India","Bhilwara",147.71,29,"2005-06-15 02:06:28","2005-08-23 02:51:27",3
21,1,525,12,"Michelle Clark","Bangladesh","Tangail",146.68,32,"2005-06-18 04:08:50","2006-02-14 15:16:03",4
86,2,489,94,"Jacqueline Long","Thailand","Songkhla",146.68,32,"2005-06-16 08:35:39","2005-08-23 18:45:06",3
26,2,121,41,"Jessica Hall","Holy See (Vatican City State)","Citt del Vaticano",146.68,32,"2005-06-15 18:53:14","2005-08-23 11:16:29",3
211,1,174,23,"Stacey Montgomery","China","Fuyu",146.67,33,"2005-06-19 19:58:16","2006-02-14 15:16:03",4
346,1,320,80,"Arthur Simpkins","Russian Federation","Maikop",145.70,30,"2005-06-17 11:07:06","2005-08-23 15:15:19",3
366,1,50,97,"Brandon Huey","Turkey","Balikesir",145.64,36,"2005-06-15 16:30:22","2006-02-14 15:16:03",4
50,1,379,89,"Diane Collins","Sudan","Omdurman",144.70,30,"2005-06-15 03:38:53","2005-08-23 21:25:03",3
360,2,32,77,"Ralph Madrigal","Puerto Rico","Arecibo",144.68,32,"2005-06-15 21:48:35","2005-08-22 19:56:41",3
348,2,209,92,"Roger Quintanilla","Taiwan","Hsichuh",144.66,34,"2005-06-16 09:42:48","2005-08-23 18:50:54",3
513,2,583,65,"Duane Tubbs","Nauru","Yangor",143.70,30,"2005-06-16 06:25:35","2005-08-23 04:20:16",3
454,2,556,60,"Alex Gresham","Mexico","Uruapan",143.68,32,"2005-06-16 09:14:58","2005-08-23 06:55:26",3
347,2,137,54,"Ryan Salisbury","Latvia","Daugavpils",142.70,30,"2005-06-16 14:11:52","2005-08-23 04:51:52",3
390,1,358,94,"Shawn Heaton","Thailand","Nakhon Sawan",142.69,31,"2005-06-16 01:11:25","2005-08-22 22:21:35",3
267,1,298,23,"Margie Wade","China","Lengshuijiang",142.67,33,"2005-06-15 06:15:36","2006-02-14 15:16:03",4
257,2,64,63,"Marsha Douglas","Mozambique","Beira",142.66,34,"2005-06-19 03:08:51","2005-08-23 19:51:29",3
39,1,569,15,"Debra Nelson","Brazil","Vila Velha",141.71,29,"2005-06-16 07:49:08","2005-08-22 12:51:38",3
78,1,425,44,"Lori Wood","India","Rae Bareli",141.69,31,"2005-06-18 02:19:21","2005-08-23 22:18:51",3
362,1,66,15,"Nicholas Barfield","Brazil","Belm",140.69,31,"2005-06-15 18:24:10","2005-08-22 06:17:12",3
363,2,372,52,"Roy Whiting","Kenya","Nyeri",139.72,28,"2005-06-15 18:16:24","2005-08-22 20:44:55",3
119,1,476,29,"Sherry Marshall","Egypt","Shubra al-Khayma",139.69,31,"2005-06-15 00:36:50","2005-08-23 21:52:56",3
368,1,356,46,"Harry Arce","Iran","Najafabad",139.69,31,"2005-06-15 00:56:45","2005-08-23 00:31:09",3
66,2,321,90,"Janice Ward","Sweden","Malm",139.67,33,"2005-06-15 04:34:27","2005-08-23 06:23:26",3
237,1,357,86,"Tanya Gilbert","South Korea","Naju",138.69,31,"2005-06-15 22:00:45","2005-08-23 18:28:09",3
29,2,474,50,"Angela Hernandez","Japan","Shimonoseki",138.65,35,"2005-06-19 10:38:42","2006-02-14 15:16:03",4
87,1,480,24,"Wanda Patterson","Colombia","Sincelejo",137.72,28,"2005-06-16 04:12:25","2006-02-14 15:16:03",4
80,1,217,69,"Marilyn Ross","Nigeria","Ife",137.70,30,"2005-06-19 05:48:26","2006-02-14 15:16:03",4
439,2,70,49,"Alexander Fennell","Italy","Bergamo",137.67,33,"2005-06-15 06:59:39","2005-08-23 21:27:35",3
558,1,577,76,"Jimmie Eggleston","Poland","Wroclaw",135.72,28,"2005-06-17 09:19:52","2005-08-21 06:53:53",3
494,2,434,28,"Ramon Choate","Ecuador","Robamba",135.70,30,"2005-06-16 11:54:55","2005-08-22 19:28:04",3
576,2,168,92,"Morris Mccarter","Taiwan","Fengshan",135.68,32,"2005-06-15 14:21:00","2006-02-14 15:16:03",4
591,1,248,15,"Kent Arsenault","Brazil","Juiz de Fora",134.73,27,"2005-06-15 17:51:27","2005-08-20 15:05:42",3
467,2,129,60,"Alvin Deloach","Mexico","Cuauhtmoc",134.72,28,"2005-06-16 15:59:44","2005-08-23 15:19:15",3
479,1,11,103,"Zachary Hite","United States","Akron",134.71,29,"2005-06-17 04:35:52","2006-02-14 15:16:03",4
120,2,147,24,"Sylvia Ortiz","Colombia","Dos Quebradas",134.70,30,"2005-06-15 14:49:54","2006-02-14 15:16:03",4
210,2,7,107,"Ella Oliver","Yemen","Aden",134.70,30,"2005-06-15 00:33:04","2005-08-23 18:48:40",3
204,1,557,97,"Rosemary Schmidt","Turkey","Usak",134.69,31,"2005-06-15 10:49:17","2005-08-22 23:48:56",3
15,1,76,44,"Helen Harris","India","Bhopal",134.68,32,"2005-06-18 21:26:56","2006-02-14 15:16:03",4
5,1,361,92,"Elizabeth Brown","Taiwan","Nantou",134.65,35,"2005-06-15 22:03:14","2006-02-14 15:16:03",4
349,2,221,75,"Joe Gilliland","Philippines","Imus",133.72,28,"2005-06-15 01:42:46","2006-02-14 15:16:03",4
404,2,380,50,"Stanley Scroggins","Japan","Omiya",133.71,29,"2005-06-15 22:19:37","2005-08-22 19:28:02",3
172,1,58,97,"Bernice Willis","Turkey","Batman",133.70,30,"2005-06-15 22:25:26","2005-08-23 22:14:31",3
197,2,109,23,"Sue Peters","China","Changzhou",133.68,32,"2005-06-15 00:15:15","2005-08-23 04:12:52",3
265,2,378,26,"Jennie Terry","Czech Republic","Olomouc",132.72,28,"2005-06-17 13:06:56","2005-08-22 05:59:59",3
533,1,80,23,"Jessie Milam","China","Binzhou",132.70,30,"2005-06-15 17:57:04","2006-02-14 15:16:03",4
380,1,549,76,"Russell Brinson","Poland","Tychy",132.65,35,"2005-06-17 02:03:22","2005-08-23 12:33:00",3
472,1,359,105,"Greg Robins","Vietnam","Nam Dinh",131.74,26,"2005-06-15 15:49:01","2006-02-14 15:16:03",4
13,2,384,97,"Karen Jackson","Turkey","Osmaniye",131.73,27,"2005-06-17 06:54:42","2005-08-22 20:51:24",3
46,2,343,80,"Catherine Campbell","Russian Federation","Moscow",131.69,31,"2005-06-14 23:17:03","2005-08-23 12:47:26",3
125,1,85,85,"Ethel Webb","South Africa","Boksburg",131.69,31,"2005-06-15 21:17:58","2005-08-22 10:14:39",3
3,1,38,39,"Linda Williams","Greece","Athenai",130.76,24,"2005-06-16 01:34:05","2005-08-23 07:10:14",3
273,2,445,60,"Priscilla Lowe","Mexico","Salamanca",130.72,28,"2005-07-06 02:46:13","2005-08-23 12:50:00",2
7,1,280,108,"Maria Miller","Yugoslavia","Kragujevac",130.72,28,"2005-06-16 21:06:00","2005-08-21 04:49:48",3
502,1,478,44,"Brett Cornwell","India","Siliguri (Shiliguri)",130.70,30,"2005-06-16 12:50:01","2005-08-23 22:06:34",3
566,1,538,97,"Casey Mena","Turkey","Tokat",130.68,32,"2005-06-16 08:26:56","2005-08-21 07:13:46",3
342,1,84,15,"Harold Martino","Brazil","Boa Vista",130.68,32,"2005-06-18 01:29:51","2005-08-23 17:09:31",3
112,2,292,103,"Rosa Reynolds","United States","Lancaster",129.72,28,"2005-06-16 23:05:36","2005-08-23 12:47:05",3
560,1,43,6,"Jordan Archuleta","Argentina","Avellaneda",129.71,29,"2005-06-15 07:32:24","2006-02-14 15:16:03",4
102,1,34,48,"Crystal Ford","Israel","Ashdod",129.70,30,"2005-06-15 03:21:00","2005-08-23 21:59:26",3
168,1,240,23,"Regina Berry","China","Jinchang",129.68,32,"2005-06-15 03:38:49","2006-02-14 15:16:03",4
484,1,587,23,"Roberto Vu","China","Yinchuan",128.73,27,"2005-06-15 12:51:03","2005-08-23 21:49:22",3
103,1,220,69,"Gladys Hamilton","Nigeria","Ilorin",128.71,29,"2005-06-15 16:22:38","2005-08-23 22:43:07",3
242,1,422,23,"Glenda Frazier","China","Qinhuangdao",128.71,29,"2005-06-15 09:56:02","2005-08-22 08:06:00",3
84,2,40,60,"Sara Perry","Mexico","Atlixco",128.70,30,"2005-06-15 01:37:38","2005-08-22 18:16:50",3
196,1,325,38,"Alma Austin","Germany","Mannheim",128.69,31,"2005-06-15 00:45:21","2005-08-23 20:10:13",3
221,1,511,49,"Bessie Morrison","Italy","Syrakusa",127.73,27,"2005-06-15 14:29:14","2005-08-22 12:53:22",3
448,1,160,38,"Miguel Betancourt","Germany","Erlangen",127.73,27,"2005-06-15 10:18:34","2006-02-14 15:16:03",4
141,1,172,50,"Debbie Reyes","Japan","Fukuyama",127.69,31,"2005-06-15 05:05:07","2005-08-23 19:45:25",3
520,2,366,105,"Mitchell Westmoreland","Vietnam","Nha Trang",127.69,31,"2005-06-15 17:05:36","2005-08-23 18:59:33",3
38,1,115,61,"Martha Gonzalez","Moldova","Chisinau",127.66,34,"2005-06-15 05:55:40","2005-08-23 11:55:50",3
200,2,35,98,"Jeanne Lawson","Turkmenistan","Ashgabat",126.74,26,"2005-06-15 09:23:59","2006-02-14 15:16:03",4
206,1,83,15,"Terri Vasquez","Brazil","Blumenau",126.73,27,"2005-06-17 02:27:03","2005-08-23 10:36:00",3
146,1,499,103,"Jamie Rice","United States","Sterling Heights",126.73,27,"2005-06-15 02:31:12","2005-08-23 15:36:05",3
436,1,565,20,"Troy Quigley","Canada","Vancouver",126.73,27,"2005-06-18 07:36:46","2005-08-23 13:10:16",3
108,1,213,60,"Tracy Cole","Mexico","Huixquilucan",126.72,28,"2005-06-15 14:45:48","2006-02-14 15:16:03",4
114,2,148,38,"Grace Ellis","Germany","Duisburg",126.70,30,"2005-06-17 15:36:12","2006-02-14 15:16:03",4
482,1,125,60,"Maurice Crawley","Mexico","Coatzacoalcos",125.74,26,"2005-06-20 12:49:55","2005-08-23 16:42:53",3
426,1,418,44,"Bradley Motley","India","Purnea (Purnia)",125.74,26,"2005-06-16 14:10:15","2005-08-22 01:32:14",3
295,1,274,80,"Daisy Bates","Russian Federation","Kolpino",125.72,28,"2005-07-05 23:59:15","2006-02-14 15:16:03",3
147,2,555,50,"Joanne Robertson","Japan","Urawa",125.68,32,"2005-06-18 00:06:04","2005-08-23 20:53:20",3
354,2,461,15,"Justin Ngo","Brazil","Santo Andr",125.67,33,"2005-06-15 21:48:18","2006-02-14 15:16:03",4
45,1,27,22,"Janet Phillips","Chile","Antofagasta",124.74,26,"2005-06-16 20:41:57","2005-08-23 22:13:04",3
89,1,289,6,"Julia Flores","Argentina","La Plata",124.71,29,"2005-06-15 06:05:18","2005-08-23 15:38:34",3
198,2,218,69,"Elsie Kelley","Nigeria","Ikerre",124.68,32,"2005-06-18 01:12:22","2005-08-23 00:27:18",3
129,1,302,23,"Carrie Porter","China","Liaocheng",124.66,34,"2005-06-16 15:34:41","2005-08-22 06:46:59",3
300,1,398,44,"John Farnsworth","India","Parbhani",123.74,26,"2005-07-06 13:27:33","2006-02-14 15:16:03",3
2,1,449,103,"Patricia Johnson","United States","San Bernardino",123.74,26,"2005-06-17 20:54:58","2005-08-23 17:39:35",3
506,2,412,45,"Leslie Seward","Indonesia","Pontianak",123.72,28,"2005-06-15 19:13:45","2005-08-23 10:02:46",3
371,1,98,75,"Billy Poulin","Philippines","Cabuyao",123.71,29,"2005-06-15 03:03:33","2005-08-23 15:09:17",3
51,1,171,103,"Alice Stewart","United States","Fontana",123.70,30,"2005-06-15 14:48:04","2005-08-22 04:31:50",3
27,2,138,75,"Shirley Allen","Philippines","Davao",123.70,30,"2005-06-15 10:11:42","2005-08-22 10:00:04",3
30,1,316,92,"Melissa King","Taiwan","Lungtan",123.66,34,"2005-06-17 02:39:20","2005-08-23 15:17:14",3
92,2,183,15,"Tina Simmons","Brazil","Goinia",122.74,26,"2005-06-17 17:17:19","2005-08-22 07:53:14",3
434,1,391,75,"Eddie Tomlin","Philippines","Ozamis",122.74,26,"2005-06-15 03:45:35","2005-08-22 22:37:34",3
535,1,363,21,"Javier Elrod","Chad","NDjamna",122.72,28,"2005-06-16 14:25:09","2005-08-23 21:27:11",3
163,1,253,50,"Cathy Spencer","Japan","Kakamigahara",122.71,29,"2005-06-15 07:00:50","2006-02-14 15:16:03",4
244,2,294,75,"Viola Hanson","Philippines","Lapu-Lapu",122.70,30,"2005-06-15 01:04:22","2006-02-14 15:16:03",4
473,2,301,45,"Jorge Olivares","Indonesia","Lhokseumawe",122.69,31,"2005-06-16 16:54:03","2005-08-23 21:46:47",3
508,2,568,44,"Milton Howland","India","Vijayawada",121.77,23,"2005-06-16 10:12:57","2006-02-14 15:16:03",4
497,2,589,102,"Gilbert Sledge","United Kingdom","York",121.73,27,"2005-06-18 00:47:43","2006-02-14 15:16:03",4
166,1,304,58,"Lynn Payne","Malawi","Lilongwe",121.73,27,"2005-06-15 17:09:48","2005-08-23 14:31:50",3
451,1,154,60,"Jim Rea","Mexico","El Fuerte",121.70,30,"2005-06-15 02:08:04","2005-08-23 08:31:49",3
438,1,272,109,"Barry Lovelace","Zambia","Kitwe",121.70,30,"2005-06-15 18:26:29","2006-02-14 15:16:03",4
406,1,111,106,"Nathan Runyon","Virgin Islands, U.S.","Charlotte Amalie",121.69,31,"2005-06-17 19:57:46","2005-08-21 17:45:52",3
491,2,337,29,"Rick Mattox","Egypt","Mit Ghamr",120.75,25,"2005-06-15 01:48:58","2005-08-23 09:41:28",3
423,2,465,29,"Alfred Casillas","Egypt","Sawhaj",120.74,26,"2005-06-15 22:08:06","2005-08-23 12:46:38",3
179,1,270,80,"Dana Hart","Russian Federation","Kirovo-Tepetsk",120.74,26,"2005-06-15 08:41:13","2005-08-23 20:20:23",3
499,2,93,49,"Marc Outlaw","Italy","Brindisi",120.71,29,"2005-06-15 13:13:59","2005-08-23 06:00:28",3
122,1,305,74,"Thelma Murray","Peru","Lima",120.70,30,"2005-06-15 03:01:20","2005-08-21 19:51:09",3
59,1,350,44,"Cheryl Murphy","India","Mysore",119.76,24,"2005-06-15 07:29:59","2005-08-23 17:33:04",3
389,1,157,23,"Alan Kahn","China","Emeishan",119.75,25,"2005-06-16 17:51:01","2005-08-23 21:11:33",3
487,2,408,80,"Hector Poindexter","Russian Federation","Pjatigorsk",119.74,26,"2005-06-20 16:47:57","2005-08-23 08:59:12",3
207,1,371,40,"Gertrude Castillo","Greenland","Nuuk",119.72,28,"2005-06-17 07:51:26","2005-08-23 07:25:29",3
306,1,507,59,"Charles Kowalski","Malaysia","Sungai Petani",119.72,28,"2005-07-06 15:23:56","2005-08-23 16:19:14",2
82,1,479,100,"Kathryn Coleman","Ukraine","Simferopol",118.76,24,"2005-06-15 18:38:51","2005-08-23 03:12:54",3
41,1,586,7,"Stephanie Mitchell","Armenia","Yerevan",118.75,25,"2005-06-19 03:24:17","2006-02-14 15:16:03",4
589,1,311,28,"Tracy Herrmann","Ecuador","Loja",118.75,25,"2005-06-15 18:45:32","2005-08-23 20:28:32",3
565,2,214,74,"Jaime Nettles","Peru","Hunuco",118.73,27,"2005-06-15 20:27:02","2005-08-23 16:50:43",3
35,2,544,34,"Virginia Green","France","Toulouse",118.70,30,"2005-06-16 04:09:08","2005-08-21 22:25:09",3
128,1,236,76,"Marjorie Tucker","Poland","Jastrzebie-Zdrj",118.70,30,"2005-06-19 00:19:21","2005-08-23 15:25:27",3
230,2,86,78,"Joy George","Romania","Botosani",118.69,31,"2005-06-15 20:48:22","2005-08-21 08:38:21",3
285,1,386,50,"Miriam Mckinney","Japan","Otsu",117.77,23,"2005-07-07 00:26:05","2005-08-23 02:06:41",2
583,1,494,102,"Marshall Thorn","United Kingdom","Southampton",117.77,23,"2005-06-15 18:19:30","2005-08-21 06:00:22",3
585,1,424,6,"Perry Swafford","Argentina","Quilmes",117.76,24,"2005-06-15 12:29:41","2006-02-14 15:16:03",4
504,1,245,103,"Nathaniel Adam","United States","Joliet",117.75,25,"2005-06-19 14:51:55","2005-08-23 21:44:27",3
421,1,416,44,"Lee Hawks","India","Pudukkottai",117.75,25,"2005-06-16 12:39:51","2006-02-14 15:16:03",4
573,1,598,51,"Byron Box","Kazakstan","Zhezqazghan",117.72,28,"2005-06-16 06:55:10","2005-08-19 11:27:20",3
49,2,237,82,"Joyce Edwards","Saudi Arabia","Jedda",116.76,24,"2005-06-14 23:16:26","2005-08-21 20:02:18",3
149,1,94,103,"Valerie Black","United States","Brockton",116.75,25,"2005-06-15 23:58:53","2005-08-23 05:04:33",3
253,1,338,50,"Terry Carlson","Japan","Miyakonojo",116.74,26,"2005-06-15 15:03:15","2005-08-22 17:12:29",3
274,1,263,44,"Naomi Jennings","India","Karnal",116.73,27,"2005-07-06 01:24:38","2006-02-14 15:16:03",3
263,1,323,75,"Hilda Hopkins","Philippines","Mandaluyong",116.73,27,"2005-06-17 20:54:36","2006-02-14 15:16:03",4
71,1,61,75,"Kathy James","Philippines","Baybay",116.72,28,"2005-06-17 02:38:28","2005-08-23 20:44:36",3
356,2,464,44,"Gerald Fultz","India","Satna",116.71,29,"2005-06-15 16:59:46","2005-08-23 12:47:16",3
56,1,397,36,"Gloria Cook","French Polynesia","Papeete",115.74,26,"2005-06-16 20:09:01","2006-02-14 15:16:03",4
512,1,312,102,"Cecil Vines","United Kingdom","London",115.74,26,"2005-06-15 00:28:37","2006-02-14 15:16:03",4
529,2,75,44,"Erik Guillen","India","Bhimavaram",115.72,28,"2005-06-15 04:21:52","2005-08-22 19:46:05",3
393,1,278,80,"Philip Causey","Russian Federation","Korolev",115.71,29,"2005-06-16 06:41:35","2005-08-23 22:50:12",3
158,1,187,103,"Veronica Stone","United States","Greensboro",115.70,30,"2005-06-15 15:13:10","2005-08-23 14:26:51",3
279,2,514,46,"Dianne Shelton","Iran","Tabriz",114.76,24,"2005-07-08 00:34:25","2006-02-14 15:16:03",3
54,1,227,50,"Teresa Rogers","Japan","Iwakuni",114.74,26,"2005-06-16 02:19:02","2005-08-23 05:20:36",3
584,2,54,37,"Salvador Teel","Gambia","Banjul",114.73,27,"2005-06-15 18:35:40","2005-08-23 07:06:00",3
262,2,414,28,"Patsy Davidson","Ecuador","Portoviejo",114.73,27,"2005-06-16 02:46:28","2005-08-23 17:57:35",3
107,1,334,6,"Florence Woods","Argentina","Merlo",114.72,28,"2005-06-15 05:07:32","2006-02-14 15:16:03",4
388,2,104,75,"Craig Morrell","Philippines","Cavite",114.72,28,"2005-06-15 08:00:13","2006-02-14 15:16:03",4
1,1,463,50,"Mary Smith","Japan","Sasebo",114.70,30,"2005-06-15 00:54:12","2005-08-22 20:03:46",3
433,1,351,63,"Don Bone","Mozambique","Naala-Porto",113.77,23,"2005-07-07 05:30:56","2005-08-23 02:40:04",2
309,1,91,49,"Christopher Greco","Italy","Brescia",113.75,25,"2005-07-06 16:27:43","2005-08-22 23:58:09",2
302,1,536,23,"Michael Silverman","China","Tiefa",113.74,26,"2005-07-08 10:26:02","2005-08-23 20:22:17",2
266,2,447,9,"Nora Herrera","Austria","Salzburg",113.74,26,"2005-06-15 08:16:06","2005-08-22 21:06:00",3
139,1,542,92,"Amber Dixon","Taiwan","Touliu",113.73,27,"2005-06-14 23:42:56","2005-08-23 12:12:05",3
569,2,299,23,"Dave Gardiner","China","Leshan",113.73,27,"2005-06-15 20:37:51","2005-08-23 21:48:54",3
416,2,134,72,"Jeffery Pinson","Pakistan","Dadu",113.72,28,"2005-06-14 22:53:33","2005-08-23 12:55:51",3
314,1,490,15,"George Linton","Brazil","Sorocaba",113.71,29,"2005-07-06 00:52:35","2005-08-23 21:37:59",2
260,1,136,23,"Christy Vargas","China","Datong",113.70,30,"2005-06-16 07:49:47","2005-08-21 17:59:09",3
540,1,436,17,"Tyrone Asher","Bulgaria","Ruse",112.76,24,"2005-06-15 06:56:39","2005-08-23 19:13:46",3
582,2,212,60,"Andy Vanhorn","Mexico","Huejutla de Reyes",112.76,24,"2005-06-16 14:55:53","2006-02-14 15:16:03",4
63,1,306,103,"Ashley Richardson","United States","Lincoln",112.75,25,"2005-06-16 21:30:34","2005-08-22 17:30:25",3
32,1,239,44,"Amy Lopez","India","Jhansi",112.74,26,"2005-06-17 03:53:18","2005-08-21 16:32:32",3
131,2,345,100,"Monica Hicks","Ukraine","Mukateve",112.73,27,"2005-06-16 09:12:53","2005-08-23 22:20:40",3
485,1,469,23,"Clyde Tobias","China","Shaoguan",112.72,28,"2005-06-16 11:57:34","2005-08-19 09:36:28",3
453,1,326,104,"Calvin Martel","Venezuela","Maracabo",111.77,23,"2005-06-19 23:08:50","2005-08-23 07:25:38",3
337,1,382,50,"Jerry Jordon","Japan","Onomichi",111.76,24,"2005-07-06 06:15:35","2006-02-14 15:16:03",3
225,1,22,44,"Arlene Harvey","India","Ambattur",111.76,24,"2005-06-18 03:39:56","2005-08-21 12:07:25",3
577,2,526,92,"Clifton Malcolm","Taiwan","Tanshui",111.74,26,"2005-06-18 16:06:14","2005-08-23 20:47:28",3
579,2,344,47,"Daryl Larue","Iraq","Mosul",111.73,27,"2005-06-18 17:37:45","2006-02-14 15:16:03",4
113,2,132,104,"Cindy Fisher","Venezuela","Cuman",111.73,27,"2005-06-17 16:46:11","2005-08-23 13:18:16",3
173,1,186,9,"Audrey Ray","Austria","Graz",111.73,27,"2005-06-15 01:04:07","2005-08-23 21:10:24",3
592,1,512,43,"Terrance Roush","Hungary","Szkesfehrvr",111.71,29,"2005-06-14 23:12:46","2006-02-14 15:16:03",4
186,2,195,44,"Holly Fox","India","Haldia",111.71,29,"2005-06-15 01:18:39","2006-02-14 15:16:03",4
42,2,394,94,"Carolyn Perez","Thailand","Pak Kret",111.71,29,"2005-06-16 00:49:32","2006-02-14 15:16:03",4
531,2,287,50,"Jamie Waugh","Japan","Kuwana",110.77,23,"2005-06-20 07:57:54","2005-08-22 21:36:51",3
495,2,47,23,"Charlie Bess","China","Baiyin",110.76,24,"2005-06-17 16:40:03","2006-02-14 15:16:03",4
258,1,460,27,"Myrtle Fleming","Dominican Republic","Santiago de los Caballeros",110.76,24,"2005-06-16 16:38:10","2005-08-22 04:31:37",3
515,1,127,22,"Andre Rapp","Chile","Coquimbo",110.74,26,"2005-06-15 05:08:40","2005-08-22 18:55:52",3
154,2,590,23,"Michele Grant","China","Yuncheng",110.73,27,"2005-06-17 09:09:31","2005-08-23 11:16:16",3
213,1,518,107,"Gina Williamson","Yemen","Taizz",110.73,27,"2005-06-15 21:41:38","2006-02-14 15:16:03",4
559,2,79,29,"Everett Banda","Egypt","Bilbays",110.72,28,"2005-06-19 04:34:15","2005-08-23 16:33:33",3
90,2,332,23,"Ruby Washington","China","Meixian",110.72,28,"2005-06-17 13:24:43","2005-08-23 09:16:39",3
595,1,242,23,"Terrence Gunderson","China","Jinzhou",110.71,29,"2005-06-14 23:47:35","2005-08-23 21:26:35",3
241,2,578,23,"Heidi Larson","China","Xiangfan",110.68,32,"2005-06-18 17:47:34","2005-08-23 13:14:15",3
536,2,539,86,"Fernando Churchill","South Korea","Tonghae",109.77,23,"2005-06-16 04:31:57","2005-08-23 20:08:26",3
170,1,550,44,"Beatrice Arnold","India","Udaipur",109.77,23,"2005-06-17 20:24:00","2005-08-23 04:27:06",3
575,2,131,60,"Isaac Oglesby","Mexico","Cuernavaca",109.76,24,"2005-06-15 21:54:20","2005-08-23 15:59:51",3
220,2,593,93,"Charlene Alvarez","Tanzania","Zanzibar",109.75,25,"2005-06-16 22:35:20","2005-08-23 10:32:52",3
447,1,352,80,"Clifford Bowens","Russian Federation","Nabereznyje Telny",109.73,27,"2005-06-15 04:04:09","2005-08-23 21:59:57",3
376,1,285,80,"Randy Gaither","Russian Federation","Kurgan",109.73,27,"2005-06-15 02:30:03","2005-08-22 22:30:50",3
538,2,46,23,"Ted Breaux","China","Baicheng",109.73,27,"2005-06-15 10:21:45","2005-08-22 21:01:25",3
386,1,258,100,"Todd Tan","Ukraine","Kamjanets-Podilskyi",109.72,28,"2005-06-16 04:51:13","2005-08-23 19:06:04",3
481,1,347,93,"Herman Devore","Tanzania","Mwanza",109.72,28,"2005-06-14 23:35:09","2005-08-21 17:15:33",3
446,2,554,44,"Theodore Culp","India","Uluberia",109.72,28,"2005-06-18 04:59:48","2005-08-23 19:10:32",3
424,2,468,23,"Kyle Spurlock","China","Shanwei",109.71,29,"2005-06-20 12:38:49","2006-02-14 15:16:03",4
284,1,69,69,"Sonia Gregory","Nigeria","Benin City",108.78,22,"2005-07-06 03:33:23","2006-02-14 15:16:03",3
594,1,241,23,"Eduardo Hiatt","China","Jining",108.77,23,"2005-06-16 00:52:51","2005-08-22 07:54:47",3
590,2,14,11,"Seth Hannon","Bahrain","al-Manama",108.76,24,"2005-06-15 20:00:11","2006-02-14 15:16:03",4
277,2,374,69,"Olga Jimenez","Nigeria","Ogbomosho",108.76,24,"2005-07-06 11:55:35","2005-08-22 21:05:50",2
334,2,505,10,"Raymond Mcwhorter","Azerbaijan","Sumqayit",108.75,25,"2005-07-06 08:11:48","2006-02-14 15:16:03",3
518,1,482,97,"Gabriel Harder","Turkey","Sivas",108.75,25,"2005-06-16 02:01:37","2005-08-23 00:28:16",3
574,2,10,50,"Julian Vest","Japan","Akishima",108.73,27,"2005-06-16 02:35:03","2005-08-22 16:53:29",3
239,2,118,45,"Minnie Romero","Indonesia","Ciomas",108.72,28,"2005-06-14 23:00:34","2005-08-20 22:34:34",3
167,2,107,44,"Sally Pierce","India","Chandrapur",108.71,29,"2005-06-15 17:44:57","2005-08-23 17:52:01",3
293,2,146,87,"Mae Fletcher","Spain","Donostia-San Sebastin",107.79,21,"2005-07-06 19:35:55","2005-08-23 09:18:52",2
571,2,409,76,"Johnnie Chisholm","Poland","Plock",107.78,22,"2005-06-15 06:11:16","2005-08-23 15:35:59",3
427,2,189,15,"Jesus Mccartney","Brazil","Guaruj",107.77,23,"2005-06-15 12:26:21","2005-08-22 20:35:30",3
16,2,495,102,"Sandra Martin","United Kingdom","Southend-on-Sea",107.76,24,"2005-06-17 07:04:57","2005-08-21 14:45:34",3
332,1,143,12,"Stephen Qualls","Bangladesh","Dhaka",107.74,26,"2005-07-07 06:20:52","2005-08-22 16:37:36",2
145,1,491,85,"Lucille Holmes","South Africa","Soshanguve",107.73,27,"2005-06-18 06:29:52","2005-08-21 10:15:20",3
588,1,574,23,"Marion Ocampo","China","Weifang",107.73,27,"2005-06-17 03:35:59","2005-08-22 16:37:32",3
441,1,59,2,"Mario Cheatham","Algeria","Batna",107.73,27,"2005-06-16 06:12:40","2006-02-14 15:16:03",4
157,2,420,70,"Darlene Rose","North Korea","Pyongyang",107.71,29,"2005-06-18 11:30:56","2005-08-22 07:04:25",3
254,2,413,15,"Maxine Silva","Brazil","Poos de Caldas",107.70,30,"2005-06-15 08:33:06","2005-08-23 13:25:08",3
418,2,450,27,"Jeff East","Dominican Republic","San Felipe de Puerto Plata",107.70,30,"2005-06-19 20:32:19","2005-08-23 19:21:22",3
91,2,53,16,"Lois Butler","Brunei","Bandar Seri Begawan",107.66,34,"2005-06-15 09:34:50","2006-02-14 15:16:03",4
477,1,500,102,"Dan Paine","United Kingdom","Stockport",106.79,21,"2005-06-16 14:29:59","2005-08-23 18:23:30",3
240,1,226,50,"Marlene Welch","Japan","Iwaki",106.77,23,"2005-06-18 01:47:07","2005-08-23 08:06:49",3
343,1,335,60,"Douglas Graf","Mexico","Mexicali",106.77,23,"2005-06-16 01:42:24","2005-08-23 20:04:41",3
155,1,72,91,"Gail Knight","Switzerland","Bern",106.76,24,"2005-06-15 23:55:27","2006-02-14 15:16:03",4
234,1,233,53,"Claudia Fuller","Kuwait","Jalib al-Shuyukh",106.75,25,"2005-06-15 05:09:01","2006-02-14 15:16:03",4
116,1,403,45,"Victoria Gibson","Indonesia","Pemalang",106.74,26,"2005-06-15 11:36:01","2005-08-22 04:44:09",3
471,1,244,85,"Dean Sauer","South Africa","Johannesburg",106.74,26,"2005-06-15 19:13:51","2005-08-23 08:34:53",3
23,2,303,54,"Sarah Lewis","Latvia","Liepaja",106.73,27,"2005-06-19 16:44:35","2006-02-14 15:16:03",4
457,2,435,103,"Bill Gavin","United States","Rockford",106.73,27,"2005-06-15 19:36:39","2006-02-14 15:16:03",4
160,2,310,80,"Erin Dunn","Russian Federation","Ljubertsy",106.73,27,"2005-06-18 09:03:19","2005-08-23 21:49:33",3
52,1,1,87,"Julie Sanchez","Spain","A Corua (La Corua)",106.72,28,"2005-06-15 01:38:31","2006-02-14 15:16:03",4
138,1,207,23,"Hazel Warren","China","Hohhot",106.68,32,"2005-06-15 10:26:23","2005-08-23 02:39:56",3
490,1,487,24,"Sam Mcduffie","Colombia","Sogamoso",105.78,22,"2005-06-16 10:16:02","2005-08-23 00:55:24",3
127,2,484,80,"Elaine Stevens","Russian Federation","Smolensk",105.78,22,"2005-06-15 09:06:24","2005-08-23 11:40:30",3
331,1,457,6,"Eric Robert","Argentina","Santa F",105.78,22,"2005-07-06 00:19:32","2005-08-23 03:30:51",2
294,2,140,103,"Shelly Watts","United States","Dayton",105.77,23,"2005-07-06 09:19:30","2005-08-23 15:34:46",2
193,2,271,52,"Katie Elliott","Kenya","Kisumu",105.77,23,"2005-06-15 11:03:24","2006-02-14 15:16:03",4
58,1,282,59,"Jean Bell","Malaysia","Kuching",105.76,24,"2005-06-18 01:33:09","2006-02-14 15:16:03",4
400,2,135,103,"Bryan Hardison","United States","Dallas",105.76,24,"2005-06-15 14:05:32","2005-08-23 20:23:08",3
40,2,353,62,"Amanda Carter","Morocco","Nador",105.74,26,"2005-06-18 20:28:31","2005-08-22 16:06:49",3
396,1,228,50,"Earl Shanks","Japan","Iwatsuki",105.74,26,"2005-06-15 14:31:05","2005-08-22 16:15:33",3
96,1,41,103,"Diana Alexander","United States","Augusta-Richmond County",105.73,27,"2005-06-15 07:11:39","2005-08-23 20:24:36",3
444,2,530,30,"Marcus Hidalgo","Estonia","Tartu",105.72,28,"2005-06-15 04:53:01","2005-08-23 14:55:47",3
28,1,346,44,"Cynthia Young","India","Munger (Monghyr)",105.70,30,"2005-06-15 04:58:07","2006-02-14 15:16:03",4
345,1,453,73,"Carl Artis","Paraguay","San Lorenzo",104.79,21,"2005-06-15 02:57:51","2005-08-23 04:28:25",3
493,1,504,97,"Brent Harkins","Turkey","Sultanbeyli",104.78,22,"2005-06-17 19:41:42","2006-02-14 15:16:03",4
289,1,279,42,"Violet Rodriquez","Hong Kong","Kowloon and New Kowloon",104.76,24,"2005-07-06 04:29:13","2005-08-22 05:03:59",2
171,2,223,59,"Dolores Wagner","Malaysia","Ipoh",104.75,25,"2005-06-16 11:06:09","2005-08-23 14:43:15",3
121,1,164,44,"Josephine Gomez","India","Etawah",104.75,25,"2005-06-16 08:16:05","2005-08-23 22:20:26",3
31,2,257,44,"Brenda Wright","India","Kamarhati",104.74,26,"2005-06-16 10:05:40","2005-08-23 14:58:06",3
407,1,437,85,"Dale Ratcliff","South Africa","Rustenburg",104.74,26,"2005-06-16 13:04:42","2005-08-22 20:44:35",3
25,1,472,72,"Deborah Walker","Pakistan","Shikarpur",104.73,27,"2005-06-15 12:17:34","2005-08-23 20:00:30",3
397,1,39,80,"Jimmy Schrader","Russian Federation","Atinsk",104.72,28,"2005-06-16 18:07:48","2005-08-22 11:17:37",3
442,1,540,23,"Leroy Bustamante","China","Tongliao",104.71,29,"2005-06-15 05:58:55","2005-08-22 16:35:25",3
341,1,151,67,"Peter Menard","Netherlands","Ede",103.78,22,"2005-06-15 23:57:20","2005-08-23 18:43:31",3
296,2,400,44,"Ramona Hale","India","Patiala",103.77,23,"2005-07-05 23:29:55","2006-02-14 15:16:03",3
280,2,389,69,"Tracey Barrett","Nigeria","Owo",103.77,23,"2005-07-08 07:48:12","2005-08-23 19:09:39",2
202,2,77,44,"Carla Gutierrez","India","Bhusawal",103.74,26,"2005-06-15 20:55:42","2005-08-23 13:22:56",3
214,1,508,103,"Kristin Johnston","United States","Sunnyvale",103.74,26,"2005-06-15 07:55:43","2006-02-14 15:16:03",4
245,1,553,86,"Courtney Day","South Korea","Uijongbu",103.74,26,"2005-06-15 15:02:03","2006-02-14 15:16:03",4
408,1,230,88,"Manuel Murrell","Sri Lanka","Jaffna",103.73,27,"2005-06-18 21:03:08","2005-08-23 13:06:19",3
20,2,327,72,"Sharon Robinson","Pakistan","Mardan",103.73,27,"2005-06-16 02:33:53","2005-08-23 01:10:42",3
292,2,470,101,"Misty Lambert","United Arab Emirates","Sharja",102.78,22,"2005-07-06 02:48:39","2005-08-22 12:38:20",2
553,1,368,108,"Max Pitt","Yugoslavia","Novi Sad",102.77,23,"2005-06-17 01:29:30","2005-08-23 02:48:24",3
510,2,259,80,"Ben Easter","Russian Federation","Kamyin",102.77,23,"2005-06-15 18:32:30","2005-08-22 10:46:44",3
98,1,12,101,"Lillian Griffin","United Arab Emirates","al-Ayn",102.76,24,"2005-06-15 13:53:32","2005-08-23 03:58:28",3
587,1,106,60,"Sergio Stanfield","Mexico","Celaya",102.76,24,"2005-06-15 11:29:17","2006-02-14 15:16:03",4
190,2,513,93,"Yolanda Weaver","Tanzania","Tabora",102.75,25,"2005-06-15 10:39:05","2006-02-14 15:16:03",4
126,1,410,15,"Ellen Simpson","Brazil","Po",102.75,25,"2005-06-21 21:01:57","2005-08-23 21:02:43",3
44,1,308,80,"Marie Turner","Russian Federation","Lipetsk",101.79,21,"2005-06-15 21:56:39","2006-02-14 15:16:03",4
466,1,145,23,"Leo Ebert","China","Dongying",101.78,22,"2005-06-16 20:59:35","2005-08-23 21:00:22",3
100,1,238,80,"Robin Hayes","Russian Federation","Jelets",101.77,23,"2005-06-15 03:23:48","2006-02-14 15:16:03",4
593,2,177,103,"Rene Mcalister","United States","Garden Grove",101.76,24,"2005-06-17 15:27:03","2005-08-21 19:35:59",3
182,1,126,103,"Renee Lane","United States","Compton",101.72,28,"2005-06-16 01:20:05","2005-08-22 09:49:32",3
405,1,524,6,"Leonard Schofield","Argentina","Tandil",101.70,30,"2005-06-15 10:23:08","2006-02-14 15:16:03",4
486,1,4,60,"Glen Talbert","Mexico","Acua",100.77,23,"2005-06-17 13:46:52","2005-08-21 06:44:37",3
572,1,133,76,"Sidney Burleson","Poland","Czestochowa",100.76,24,"2005-06-17 04:05:12","2005-08-20 08:59:38",3
517,2,116,92,"Brad Mccurdy","Taiwan","Chungho",100.76,24,"2005-06-16 09:34:45","2005-08-23 04:55:05",3
219,2,567,6,"Willie Howell","Argentina","Vicente Lpez",100.75,25,"2005-06-18 17:12:01","2006-02-14 15:16:03",4
251,2,198,38,"Vickie Brewer","Germany","Halle/Saale",100.75,25,"2005-06-18 04:22:06","2006-02-14 15:16:03",4
135,2,417,44,"Juanita Mason","India","Pune",100.72,28,"2005-06-15 07:42:58","2006-02-14 15:16:03",4
519,2,224,50,"Ron Deluca","Japan","Isesaki",99.78,22,"2005-06-17 07:42:45","2005-08-22 21:12:19",3
11,2,440,50,"Lisa Anderson","Japan","Sagamihara",99.77,23,"2005-06-15 20:53:07","2006-02-14 15:16:03",4
297,1,9,44,"Sherri Rhodes","India","Ahmadnagar",99.74,26,"2005-07-06 04:10:35","2005-08-23 10:43:00",2
57,2,560,55,"Evelyn Morgan","Liechtenstein","Vaduz",99.74,26,"2005-06-17 15:34:41","2005-08-23 16:24:24",3
563,2,95,78,"Ken Prewitt","Romania","Bucuresti",99.73,27,"2005-06-16 01:31:23","2005-08-23 15:45:42",3
503,1,552,50,"Angel Barclay","Japan","Ueda",99.72,28,"2005-06-17 19:35:26","2005-08-23 14:13:47",3
452,1,3,101,"Tom Milner","United Arab Emirates","Abu Dhabi",99.71,29,"2005-06-15 02:09:02","2006-02-14 15:16:03",4
381,2,493,5,"Bobby Boudreau","Anguilla","South Hill",99.68,32,"2005-06-15 16:31:08","2005-08-23 12:29:24",3
19,1,267,85,"Ruth Martinez","South Africa","Kimberley",98.82,18,"2005-06-19 10:42:59","2005-08-23 03:46:47",3
329,2,234,12,"Frank Waggoner","Bangladesh","Jamalpur",98.77,23,"2005-07-06 23:00:20","2005-08-22 19:54:31",2
175,1,18,44,"Annette Olson","India","Allappuzha (Alleppey)",98.76,24,"2005-06-15 21:54:31","2006-02-14 15:16:03",4
537,2,42,103,"Clinton Buford","United States","Aurora",98.76,24,"2005-06-15 19:10:07","2006-02-14 15:16:03",4
374,2,572,15,"Jeremy Hurtado","Brazil","Vitria de Santo Anto",98.75,25,"2005-06-16 01:43:33","2006-02-14 15:16:03",4
264,1,203,50,"Gwendolyn May","Japan","Higashiosaka",98.75,25,"2005-06-14 23:16:27","2006-02-14 15:16:03",4
425,2,452,60,"Francis Sikes","Mexico","San Juan Bautista Tuxtepec",98.75,25,"2005-06-21 05:35:52","2005-08-23 22:12:44",3
580,1,219,75,"Ross Grey","Philippines","Iligan",98.74,26,"2005-06-15 20:52:36","2005-08-23 18:54:32",3
65,2,105,35,"Rose Howard","French Guiana","Cayenne",97.80,20,"2005-06-18 00:08:20","2005-08-21 09:08:51",3
367,1,8,44,"Adam Gooch","India","Adoni",97.80,20,"2005-06-20 15:09:48","2005-08-21 13:41:14",3
460,1,170,24,"Leon Bostic","Colombia","Florencia",97.79,21,"2005-06-15 16:12:27","2005-08-23 19:14:07",3
475,2,385,100,"Pedro Chestnut","Ukraine","ostka",97.78,22,"2005-07-06 23:11:11","2005-08-22 19:23:58",2
562,1,488,69,"Wallace Slone","Nigeria","Sokoto",97.78,22,"2005-06-17 11:24:57","2005-08-23 17:16:30",3
409,2,141,69,"Rodney Moeller","Nigeria","Deba Habe",97.78,22,"2005-06-15 03:46:10","2005-08-21 20:49:21",3
192,1,169,44,"Laurie Lawrence","India","Firozabad",97.78,22,"2005-06-19 17:16:33","2006-02-14 15:16:03",4
123,2,566,44,"Shannon Freeman","India","Varanasi (Benares)",97.77,23,"2005-06-15 21:42:17","2005-08-23 13:51:57",3
256,2,342,64,"Mabel Holland","Myanmar","Monywa",97.75,25,"2005-06-16 02:17:07","2005-08-23 16:18:12",3
581,1,246,60,"Virgil Wofford","Mexico","Jos Azueta",97.75,25,"2005-06-17 08:52:01","2005-08-23 14:05:37",3
269,1,446,103,"Cassandra Walters","United States","Salinas",96.79,21,"2005-07-07 07:20:29","2006-02-14 15:16:03",3
379,1,73,44,"Carlos Coughlin","India","Bhavnagar",96.79,21,"2005-06-15 15:20:06","2005-08-23 18:26:51",3
268,1,395,44,"Nina Soto","India","Palghat (Palakkad)",96.79,21,"2005-07-06 08:56:43","2005-08-22 15:49:54",2
352,1,52,19,"Albert Crouse","Cameroon","Bamenda",96.78,22,"2005-06-15 21:58:00","2006-02-14 15:16:03",4
83,1,497,85,"Louise Jenkins","South Africa","Springs",96.78,22,"2005-06-15 13:13:49","2006-02-14 15:16:03",4
414,1,19,60,"Vincent Ralston","Mexico","Allende",96.77,23,"2005-06-18 04:54:29","2005-08-23 01:59:14",3
14,2,120,103,"Betty White","United States","Citrus Heights",96.77,23,"2005-06-15 13:32:15","2006-02-14 15:16:03",4
317,2,545,32,"Edward Baugh","Faroe Islands","Trshavn",96.76,24,"2005-07-07 08:17:13","2006-02-14 15:16:03",3
286,1,152,69,"Velma Lucas","Nigeria","Effon-Alaiye",96.76,24,"2005-07-06 04:38:50","2005-08-23 07:28:22",2
445,1,161,6,"Micheal Forman","Argentina","Escobar",96.76,24,"2005-07-07 03:03:33","2005-08-23 17:36:00",2
500,1,318,45,"Reginald Kinder","Indonesia","Madiun",96.75,25,"2005-06-15 14:54:56","2005-08-23 15:54:20",3
422,1,293,23,"Melvin Ellington","China","Laohekou",96.75,25,"2005-06-17 00:02:44","2006-02-14 15:16:03",4
74,1,431,15,"Denise Kelly","Brazil","Rio Claro",96.74,26,"2005-06-18 22:56:26","2005-08-23 22:26:47",3
554,1,426,44,"Dwayne Olvera","India","Rajkot",95.80,20,"2005-06-17 08:54:10","2005-08-23 09:53:30",3
106,1,225,80,"Connie Wallace","Russian Federation","Ivanovo",95.79,21,"2005-06-18 07:56:18","2005-08-22 14:27:37",3
578,2,103,60,"Willard Lumpkin","Mexico","Carmen",95.79,21,"2005-06-16 21:53:52","2005-08-23 08:34:10",3
541,2,309,49,"Darren Windham","Italy","Livorno",95.78,22,"2005-06-17 10:34:59","2005-08-23 18:08:59",3
488,2,288,60,"Shane Millard","Mexico","La Paz",95.78,22,"2005-06-16 09:51:39","2005-08-23 02:37:19",3
180,2,405,24,"Stacy Cunningham","Colombia","Pereira",95.78,22,"2005-06-19 13:31:52","2006-02-14 15:16:03",4
324,2,591,23,"Gary Coy","China","Yuzhou",95.78,22,"2005-07-06 21:42:21","2006-02-14 15:16:03",3
339,2,581,23,"Walter Perryman","China","Xinxiang",95.76,24,"2005-07-06 01:36:11","2005-08-21 23:24:52",2
199,2,194,105,"Beth Franklin","Vietnam","Haiphong",95.76,24,"2005-06-15 16:44:00","2006-02-14 15:16:03",4
456,2,600,83,"Ronnie Ricketts","Senegal","Ziguinchor",95.76,24,"2005-06-15 08:41:52","2005-08-23 17:43:16",3
132,2,87,85,"Esther Crawford","South Africa","Botshabelo",95.72,28,"2005-06-16 23:53:42","2005-08-23 16:30:55",3
22,1,443,62,"Laura Rodriguez","Morocco","Sal",94.81,19,"2005-06-21 17:18:01","2006-02-14 15:16:03",4
150,2,202,60,"Danielle Daniels","Mexico","Hidalgo",94.78,22,"2005-06-20 23:06:07","2005-08-21 19:47:55",3
68,1,475,44,"Nicole Peterson","India","Shivapuri",94.78,22,"2005-06-16 22:04:34","2005-08-23 03:36:26",3
276,1,573,103,"Brandy Graves","United States","Warren",94.77,23,"2005-07-06 10:51:28","2005-08-23 18:08:19",2
153,2,232,45,"Suzanne Nichols","Indonesia","Jakarta",94.76,24,"2005-06-18 03:33:58","2005-08-23 06:15:09",3
161,1,533,48,"Geraldine Perkins","Israel","Tel Aviv-Jaffa",94.76,24,"2005-06-17 01:02:00","2005-08-22 23:55:51",3
10,1,162,46,"Dorothy Taylor","Iran","Esfahan",94.76,24,"2005-06-16 20:21:53","2005-08-22 21:59:29",3
111,1,102,104,"Carmen Owens","Venezuela","Caracas",94.75,25,"2005-06-16 05:14:52","2006-02-14 15:16:03",4
321,1,81,66,"Kevin Schuler","Nepal","Birgunj",93.83,17,"2005-07-06 19:24:55","2005-08-23 16:56:14",2
528,1,67,4,"Claude Herzog","Angola","Benguela",93.80,20,"2005-06-17 02:45:10","2005-08-23 16:43:54",3
432,1,364,85,"Edwin Burk","South Africa","Newcastle",93.80,20,"2005-06-15 00:39:01","2005-08-23 10:56:15",3
443,2,486,15,"Francisco Skidmore","Brazil","So Leopoldo",93.79,21,"2005-06-20 00:27:49","2005-08-23 03:23:32",3
319,2,451,60,"Ronald Weiner","Mexico","San Felipe del Progreso",93.79,21,"2005-07-07 07:06:03","2005-08-22 23:07:57",2
105,1,173,99,"Dawn Sullivan","Tuvalu","Funafuti",93.78,22,"2005-06-16 19:49:18","2005-08-23 14:27:07",3
336,1,427,44,"Joshua Mark","India","Rampur",93.78,22,"2005-07-07 17:55:53","2006-02-14 15:16:03",3
385,1,521,50,"Phillip Holm","Japan","Tama",93.76,24,"2005-06-16 16:41:19","2005-08-23 02:06:01",3
383,1,360,4,"Martin Bales","Angola","Namibe",93.75,25,"2005-06-16 22:22:17","2005-08-23 16:44:25",3
229,1,26,15,"Tamara Nguyen","Brazil","Anpolis",93.75,25,"2005-06-18 01:59:16","2006-02-14 15:16:03",4
377,1,265,46,"Howard Fortner","Iran","Kermanshah",93.74,26,"2005-06-19 03:07:32","2005-08-23 20:44:10",3
12,1,582,44,"Nancy Thomas","India","Yamuna Nagar",93.74,26,"2005-06-16 17:02:55","2005-08-23 20:28:44",3
47,1,247,15,"Frances Parker","Brazil","Juazeiro do Norte",92.81,19,"2005-06-17 03:17:21","2005-08-23 15:39:18",3
544,2,485,15,"Cody Nolen","Brazil","So Bernardo do Campo",92.80,20,"2005-06-15 05:33:52","2005-08-23 06:48:47",3
307,2,25,15,"Joseph Joy","Brazil","Angra dos Reis",92.80,20,"2005-07-06 22:13:45","2005-08-23 03:03:53",2
365,2,377,50,"Bruce Schwarz","Japan","Okinawa",92.79,21,"2005-06-15 09:55:57","2005-08-21 12:51:49",3
81,1,319,57,"Andrea Henderson","Madagascar","Mahajanga",92.79,21,"2005-06-19 14:26:09","2005-08-23 16:45:28",3
511,1,502,23,"Chester Benner","China","Suihua",92.78,22,"2005-06-15 08:21:39","2005-08-22 15:25:33",3
431,2,501,14,"Joel Francisco","Bolivia","Sucre",92.78,22,"2005-06-16 02:41:30","2006-02-14 15:16:03",4
516,2,60,18,"Elmer Noe","Cambodia","Battambang",92.76,24,"2005-06-14 22:55:13","2006-02-14 15:16:03",4
188,1,62,75,"Melanie Armstrong","Philippines","Bayugan",92.75,25,"2005-06-16 00:31:40","2006-02-14 15:16:03",4
275,2,404,103,"Carole Barnett","United States","Peoria",92.75,25,"2005-07-07 21:14:19","2005-08-23 02:30:23",2
474,2,158,67,"Dustin Gillette","Netherlands","Emmen",92.75,25,"2005-06-16 17:39:39","2006-02-14 15:16:03",4
505,1,519,75,"Rafael Abney","Philippines","Talavera",91.81,19,"2005-06-16 20:17:20","2006-02-14 15:16:03",4
489,1,376,50,"Ricardo Meador","Japan","Okayama",91.81,19,"2005-06-16 06:58:02","2005-08-23 20:12:17",3
212,2,65,103,"Wilma Richards","United States","Bellevue",91.80,20,"2005-06-15 13:17:01","2005-08-23 18:05:10",3
37,1,362,23,"Pamela Baker","China","Nanyang",91.79,21,"2005-06-16 04:44:23","2005-08-23 22:08:04",3
201,1,575,38,"Vicki Fields","Germany","Witten",91.78,22,"2005-06-17 14:40:58","2005-08-23 20:06:04",3
417,1,16,82,"Travis Estep","Saudi Arabia","al-Qatif",91.78,22,"2005-06-17 06:04:16","2006-02-14 15:16:03",4
392,2,6,31,"Sean Douglass","Ethiopia","Addis Abeba",91.77,23,"2005-06-16 00:38:07","2005-08-21 11:51:10",3
323,2,130,60,"Matthew Mahan","Mexico","Cuautla",91.75,25,"2005-07-06 10:16:45","2005-08-23 11:30:32",2
570,2,341,60,"Ivan Cromwell","Mexico","Monclova",91.75,25,"2005-06-15 06:37:55","2006-02-14 15:16:03",4
64,2,139,23,"Judith Cox","China","Daxian",91.70,30,"2005-06-15 11:51:30","2006-02-14 15:16:03",4
216,1,28,15,"Natalie Meyer","Brazil","Aparecida de Goinia",90.78,22,"2005-06-15 20:32:08","2006-02-14 15:16:03",4
261,1,548,75,"Deanna Byrd","Philippines","Tuguegarao",90.78,22,"2005-06-16 17:48:37","2005-08-22 23:08:46",3
99,2,268,86,"Emily Diaz","South Korea","Kimchon",90.77,23,"2005-06-17 01:13:11","2006-02-14 15:16:03",4
546,1,462,23,"Kelly Knott","China","Sanya",90.77,23,"2005-06-15 00:42:17","2005-08-23 05:13:09",3
36,2,31,46,"Kathleen Adams","Iran","Arak",90.75,25,"2005-06-19 16:05:41","2005-08-23 08:42:40",3
461,1,182,75,"Derek Blakely","Philippines","Gingoog",90.73,27,"2005-06-20 18:39:43","2005-08-23 07:03:19",3
552,2,193,23,"Hugh Waldrop","China","Haining",89.80,20,"2005-06-18 09:24:50","2005-08-23 10:21:21",3
333,2,48,10,"Andrew Purdy","Azerbaijan","Baku",89.78,22,"2005-07-09 02:39:47","2005-08-22 19:59:42",2
43,2,167,36,"Christine Roberts","French Polynesia","Faaa",89.78,22,"2005-06-16 01:28:22","2006-02-14 15:16:03",4
73,2,114,92,"Beverly Brooks","Taiwan","Chiayi",89.78,22,"2005-06-16 10:20:20","2006-02-14 15:16:03",4
364,1,188,60,"Benjamin Varney","Mexico","Guadalajara",89.78,22,"2005-06-16 15:12:52","2005-08-22 17:48:10",3
235,1,96,24,"Jackie Lynch","Colombia","Buenaventura",89.77,23,"2005-06-15 21:50:32","2005-08-22 09:33:08",3
69,2,63,2,"Judy Gray","Algeria","Bchar",89.77,23,"2005-06-16 01:57:15","2006-02-14 15:16:03",4
507,2,163,97,"Edgar Rhoads","Turkey","Eskisehir",89.77,23,"2005-06-15 10:06:15","2005-08-22 23:04:21",3
156,1,381,69,"Bertha Ferguson","Nigeria","Ondo",89.77,23,"2005-06-17 17:45:09","2005-08-22 23:26:32",3
233,2,216,29,"Lillie Kim","Egypt","Idfu",89.77,23,"2005-06-17 10:58:53","2005-08-23 15:03:58",3
34,2,284,50,"Rebecca Scott","Japan","Kurashiki",89.76,24,"2005-06-17 04:29:58","2005-08-21 20:54:32",3
463,2,196,20,"Darrell Power","Canada","Halifax",89.76,24,"2005-06-15 08:27:33","2005-08-22 14:23:11",3
361,2,585,19,"Lawrence Lawton","Cameroon","Yaound",89.71,29,"2005-06-18 12:53:25","2006-02-14 15:16:03",4
249,2,535,23,"Dora Medina","China","Tianjin",88.81,19,"2005-06-15 02:21:46","2005-08-22 14:33:50",3
247,1,124,60,"Stella Moreno","Mexico","Coacalco de Berriozbal",88.81,19,"2005-06-18 07:23:17","2005-08-23 13:45:44",3
375,2,348,25,"Aaron Selby","Congo, The Democratic Republic of the","Mwene-Ditu",88.80,20,"2005-06-15 16:38:53","2005-08-23 02:46:13",3
33,2,17,49,"Anna Hill","Italy","Alessandria",88.80,20,"2005-06-15 09:46:33","2006-02-14 15:16:03",4
60,1,231,44,"Mildred Bailey","India","Jaipur",88.78,22,"2005-06-15 21:18:16","2006-02-14 15:16:03",4
415,1,23,67,"Glenn Pullen","Netherlands","Amersfoort",88.78,22,"2005-06-17 02:01:37","2005-08-23 19:27:04",3
231,1,559,44,"Georgia Jacobs","India","Uttarpara-Kotrung",88.77,23,"2005-06-18 17:32:08","2005-08-22 22:51:13",3
53,1,355,50,"Heather Morris","Japan","Nagareyama",88.76,24,"2005-06-17 09:10:09","2006-02-14 15:16:03",4
133,1,541,60,"Pauline Henry","Mexico","Torren",88.75,25,"2005-06-16 00:17:39","2005-08-23 21:07:59",3
72,2,517,75,"Theresa Watson","Philippines","Taguig",88.73,27,"2005-06-18 07:46:34","2005-08-22 13:57:55",3
17,1,156,80,"Donna Thompson","Russian Federation","Elista",87.82,18,"2005-06-18 00:17:58","2005-08-23 12:41:38",3
203,1,184,45,"Tara Ryan","Indonesia","Gorontalo",87.81,19,"2005-06-15 03:24:14","2005-08-23 20:27:34",3
547,1,260,50,"Kurt Emmons","Japan","Kanazawa",87.80,20,"2005-06-17 12:44:39","2005-08-22 03:57:08",3
305,1,33,103,"Richard Mccrary","United States","Arlington",87.80,20,"2005-07-07 14:22:45","2005-08-23 06:59:07",2
523,1,571,105,"Harvey Guajardo","Vietnam","Vinh",87.80,20,"2005-06-16 15:29:47","2005-08-22 09:41:09",3
476,1,179,20,"Derrick Bourque","Canada","Gatineau",87.80,20,"2005-06-16 11:54:25","2006-02-14 15:16:03",4
226,2,37,73,"Maureen Little","Paraguay","Asuncin",87.79,21,"2005-06-21 16:58:50","2005-08-23 22:06:15",3
189,1,383,20,"Loretta Carpenter","Canada","Oshawa",87.79,21,"2005-06-16 01:15:59","2005-08-23 21:04:51",3
130,1,190,15,"Charlotte Hunter","Brazil","guas Lindas de Gois",87.78,22,"2005-06-16 07:55:01","2005-08-23 13:29:08",3
351,1,597,80,"Jack Foust","Russian Federation","Zeleznogorsk",87.77,23,"2005-06-16 20:04:50","2005-08-23 13:01:43",3
597,1,503,74,"Freddie Duggan","Peru","Sullana",87.77,23,"2005-06-18 14:59:39","2006-02-14 15:16:03",4
509,1,110,44,"Raul Fortier","India","Chapra",86.82,18,"2005-06-15 07:21:21","2005-08-23 19:46:39",3
478,1,36,48,"Lewis Lyman","Israel","Ashqelon",86.81,19,"2005-06-16 14:08:44","2005-08-23 11:22:09",3
238,1,473,44,"Nellie Garrett","India","Shimoga",86.81,19,"2005-06-15 01:58:50","2005-08-23 01:05:00",3
501,1,314,76,"Ruben Geary","Poland","Lublin",86.81,19,"2005-06-21 01:50:29","2005-08-23 10:20:35",3
195,1,477,38,"Vanessa Sims","Germany","Siegen",86.81,19,"2005-07-07 13:01:35","2005-08-23 22:19:33",2
169,2,407,23,"Erica Matthews","China","Pingxiang",86.80,20,"2005-06-17 12:52:58","2005-08-23 09:33:22",3
67,1,579,23,"Kelly Torres","China","Xiangtan",86.80,20,"2005-06-17 15:57:56","2005-08-22 11:19:22",3
217,2,448,44,"Agnes Bishop","India","Sambhal",86.79,21,"2005-06-15 10:55:09","2005-08-22 19:02:48",3
101,1,2,82,"Peggy Myers","Saudi Arabia","Abha",86.77,23,"2005-07-09 00:02:46","2006-02-14 15:16:03",3
232,2,596,69,"Constance Reid","Nigeria","Zaria",86.77,23,"2005-06-16 07:14:13","2005-08-23 04:33:39",3
419,1,264,44,"Chad Carbone","India","Katihar",86.76,24,"2005-06-19 18:52:37","2005-08-23 13:33:46",3
228,2,406,18,"Allison Stanley","Cambodia","Phnom Penh",86.75,25,"2005-06-18 06:59:51","2006-02-14 15:16:03",4
208,1,51,44,"Lucy Wheeler","India","Balurghat",86.75,25,"2005-06-16 20:36:00","2006-02-14 15:16:03",4
561,2,178,103,"Ian Still","United States","Garland",86.75,25,"2005-06-15 01:24:20","2006-02-14 15:16:03",4
115,1,365,60,"Wendy Harrison","Mexico","Nezahualcyotl",86.73,27,"2005-06-15 13:37:38","2006-02-14 15:16:03",4
567,2,466,80,"Alfredo Mcadams","Russian Federation","Serpuhov",85.80,20,"2005-06-19 12:58:53","2005-08-23 06:18:43",3
437,2,290,27,"Randall Neumann","Dominican Republic","La Romana",85.80,20,"2005-06-18 04:23:54","2005-08-22 07:52:18",3
455,2,153,14,"Jon Wiles","Bolivia","El Alto",85.78,22,"2005-06-15 15:18:08","2005-08-23 02:25:09",3
382,2,322,103,"Victor Barkley","United States","Manchester",85.78,22,"2005-06-18 15:27:47","2005-08-23 18:44:21",3
359,2,20,6,"Willie Markham","Argentina","Almirante Brown",85.78,22,"2005-06-15 11:25:06","2006-02-14 15:16:03",4
8,2,200,68,"Susan Wilson","New Zealand","Hamilton",85.77,23,"2005-06-15 09:59:16","2005-08-23 14:31:19",3
24,2,128,6,"Kimberly Lee","Argentina","Crdoba",85.77,23,"2005-06-16 14:39:31","2005-08-22 21:28:59",3
77,2,30,15,"Jane Bennett","Brazil","Araatuba",85.77,23,"2005-06-16 14:11:24","2005-08-22 21:34:00",3
450,1,509,45,"Jay Robb","Indonesia","Surakarta",85.75,25,"2005-06-16 08:33:39","2006-02-14 15:16:03",4
542,2,396,45,"Lonnie Tirado","Indonesia","Pangkal Pinang",84.84,16,"2005-06-19 07:16:20","2005-08-22 07:20:55",3
545,2,275,100,"Julio Noland","Ukraine","Konotop",84.81,19,"2005-06-17 20:48:30","2005-08-23 20:41:09",3
55,2,49,80,"Doris Reed","Russian Federation","Balaiha",84.81,19,"2005-06-16 21:53:05","2005-08-22 19:37:20",3
539,1,561,104,"Mathew Bolin","Venezuela","Valencia",84.80,20,"2005-06-15 08:25:33","2005-08-22 21:24:19",3
88,2,113,86,"Bonnie Hughes","South Korea","Cheju",84.80,20,"2005-06-15 18:30:00","2005-08-23 17:13:01",3
299,2,205,50,"James Gannon","Japan","Hiroshima",84.79,21,"2005-07-06 00:00:03","2005-08-22 04:26:34",2
6,2,295,103,"Jennifer Davis","United States","Laredo",84.75,25,"2005-06-16 03:41:38","2005-08-23 06:41:32",3
140,1,123,103,"Eva Ramos","United States","Clarksville",83.82,18,"2005-06-16 04:51:18","2005-08-23 15:47:02",3
480,1,180,97,"Corey Hauser","Turkey","Gaziantep",83.81,19,"2005-06-15 13:13:36","2005-08-23 05:38:41",3
143,1,266,97,"Leslie Gordon","Turkey","Kilis",83.80,20,"2005-06-17 04:28:11","2005-08-23 21:54:02",3
440,1,144,44,"Bernard Colby","India","Dhule (Dhulia)",83.79,21,"2005-07-07 16:37:23","2006-02-14 15:16:03",3
598,1,296,91,"Wade Delvalle","Switzerland","Lausanne",83.78,22,"2005-06-20 10:10:29","2005-08-23 00:44:15",3
340,1,201,105,"Patrick Newsom","Vietnam","Hanoi",83.77,23,"2005-07-08 00:27:30","2005-08-22 22:25:17",2
496,2,432,23,"Tyler Wren","China","Rizhao",82.81,19,"2005-06-19 04:04:46","2006-02-14 15:16:03",4
564,2,580,23,"Bob Pfeiffer","China","Xintai",82.78,22,"2005-06-16 13:59:42","2005-08-22 10:22:00",3
498,1,444,71,"Gene Sanborn","Oman","Salala",82.76,24,"2005-06-15 06:06:33","2005-08-19 03:46:43",3
483,2,142,97,"Vernon Chapa","Turkey","Denizli",81.83,17,"2005-06-19 23:11:49","2005-08-19 03:10:21",3
524,1,419,45,"Jared Ely","Indonesia","Purwakarta",81.83,17,"2005-06-15 09:59:24","2005-08-22 16:33:39",3
308,1,262,103,"Thomas Grigsby","United States","Kansas City",81.81,19,"2005-07-07 00:08:18","2005-08-23 15:03:13",2
174,2,373,104,"Yvonne Watkins","Venezuela","Ocumare del Tuy",81.81,19,"2005-06-16 03:13:20","2005-08-23 20:06:23",3
322,1,45,6,"Jason Morrissey","Argentina","Baha Blanca",81.81,19,"2005-07-05 23:05:44","2005-08-23 10:23:48",2
312,2,515,82,"Mark Rinehart","Saudi Arabia","Tabuk",81.80,20,"2005-07-06 13:04:35","2005-08-23 16:44:31",2
165,2,199,23,"Lorraine Stephens","China","Hami",81.80,20,"2005-06-17 12:03:01","2005-08-23 15:23:50",3
4,2,349,64,"Barbara Jones","Myanmar","Myingyan",81.78,22,"2005-06-15 09:31:28","2005-08-23 07:43:00",3
534,1,24,44,"Christian Jung","India","Amroha",81.78,22,"2005-06-16 06:36:33","2006-02-14 15:16:03",4
215,2,498,17,"Jessie Banks","Bulgaria","Stara Zagora",81.76,24,"2005-06-15 14:59:06","2006-02-14 15:16:03",4
527,1,339,13,"Cory Meehan","Belarus","Mogiljov",81.76,24,"2005-06-15 16:28:42","2006-02-14 15:16:03",4
151,2,291,23,"Megan Palmer","China","Laiwu",81.75,25,"2005-06-18 20:51:34","2005-08-23 20:31:38",3
311,2,286,80,"Paul Trout","Russian Federation","Kursk",80.85,15,"2005-07-08 18:09:08","2005-08-23 21:34:33",2
449,2,481,46,"Oscar Aquino","Iran","Sirjan",80.83,17,"2005-06-15 09:17:20","2005-08-22 06:37:43",3
205,2,122,73,"Eileen Carr","Paraguay","Ciudad del Este",80.82,18,"2005-06-15 04:49:08","2005-08-22 23:54:14",3
316,1,336,44,"Steven Curley","India","Miraj",80.81,19,"2005-07-07 20:32:30","2005-08-23 15:34:49",2
184,1,438,67,"Vivian Ruiz","Netherlands","s-Hertogenbosch",80.80,20,"2005-06-17 09:38:08","2005-08-23 06:56:18",3
290,1,562,104,"Kristina Chambers","Venezuela","Valle de la Pascua",80.78,22,"2005-07-07 02:57:59","2005-08-20 08:57:51",2
287,2,522,44,"Becky Miles","India","Tambaram",80.78,22,"2005-07-08 19:31:02","2006-02-14 15:16:03",3
357,1,90,84,"Keith Rico","Slovakia","Bratislava",80.77,23,"2005-06-15 05:11:19","2005-08-23 16:22:20",3
521,2,588,23,"Roland South","China","Yingkou",80.77,23,"2005-06-16 17:49:57","2006-02-14 15:16:03",4
304,2,99,74,"David Royal","Peru","Callao",79.81,19,"2005-07-08 00:12:53","2005-08-22 06:05:38",2
109,2,273,85,"Edna West","South Africa","Klerksdorp",79.81,19,"2005-06-16 04:28:45","2005-08-23 09:23:36",3
185,1,467,46,"Roberta Harper","Iran","Shahr-e Kord",79.80,20,"2005-06-18 19:44:08","2005-08-21 14:51:35",3
282,2,411,77,"Jenny Castro","Puerto Rico","Ponce",79.80,20,"2005-07-06 09:09:19","2006-02-14 15:16:03",3
387,2,315,25,"Jesse Schilling","Congo, The Democratic Republic of the","Lubumbashi",79.78,22,"2005-06-15 20:38:14","2005-08-22 07:16:36",3
391,1,229,50,"Clarence Gamez","Japan","Izumisano",79.75,25,"2005-06-15 04:18:10","2005-08-21 09:55:47",3
429,2,547,50,"Frederick Isbell","Japan","Tsuyama",78.84,16,"2005-06-16 19:20:24","2005-08-21 14:04:39",3
599,2,537,23,"Austin Cintron","China","Tieli",78.82,18,"2005-06-18 06:29:53","2005-08-23 11:25:00",3
18,2,252,69,"Carol Garcia","Nigeria","Kaduna",78.81,19,"2005-06-15 19:30:18","2005-08-20 01:29:29",3
9,2,329,71,"Margaret Moore","Oman","Masqat",78.80,20,"2005-06-20 19:59:28","2006-02-14 15:16:03",4
338,1,392,85,"Dennis Gilman","South Africa","Paarl",78.80,20,"2005-07-06 00:50:30","2005-08-22 15:26:29",2
298,1,387,33,"Erika Pena","Finland","Oulu",78.79,21,"2005-07-05 23:08:53","2005-08-23 08:13:26",2
62,1,441,103,"Joan Cooper","United States","Saint Louis",78.79,21,"2005-06-15 04:59:43","2005-08-23 06:11:52",3
227,1,439,38,"Colleen Burton","Germany","Saarbrcken",78.78,22,"2005-06-16 11:11:01","2006-02-14 15:16:03",4
435,2,249,23,"Ricky Shelby","China","Junan",78.77,23,"2005-06-15 18:57:51","2005-08-22 13:19:25",3
223,1,324,72,"Melinda Fernandez","Pakistan","Mandi Bahauddin",77.84,16,"2005-06-16 23:22:22","2005-08-23 08:52:50",3
134,1,421,29,"Emma Boyd","Egypt","Qalyub",77.81,19,"2005-06-16 07:08:38","2005-08-23 19:42:46",3
402,1,92,34,"Luis Yanez","France","Brest",77.81,19,"2005-06-15 01:25:08","2005-08-23 00:11:52",3
394,2,181,87,"Chris Brothers","Spain","Gijn",77.80,20,"2005-06-15 11:02:45","2006-02-14 15:16:03",4
384,2,210,23,"Ernest Stepp","China","Huaian",77.79,21,"2005-06-17 09:02:58","2005-08-22 20:20:04",3
104,1,543,34,"Rita Graham","France","Toulon",77.78,22,"2005-06-15 08:41:38","2005-08-22 15:52:57",3
243,1,454,6,"Lydia Burke","Argentina","San Miguel de Tucumn",77.77,23,"2005-06-15 16:41:26","2005-08-21 21:02:55",3
246,1,328,15,"Marian Mendoza","Brazil","Maring",76.82,18,"2005-06-15 19:17:16","2005-08-23 12:26:19",3
93,1,592,23,"Phyllis Foster","China","Zalantun",76.80,20,"2005-06-18 05:21:56","2005-08-23 17:48:30",3
118,1,185,103,"Kim Cruz","United States","Grand Prairie",76.80,20,"2005-06-16 17:59:37","2005-08-23 11:33:25",3
224,2,243,44,"Pearl Garza","India","Jodhpur",76.78,22,"2005-06-15 18:08:14","2005-08-23 19:11:29",3
70,2,13,82,"Christina Ramirez","Saudi Arabia","al-Hawiya",75.83,17,"2005-06-18 20:32:40","2005-08-23 07:06:38",3
270,1,255,76,"Leah Curtis","Poland","Kalisz",75.81,19,"2005-07-06 00:11:28","2005-08-23 07:10:22",2
358,2,429,44,"Samuel Marlow","India","Ranchi",75.80,20,"2005-06-15 19:51:06","2005-08-20 20:16:35",3
551,2,21,15,"Clayton Barbee","Brazil","Alvorada",75.79,21,"2005-06-17 16:19:39","2005-08-22 22:57:25",3
183,2,317,15,"Ida Andrews","Brazil","Luzinia",75.78,22,"2005-06-15 08:13:57","2005-08-20 03:35:16",3
530,2,165,6,"Darryl Ashcraft","Argentina","Ezeiza",75.78,22,"2005-06-15 07:52:35","2006-02-14 15:16:03",4
194,2,204,50,"Kristen Chavez","Japan","Hino",74.84,16,"2005-06-15 18:24:55","2005-08-23 18:43:22",3
555,1,112,85,"Dwight Lombardi","South Africa","Chatsworth",74.83,17,"2005-06-21 02:30:37","2005-08-22 11:58:58",3
412,2,208,44,"Allen Butterfield","India","Hoshiarpur",74.83,17,"2005-06-21 06:59:11","2006-02-14 15:16:03",4
327,2,5,97,"Larry Thrasher","Turkey","Adana",74.81,19,"2005-07-07 23:08:22","2006-02-14 15:16:03",3
420,1,155,103,"Jacob Lance","United States","El Monte",74.80,20,"2005-06-19 11:42:04","2005-08-23 06:21:20",3
76,2,402,51,"Irene Price","Kazakstan","Pavlodar",74.79,21,"2005-06-15 21:27:42","2005-08-23 05:17:23",3
142,1,149,102,"April Burns","United Kingdom","Dundee",74.77,23,"2005-06-15 07:29:30","2006-02-14 15:16:03",4
398,1,44,15,"Antonio Meek","Brazil","Bag",73.85,15,"2005-06-15 03:50:36","2005-08-22 15:56:42",3
291,1,433,103,"Toni Holt","United States","Roanoke",73.83,17,"2005-07-06 00:43:06","2005-08-23 08:54:26",2
399,1,375,72,"Danny Isom","Pakistan","Okara",73.82,18,"2005-06-20 07:29:15","2005-08-23 01:25:30",3
428,2,510,80,"Herbert Kruger","Russian Federation","Syktyvkar",73.81,19,"2005-06-15 03:50:03","2005-08-17 00:40:03",3
152,1,354,44,"Alicia Mills","India","Nagaon",73.81,19,"2005-06-20 01:26:26","2006-02-14 15:16:03",4
79,1,256,50,"Rachel Barnes","Japan","Kamakura",73.81,19,"2005-06-20 16:17:56","2005-08-21 03:14:27",3
543,1,68,62,"Lance Pemberton","Morocco","Beni-Mellal",73.80,20,"2005-06-16 15:00:14","2005-08-23 13:46:27",3
335,1,492,96,"Gregory Mauldin","Tunisia","Sousse",73.78,22,"2005-07-06 05:30:09","2006-02-14 15:16:03",3
596,1,401,39,"Enrique Forsythe","Greece","Patras",73.78,22,"2005-06-16 08:58:18","2006-02-14 15:16:03",4
411,1,117,45,"Norman Currier","Indonesia","Cianjur",73.76,24,"2005-06-17 10:31:37","2006-02-14 15:16:03",4
95,2,399,44,"Paula Bryant","India","Pathankot",72.83,17,"2005-06-15 00:12:51","2005-08-21 03:51:52",3
556,2,496,102,"Armando Gruber","United Kingdom","Southport",72.82,18,"2005-06-17 18:12:16","2005-08-23 05:24:09",3
325,1,89,15,"Timothy Bunn","Brazil","Braslia",72.82,18,"2005-07-09 23:10:49","2005-08-22 08:27:27",2
85,2,88,102,"Anne Powell","United Kingdom","Bradford",72.79,21,"2005-06-16 12:06:57","2005-08-20 10:25:12",3
301,2,254,80,"Robert Baughman","Russian Federation","Kaliningrad",71.85,15,"2005-07-07 17:44:22","2005-08-22 18:39:11",2
222,2,235,80,"Delores Hansen","Russian Federation","Jaroslavl",71.84,16,"2005-06-15 14:27:47","2005-08-21 08:58:38",3
94,1,82,75,"Norma Gonzales","Philippines","Bislig",71.81,19,"2005-06-15 03:14:05","2006-02-14 15:16:03",4
430,1,150,80,"Ray Houle","Russian Federation","Dzerzinsk",71.80,20,"2005-06-15 02:27:08","2005-08-22 09:11:48",3
278,2,222,97,"Billie Horton","Turkey","Inegl",71.79,21,"2005-07-06 13:31:37","2005-08-23 21:30:45",2
177,2,330,60,"Samantha Duncan","Mexico","Matamoros",71.77,23,"2005-06-15 16:12:50","2005-08-22 03:55:02",3
378,1,471,23,"Eugene Culpepper","China","Shenzhen",70.82,18,"2005-06-16 07:48:50","2005-08-22 06:52:49",3
255,2,192,75,"Irma Pearson","Philippines","Hagonoy",70.82,18,"2005-06-15 04:31:28","2005-08-21 17:45:21",3
370,2,191,44,"Wayne Truong","India","Gulbarga",70.81,19,"2005-06-15 01:05:32","2005-08-23 20:13:31",3
303,2,455,107,"William Satterfield","Yemen","Sanaa",70.81,19,"2005-07-09 08:04:59","2005-08-23 02:55:42",2
117,1,176,44,"Edith Mcdonald","India","Gandhinagar",69.83,17,"2005-06-16 17:18:44","2005-08-23 00:26:52",3
514,2,594,23,"Franklin Troutman","China","Zaoyang",69.79,21,"2005-06-16 12:30:19","2005-08-23 13:26:01",3
369,2,250,60,"Fred Wheat","Mexico","Jurez",69.79,21,"2005-06-15 03:44:25","2006-02-14 15:16:03",4
310,2,215,15,"Daniel Cabral","Brazil","Ibirit",68.87,13,"2005-07-06 16:01:16","2005-08-22 06:53:21",2
465,1,595,60,"Floyd Gandy","Mexico","Zapopan",68.84,16,"2005-06-15 12:12:42","2005-08-23 16:08:15",3
525,2,551,49,"Adrian Clary","Italy","Udine",68.82,18,"2005-06-16 18:12:54","2006-02-14 15:16:03",4
355,2,331,50,"Terry Grissom","Japan","Matsue",68.81,19,"2005-06-15 21:39:54","2006-02-14 15:16:03",4
283,1,277,23,"Felicia Sutton","China","Korla",68.77,23,"2005-07-06 01:32:27","2005-08-23 15:29:41",2
315,2,57,48,"Kenneth Gooden","Israel","Bat Yam",67.86,14,"2005-07-07 01:46:44","2006-02-14 15:16:03",3
464,1,428,22,"Jerome Kenyon","Chile","Rancagua",67.86,14,"2005-06-15 08:01:29","2005-08-23 20:13:38",3
48,1,367,80,"Ann Evans","Russian Federation","Niznekamsk",67.86,14,"2005-06-16 12:18:41","2005-08-22 17:27:23",3
218,1,251,1,"Vera Mccoy","Afghanistan","Kabul",67.82,18,"2005-06-15 20:25:53","2005-08-23 05:30:19",3
191,1,369,80,"Jeanette Greene","Russian Federation","Novoterkassk",66.82,18,"2005-06-14 23:54:46","2006-02-14 15:16:03",4
458,1,532,45,"Lloyd Dowd","Indonesia","Tegal",66.81,19,"2005-06-19 08:42:12","2005-08-23 06:44:19",3
568,2,55,104,"Alberto Henning","Venezuela","Barcelona",66.79,21,"2005-06-16 10:07:10","2006-02-14 15:16:03",4
272,1,584,23,"Kay Caldwell","China","Yantai",65.87,13,"2005-07-09 03:44:15","2005-08-20 16:07:55",2
353,1,393,60,"Jonathan Scarborough","Mexico","Pachuca de Soto",65.83,17,"2005-06-15 13:30:30","2005-08-23 09:23:08",3
328,2,119,45,"Jeffrey Spear","Indonesia","Ciparay",65.83,17,"2005-07-09 22:13:25","2005-08-23 16:17:09",2
413,2,71,44,"Marvin Yee","India","Berhampore (Baharampur)",65.81,19,"2005-06-17 21:00:44","2005-08-23 09:23:45",3
164,2,529,97,"Joann Gardner","Turkey","Tarsus",64.85,15,"2005-06-16 14:28:33","2005-08-20 00:30:51",3
344,1,370,95,"Henry Billingsley","Tonga","Nukualofa",64.84,16,"2005-06-15 12:26:18","2005-08-22 16:55:26",3
326,1,269,81,"Jose Andrew","Saint Vincent and the Grenadines","Kingstown",64.82,18,"2005-07-06 18:44:24","2005-08-19 01:38:18",2
313,2,166,23,"Donald Mahon","China","Ezhou",63.84,16,"2005-07-08 04:36:35","2005-08-23 05:24:29",2
548,1,528,75,"Allan Cornish","Philippines","Tarlac",63.84,16,"2005-06-15 11:07:39","2006-02-14 15:16:03",4
350,1,531,80,"Juan Fraley","Russian Federation","Teboksary",63.79,21,"2005-06-17 11:56:09","2005-08-23 14:35:10",3
557,1,570,56,"Felix Gaffney","Lithuania","Vilnius",63.78,22,"2005-06-16 10:17:19","2006-02-14 15:16:03",4
492,2,261,44,"Lester Kraus","India","Kanchrapara",62.85,15,"2005-06-16 12:24:28","2005-08-23 19:22:36",3
549,1,459,87,"Nelson Christenson","Spain","Santiago de Compostela",62.84,16,"2005-06-17 15:07:30","2005-08-21 11:40:46",3
401,2,276,50,"Tony Carranza","Japan","Koriyama",61.82,18,"2005-07-07 04:04:26","2005-08-23 18:23:11",2
330,1,42,103,"Scott Shelley","United States","Aurora",60.82,18,"2005-07-06 05:25:03","2006-02-14 15:16:03",3
136,2,211,44,"Anita Morales","India","Hubli-Dharwad",59.86,14,"2005-06-17 19:14:30","2005-08-23 00:34:28",3
162,2,297,34,"Lauren Hudson","France","Le Mans",59.83,17,"2005-06-15 12:21:56","2006-02-14 15:16:03",4
159,1,307,9,"Jill Hawkins","Austria","Linz",58.83,17,"2005-06-16 12:40:28","2005-08-22 16:14:25",3
97,2,534,63,"Annie Russell","Mozambique","Tete",58.82,18,"2005-06-17 17:14:00","2005-08-22 08:20:15",3
252,2,312,102,"Mattie Hoffman","United Kingdom","London",58.80,20,"2005-06-15 16:21:04","2006-02-14 15:16:03",4
61,2,56,91,"Katherine Rivera","Switzerland","Basel",57.87,13,"2005-07-27 02:50:15","2005-08-23 09:35:34",2
124,1,281,97,"Sheila Wells","Turkey","Ktahya",57.86,14,"2005-06-18 11:00:05","2005-08-23 21:45:02",3
395,2,15,89,"Johnny Turpin","Sudan","al-Qadarif",57.81,19,"2005-06-15 07:30:22","2005-08-23 19:54:24",3
271,1,283,44,"Penny Neal","India","Kumbakonam",56.84,16,"2005-07-06 07:12:26","2005-08-22 17:48:42",2
250,2,390,69,"Jo Fowler","Nigeria","Oyo",54.85,15,"2005-06-18 17:59:18","2005-08-22 17:52:05",3
288,1,563,60,"Bobbie Craig","Mexico","Valle de Santiago",52.81,19,"2005-07-06 22:07:33","2005-08-22 12:41:33",2
586,1,546,92,"Kirk Stclair","Taiwan","Tsaotun",50.83,17,"2005-06-15 06:42:25","2005-08-23 09:40:04",3
110,2,159,23,"Tiffany Jordan","China","Enshi",49.88,12,"2005-06-16 00:32:52","2005-08-22 22:28:36",3
320,2,516,3,"Anthony Schwab","American Samoa","Tafuna",47.85,15,"2005-07-06 00:57:29","2005-08-22 19:44:53",2
248,1,520,103,"Caroline Bowman","United States","Tallahassee",37.87,13,"2005-06-17 16:07:08","2005-08-22 03:58:29",3
281,2,175,23,"Leona Obrien","China","Fuzhou",32.90,10,"2005-07-08 07:15:14","2005-08-21 03:40:40",2
318,1,97,76,"Brian Wyman","Poland","Bydgoszcz",27.93,7,"2005-07-06 11:33:37","2005-08-21 06:34:05",2
