"country_id","city_id","country","city","total_rentals","total_revenue","number_of_unique_customers","most_popular_film_category"
79,442,"Runion","Saint-Denis",46,211.55,1,"Sci-Fi"
103,101,"United States","Cape Coral",45,208.58,1,"Animation"
15,456,"Brazil","Santa Brbara dOeste",39,194.61,1,"Animation"
67,29,"Netherlands","Apeldoorn",39,191.62,1,"Games"
13,340,"Belarus","Molodetno",42,189.60,1,"Drama"
46,423,"Iran","Qomsheh",38,183.63,1,"Comedy"
102,312,"United Kingdom","London",48,174.54,2,"Drama"
103,333,"United States","Memphis",34,167.67,1,"Family"
20,430,"Canada","Richmond Hill",38,167.62,1,"Action"
75,527,"Philippines","Tanza",42,166.61,1,"Foreign"
44,564,"India","Valparai",35,162.67,1,"Foreign"
75,458,"Philippines","Santa Rosa",33,161.68,1,"Games"
103,42,"United States","Aurora",50,159.58,2,"Children"
87,388,"Spain","Ourense (Orense)",40,158.65,1,"Games"
107,206,"Yemen","Hodeida",32,157.69,1,"Action"
75,523,"Philippines","Tanauan",35,156.66,1,"Animation"
44,78,"India","Bijapur",39,154.66,1,"Animation"
44,197,"India","Halisahar",32,152.71,1,"Sports"
80,558,"Russian Federation","Usolje-Sibirskoje",33,152.69,1,"Animation"
45,415,"Indonesia","Probolinggo",34,152.68,1,"Action"
100,506,"Ukraine","Sumy",28,151.73,1,"Classics"
23,599,"China","Zhoushan",32,151.69,1,"Family"
2,483,"Algeria","Skikda",37,151.68,1,"Animation"
105,100,"Vietnam","Cam Ranh",32,149.69,1,"Classics"
92,108,"Taiwan","Changhwa",41,149.61,1,"Family"
44,74,"India","Bhilwara",32,147.71,1,"Action"
41,121,"Holy See (Vatican City State)","Citt del Vaticano",34,146.68,1,"Documentary"
94,489,"Thailand","Songkhla",33,146.68,1,"Drama"
12,525,"Bangladesh","Tangail",35,146.68,1,"Sci-Fi"
23,174,"China","Fuyu",34,146.67,1,"Music"
80,320,"Russian Federation","Maikop",32,145.70,1,"Family"
97,50,"Turkey","Balikesir",37,145.64,1,"Sci-Fi"
89,379,"Sudan","Omdurman",35,144.70,1,"Drama"
77,32,"Puerto Rico","Arecibo",34,144.68,1,"New"
92,209,"Taiwan","Hsichuh",36,144.66,1,"Action"
65,583,"Nauru","Yangor",31,143.70,1,"Comedy"
60,556,"Mexico","Uruapan",33,143.68,1,"Sports"
54,137,"Latvia","Daugavpils",30,142.70,1,"Games"
94,358,"Thailand","Nakhon Sawan",33,142.69,1,"Animation"
23,298,"China","Lengshuijiang",36,142.67,1,"New"
63,64,"Mozambique","Beira",37,142.66,1,"Documentary"
15,569,"Brazil","Vila Velha",29,141.71,1,"Action"
44,425,"India","Rae Bareli",31,141.69,1,"Sports"
15,66,"Brazil","Belm",32,140.69,1,"Sports"
52,372,"Kenya","Nyeri",29,139.72,1,"Action"
46,356,"Iran","Najafabad",35,139.69,1,"Animation"
29,476,"Egypt","Shubra al-Khayma",34,139.69,1,"Sci-Fi"
90,321,"Sweden","Malm",34,139.67,1,"Classics"
86,357,"South Korea","Naju",33,138.69,1,"Classics"
50,474,"Japan","Shimonoseki",36,138.65,1,"Children"
24,480,"Colombia","Sincelejo",30,137.72,1,"Action"
69,217,"Nigeria","Ife",30,137.70,1,"New"
49,70,"Italy","Bergamo",36,137.67,1,"Family"
76,577,"Poland","Wroclaw",28,135.72,1,"Comedy"
28,434,"Ecuador","Robamba",31,135.70,1,"Sports"
92,168,"Taiwan","Fengshan",34,135.68,1,"New"
15,248,"Brazil","Juiz de Fora",27,134.73,1,"Sports"
60,129,"Mexico","Cuauhtmoc",29,134.72,1,"Children"
103,11,"United States","Akron",31,134.71,1,"Comedy"
24,147,"Colombia","Dos Quebradas",32,134.70,1,"Action"
107,7,"Yemen","Aden",31,134.70,1,"New"
97,557,"Turkey","Usak",35,134.69,1,"Foreign"
44,76,"India","Bhopal",32,134.68,1,"Classics"
92,361,"Taiwan","Nantou",38,134.65,1,"Classics"
75,221,"Philippines","Imus",29,133.72,1,"Foreign"
50,380,"Japan","Omiya",30,133.71,1,"Animation"
97,58,"Turkey","Batman",33,133.70,1,"Action"
23,109,"China","Changzhou",40,133.68,1,"Comedy"
26,378,"Czech Republic","Olomouc",29,132.72,1,"Children"
23,80,"China","Binzhou",33,132.70,1,"Sports"
76,549,"Poland","Tychy",36,132.65,1,"Foreign"
105,359,"Vietnam","Nam Dinh",30,131.74,1,"Music"
97,384,"Turkey","Osmaniye",27,131.73,1,"Classics"
85,85,"South Africa","Boksburg",32,131.69,1,"Documentary"
80,343,"Russian Federation","Moscow",34,131.69,1,"Animation"
39,38,"Greece","Athenai",26,130.76,1,"Action"
60,445,"Mexico","Salamanca",35,130.72,1,"Sci-Fi"
108,280,"Yugoslavia","Kragujevac",33,130.72,1,"Animation"
44,478,"India","Siliguri (Shiliguri)",34,130.70,1,"Documentary"
15,84,"Brazil","Boa Vista",32,130.68,1,"Classics"
97,538,"Turkey","Tokat",34,130.68,1,"Action"
103,292,"United States","Lancaster",30,129.72,1,"Classics"
6,43,"Argentina","Avellaneda",30,129.71,1,"Action"
48,34,"Israel","Ashdod",33,129.70,1,"Sci-Fi"
23,240,"China","Jinchang",34,129.68,1,"Foreign"
23,587,"China","Yinchuan",30,128.73,1,"Drama"
69,220,"Nigeria","Ilorin",31,128.71,1,"Animation"
23,422,"China","Qinhuangdao",32,128.71,1,"New"
60,40,"Mexico","Atlixco",33,128.70,1,"Animation"
38,325,"Germany","Mannheim",35,128.69,1,"Animation"
49,511,"Italy","Syrakusa",28,127.73,1,"Drama"
38,160,"Germany","Erlangen",29,127.73,1,"Travel"
105,366,"Vietnam","Nha Trang",32,127.69,1,"Drama"
50,172,"Japan","Fukuyama",32,127.69,1,"Children"
61,115,"Moldova","Chisinau",34,127.66,1,"Children"
98,35,"Turkmenistan","Ashgabat",27,126.74,1,"Family"
20,565,"Canada","Vancouver",30,126.73,1,"Animation"
15,83,"Brazil","Blumenau",27,126.73,1,"New"
103,499,"United States","Sterling Heights",29,126.73,1,"Music"
60,213,"Mexico","Huixquilucan",30,126.72,1,"Comedy"
38,148,"Germany","Duisburg",33,126.70,1,"Foreign"
44,418,"India","Purnea (Purnia)",27,125.74,1,"Documentary"
60,125,"Mexico","Coatzacoalcos",29,125.74,1,"Foreign"
80,274,"Russian Federation","Kolpino",38,125.72,1,"Family"
50,555,"Japan","Urawa",34,125.68,1,"Action"
15,461,"Brazil","Santo Andr",36,125.67,1,"Documentary"
22,27,"Chile","Antofagasta",27,124.74,1,"Action"
6,289,"Argentina","La Plata",32,124.71,1,"Action"
69,218,"Nigeria","Ikerre",37,124.68,1,"Documentary"
23,302,"China","Liaocheng",34,124.66,1,"Children"
103,449,"United States","San Bernardino",27,123.74,1,"Sports"
44,398,"India","Parbhani",31,123.74,1,"Action"
45,412,"Indonesia","Pontianak",35,123.72,1,"Action"
75,98,"Philippines","Cabuyao",35,123.71,1,"Sports"
75,138,"Philippines","Davao",31,123.70,1,"Foreign"
103,171,"United States","Fontana",33,123.70,1,"Action"
92,316,"Taiwan","Lungtan",34,123.66,1,"Drama"
75,391,"Philippines","Ozamis",27,122.74,1,"Animation"
15,183,"Brazil","Goinia",28,122.74,1,"Drama"
21,363,"Chad","NDjamna",32,122.72,1,"Sci-Fi"
50,253,"Japan","Kakamigahara",29,122.71,1,"Documentary"
75,294,"Philippines","Lapu-Lapu",32,122.70,1,"Comedy"
45,301,"Indonesia","Lhokseumawe",34,122.69,1,"Foreign"
44,568,"India","Vijayawada",25,121.77,1,"Action"
102,589,"United Kingdom","York",28,121.73,1,"Drama"
58,304,"Malawi","Lilongwe",28,121.73,1,"Classics"
109,272,"Zambia","Kitwe",33,121.70,1,"Animation"
60,154,"Mexico","El Fuerte",33,121.70,1,"Sci-Fi"
106,111,"Virgin Islands, U.S.","Charlotte Amalie",32,121.69,1,"Animation"
29,337,"Egypt","Mit Ghamr",27,120.75,1,"Sci-Fi"
29,465,"Egypt","Sawhaj",26,120.74,1,"Drama"
80,270,"Russian Federation","Kirovo-Tepetsk",29,120.74,1,"Family"
49,93,"Italy","Brindisi",30,120.71,1,"Classics"
74,305,"Peru","Lima",32,120.70,1,"Horror"
44,350,"India","Mysore",27,119.76,1,"New"
23,157,"China","Emeishan",26,119.75,1,"Classics"
80,408,"Russian Federation","Pjatigorsk",26,119.74,1,"Action"
40,371,"Greenland","Nuuk",34,119.72,1,"Games"
59,507,"Malaysia","Sungai Petani",32,119.72,1,"Sci-Fi"
100,479,"Ukraine","Simferopol",26,118.76,1,"Action"
28,311,"Ecuador","Loja",28,118.75,1,"Comedy"
7,586,"Armenia","Yerevan",25,118.75,1,"Animation"
74,214,"Peru","Hunuco",29,118.73,1,"Family"
76,236,"Poland","Jastrzebie-Zdrj",32,118.70,1,"Animation"
34,544,"France","Toulouse",32,118.70,1,"Action"
78,86,"Romania","Botosani",33,118.69,1,"Sci-Fi"
50,386,"Japan","Otsu",26,117.77,1,"Sci-Fi"
102,494,"United Kingdom","Southampton",23,117.77,1,"Games"
6,424,"Argentina","Quilmes",24,117.76,1,"Sports"
103,245,"United States","Joliet",28,117.75,1,"Drama"
44,416,"India","Pudukkottai",27,117.75,1,"Sci-Fi"
51,598,"Kazakstan","Zhezqazghan",29,117.72,1,"Documentary"
82,237,"Saudi Arabia","Jedda",28,116.76,1,"Family"
103,94,"United States","Brockton",26,116.75,1,"Sports"
50,338,"Japan","Miyakonojo",29,116.74,1,"Animation"
75,323,"Philippines","Mandaluyong",29,116.73,1,"Sci-Fi"
44,263,"India","Karnal",35,116.73,1,"New"
75,61,"Philippines","Baybay",30,116.72,1,"Music"
44,464,"India","Satna",30,116.71,1,"Foreign"
36,397,"French Polynesia","Papeete",30,115.74,1,"Classics"
44,75,"India","Bhimavaram",29,115.72,1,"Sci-Fi"
80,278,"Russian Federation","Korolev",31,115.71,1,"Action"
103,187,"United States","Greensboro",32,115.70,1,"Animation"
46,514,"Iran","Tabriz",31,114.76,1,"Sci-Fi"
50,227,"Japan","Iwakuni",29,114.74,1,"Animation"
28,414,"Ecuador","Portoviejo",28,114.73,1,"Family"
37,54,"Gambia","Banjul",30,114.73,1,"Comedy"
6,334,"Argentina","Merlo",30,114.72,1,"Sci-Fi"
75,104,"Philippines","Cavite",30,114.72,1,"Action"
50,463,"Japan","Sasebo",32,114.70,1,"Classics"
63,351,"Mozambique","Naala-Porto",25,113.77,1,"Action"
49,91,"Italy","Brescia",31,113.75,1,"Action"
9,447,"Austria","Salzburg",28,113.74,1,"Drama"
23,536,"China","Tiefa",29,113.74,1,"Animation"
92,542,"Taiwan","Touliu",27,113.73,1,"Action"
23,299,"China","Leshan",32,113.73,1,"Sports"
72,134,"Pakistan","Dadu",31,113.72,1,"Action"
15,490,"Brazil","Sorocaba",33,113.71,1,"Sports"
23,136,"China","Datong",31,113.70,1,"Music"
60,212,"Mexico","Huejutla de Reyes",25,112.76,1,"Sci-Fi"
17,436,"Bulgaria","Ruse",24,112.76,1,"Documentary"
103,306,"United States","Lincoln",25,112.75,1,"Documentary"
44,239,"India","Jhansi",29,112.74,1,"Family"
100,345,"Ukraine","Mukateve",30,112.73,1,"Action"
23,469,"China","Shaoguan",29,112.72,1,"Animation"
104,326,"Venezuela","Maracabo",23,111.77,1,"New"
50,382,"Japan","Onomichi",29,111.76,1,"Sci-Fi"
44,22,"India","Ambattur",26,111.76,1,"Drama"
92,526,"Taiwan","Tanshui",27,111.74,1,"Action"
47,344,"Iraq","Mosul",27,111.73,1,"Sports"
104,132,"Venezuela","Cuman",29,111.73,1,"Documentary"
9,186,"Austria","Graz",29,111.73,1,"Documentary"
94,394,"Thailand","Pak Kret",30,111.71,1,"Sci-Fi"
43,512,"Hungary","Szkesfehrvr",29,111.71,1,"Family"
44,195,"India","Haldia",31,111.71,1,"Classics"
50,287,"Japan","Kuwana",25,110.77,1,"Sports"
23,47,"China","Baiyin",26,110.76,1,"Action"
27,460,"Dominican Republic","Santiago de los Caballeros",24,110.76,1,"Drama"
22,127,"Chile","Coquimbo",28,110.74,1,"Classics"
107,518,"Yemen","Taizz",28,110.73,1,"Family"
23,590,"China","Yuncheng",30,110.73,1,"Sci-Fi"
29,79,"Egypt","Bilbays",28,110.72,1,"Animation"
23,332,"China","Meixian",28,110.72,1,"Animation"
23,242,"China","Jinzhou",30,110.71,1,"Documentary"
23,578,"China","Xiangfan",34,110.68,1,"New"
44,550,"India","Udaipur",26,109.77,1,"Sci-Fi"
86,539,"South Korea","Tonghae",25,109.77,1,"Music"
60,131,"Mexico","Cuernavaca",29,109.76,1,"Music"
93,593,"Tanzania","Zanzibar",27,109.75,1,"New"
23,46,"China","Baicheng",29,109.73,1,"Sports"
80,285,"Russian Federation","Kurgan",28,109.73,1,"Classics"
80,352,"Russian Federation","Nabereznyje Telny",29,109.73,1,"Action"
100,258,"Ukraine","Kamjanets-Podilskyi",29,109.72,1,"Children"
44,554,"India","Uluberia",31,109.72,1,"Foreign"
93,347,"Tanzania","Mwanza",29,109.72,1,"Games"
23,468,"China","Shanwei",30,109.71,1,"Drama"
69,69,"Nigeria","Benin City",28,108.78,1,"Action"
23,241,"China","Jining",27,108.77,1,"Sports"
69,374,"Nigeria","Ogbomosho",32,108.76,1,"Sports"
11,14,"Bahrain","al-Manama",25,108.76,1,"Sports"
97,482,"Turkey","Sivas",26,108.75,1,"Drama"
10,505,"Azerbaijan","Sumqayit",30,108.75,1,"Foreign"
50,10,"Japan","Akishima",28,108.73,1,"Children"
45,118,"Indonesia","Ciomas",34,108.72,1,"Animation"
44,107,"India","Chandrapur",32,108.71,1,"Music"
87,146,"Spain","Donostia-San Sebastin",31,107.79,1,"Sports"
76,409,"Poland","Plock",24,107.78,1,"Sports"
15,189,"Brazil","Guaruj",24,107.77,1,"Documentary"
102,495,"United Kingdom","Southend-on-Sea",28,107.76,1,"Sports"
12,143,"Bangladesh","Dhaka",28,107.74,1,"Drama"
2,59,"Algeria","Batna",28,107.73,1,"New"
85,491,"South Africa","Soshanguve",28,107.73,1,"Animation"
23,574,"China","Weifang",29,107.73,1,"Classics"
70,420,"North Korea","Pyongyang",31,107.71,1,"Documentary"
15,413,"Brazil","Poos de Caldas",32,107.70,1,"Sci-Fi"
27,450,"Dominican Republic","San Felipe de Puerto Plata",30,107.70,1,"Foreign"
16,53,"Brunei","Bandar Seri Begawan",35,107.66,1,"Sports"
102,500,"United Kingdom","Stockport",22,106.79,1,"Animation"
50,226,"Japan","Iwaki",26,106.77,1,"New"
60,335,"Mexico","Mexicali",25,106.77,1,"Family"
91,72,"Switzerland","Bern",25,106.76,1,"Animation"
53,233,"Kuwait","Jalib al-Shuyukh",26,106.75,1,"Classics"
85,244,"South Africa","Johannesburg",27,106.74,1,"Music"
45,403,"Indonesia","Pemalang",27,106.74,1,"Family"
54,303,"Latvia","Liepaja",30,106.73,1,"Sci-Fi"
80,310,"Russian Federation","Ljubertsy",27,106.73,1,"Documentary"
103,435,"United States","Rockford",28,106.73,1,"Drama"
87,1,"Spain","A Corua (La Corua)",29,106.72,1,"Comedy"
23,207,"China","Hohhot",34,106.68,1,"Sports"
24,487,"Colombia","Sogamoso",24,105.78,1,"Animation"
80,484,"Russian Federation","Smolensk",24,105.78,1,"Travel"
6,457,"Argentina","Santa F",27,105.78,1,"Drama"
103,140,"United States","Dayton",26,105.77,1,"Action"
52,271,"Kenya","Kisumu",25,105.77,1,"Games"
103,135,"United States","Dallas",28,105.76,1,"Comedy"
59,282,"Malaysia","Kuching",27,105.76,1,"Action"
62,353,"Morocco","Nador",27,105.74,1,"Action"
50,228,"Japan","Iwatsuki",27,105.74,1,"Animation"
103,41,"United States","Augusta-Richmond County",27,105.73,1,"Documentary"
30,530,"Estonia","Tartu",30,105.72,1,"Family"
44,346,"India","Munger (Monghyr)",32,105.70,1,"Action"
73,453,"Paraguay","San Lorenzo",23,104.79,1,"Horror"
97,504,"Turkey","Sultanbeyli",23,104.78,1,"Horror"
42,279,"Hong Kong","Kowloon and New Kowloon",30,104.76,1,"Foreign"
44,164,"India","Etawah",26,104.75,1,"Action"
59,223,"Malaysia","Ipoh",26,104.75,1,"Children"
85,437,"South Africa","Rustenburg",27,104.74,1,"Games"
44,257,"India","Kamarhati",26,104.74,1,"Classics"
72,472,"Pakistan","Shikarpur",29,104.73,1,"Action"
80,39,"Russian Federation","Atinsk",29,104.72,1,"Drama"
23,540,"China","Tongliao",32,104.71,1,"Animation"
67,151,"Netherlands","Ede",23,103.78,1,"New"
44,400,"India","Patiala",30,103.77,1,"Sports"
69,389,"Nigeria","Owo",27,103.77,1,"Children"
86,553,"South Korea","Uijongbu",32,103.74,1,"Animation"
44,77,"India","Bhusawal",26,103.74,1,"Animation"
103,508,"United States","Sunnyvale",31,103.74,1,"Sports"
88,230,"Sri Lanka","Jaffna",30,103.73,1,"Children"
72,327,"Pakistan","Mardan",30,103.73,1,"New"
101,470,"United Arab Emirates","Sharja",27,102.78,1,"Drama"
80,259,"Russian Federation","Kamyin",26,102.77,1,"Animation"
108,368,"Yugoslavia","Novi Sad",24,102.77,1,"Sci-Fi"
101,12,"United Arab Emirates","al-Ayn",25,102.76,1,"Sports"
60,106,"Mexico","Celaya",26,102.76,1,"Documentary"
93,513,"Tanzania","Tabora",27,102.75,1,"Action"
15,410,"Brazil","Po",28,102.75,1,"Action"
80,308,"Russian Federation","Lipetsk",26,101.79,1,"Animation"
23,145,"China","Dongying",23,101.78,1,"Games"
80,238,"Russian Federation","Jelets",24,101.77,1,"Animation"
103,177,"United States","Garden Grove",26,101.76,1,"Horror"
103,126,"United States","Compton",30,101.72,1,"Games"
6,524,"Argentina","Tandil",32,101.70,1,"Documentary"
60,4,"Mexico","Acua",26,100.77,1,"Children"
76,133,"Poland","Czestochowa",25,100.76,1,"Sports"
92,116,"Taiwan","Chungho",25,100.76,1,"Drama"
6,567,"Argentina","Vicente Lpez",26,100.75,1,"Sci-Fi"
38,198,"Germany","Halle/Saale",31,100.75,1,"Sci-Fi"
44,417,"India","Pune",30,100.72,1,"Children"
50,224,"Japan","Isesaki",23,99.78,1,"New"
50,440,"Japan","Sagamihara",24,99.77,1,"Games"
44,9,"India","Ahmadnagar",33,99.74,1,"Sci-Fi"
55,560,"Liechtenstein","Vaduz",28,99.74,1,"Action"
78,95,"Romania","Bucuresti",29,99.73,1,"Horror"
50,552,"Japan","Ueda",32,99.72,1,"Sci-Fi"
101,3,"United Arab Emirates","Abu Dhabi",32,99.71,1,"Action"
5,493,"Anguilla","South Hill",35,99.68,1,"Travel"
85,267,"South Africa","Kimberley",24,98.82,1,"Sports"
12,234,"Bangladesh","Jamalpur",32,98.77,1,"Music"
44,18,"India","Allappuzha (Alleppey)",24,98.76,1,"Games"
50,203,"Japan","Higashiosaka",25,98.75,1,"Sci-Fi"
60,452,"Mexico","San Juan Bautista Tuxtepec",26,98.75,1,"Travel"
15,572,"Brazil","Vitria de Santo Anto",28,98.75,1,"Animation"
75,219,"Philippines","Iligan",27,98.74,1,"Foreign"
35,105,"French Guiana","Cayenne",22,97.80,1,"Animation"
44,8,"India","Adoni",22,97.80,1,"Children"
24,170,"Colombia","Florencia",25,97.79,1,"Animation"
69,488,"Nigeria","Sokoto",25,97.78,1,"Foreign"
44,169,"India","Firozabad",23,97.78,1,"Comedy"
100,385,"Ukraine","ostka",24,97.78,1,"Games"
69,141,"Nigeria","Deba Habe",23,97.78,1,"Animation"
44,566,"India","Varanasi (Benares)",24,97.77,1,"New"
60,246,"Mexico","Jos Azueta",27,97.75,1,"Foreign"
64,342,"Myanmar","Monywa",30,97.75,1,"Comedy"
44,73,"India","Bhavnagar",23,96.79,1,"Comedy"
103,446,"United States","Salinas",30,96.79,1,"Documentary"
44,395,"India","Palghat (Palakkad)",29,96.79,1,"Children"
19,52,"Cameroon","Bamenda",23,96.78,1,"Foreign"
85,497,"South Africa","Springs",25,96.78,1,"Sci-Fi"
60,19,"Mexico","Allende",25,96.77,1,"Travel"
103,120,"United States","Citrus Heights",28,96.77,1,"Action"
69,152,"Nigeria","Effon-Alaiye",27,96.76,1,"Drama"
6,161,"Argentina","Escobar",26,96.76,1,"Animation"
32,545,"Faroe Islands","Trshavn",28,96.76,1,"Animation"
45,318,"Indonesia","Madiun",28,96.75,1,"New"
23,293,"China","Laohekou",26,96.75,1,"Games"
15,431,"Brazil","Rio Claro",27,96.74,1,"Sci-Fi"
44,426,"India","Rajkot",22,95.80,1,"Animation"
80,225,"Russian Federation","Ivanovo",23,95.79,1,"Horror"
60,103,"Mexico","Carmen",22,95.79,1,"Classics"
60,288,"Mexico","La Paz",22,95.78,1,"Drama"
24,405,"Colombia","Pereira",23,95.78,1,"Documentary"
49,309,"Italy","Livorno",24,95.78,1,"Animation"
23,591,"China","Yuzhou",25,95.78,1,"Music"
105,194,"Vietnam","Haiphong",25,95.76,1,"New"
83,600,"Senegal","Ziguinchor",25,95.76,1,"Sci-Fi"
23,581,"China","Xinxiang",30,95.76,1,"Sports"
85,87,"South Africa","Botshabelo",28,95.72,1,"Animation"
62,443,"Morocco","Sal",22,94.81,1,"Foreign"
44,475,"India","Shivapuri",22,94.78,1,"Classics"
60,202,"Mexico","Hidalgo",25,94.78,1,"Sports"
103,573,"United States","Warren",28,94.77,1,"Documentary"
46,162,"Iran","Esfahan",25,94.76,1,"Documentary"
48,533,"Israel","Tel Aviv-Jaffa",30,94.76,1,"Foreign"
45,232,"Indonesia","Jakarta",24,94.76,1,"Games"
104,102,"Venezuela","Caracas",26,94.75,1,"Action"
66,81,"Nepal","Birgunj",22,93.83,1,"Foreign"
4,67,"Angola","Benguela",25,93.80,1,"Comedy"
85,364,"South Africa","Newcastle",23,93.80,1,"Games"
15,486,"Brazil","So Leopoldo",22,93.79,1,"Animation"
60,451,"Mexico","San Felipe del Progreso",30,93.79,1,"Games"
44,427,"India","Rampur",30,93.78,1,"Animation"
99,173,"Tuvalu","Funafuti",26,93.78,1,"Children"
50,521,"Japan","Tama",26,93.76,1,"Sci-Fi"
15,26,"Brazil","Anpolis",25,93.75,1,"Sports"
4,360,"Angola","Namibe",27,93.75,1,"Animation"
46,265,"Iran","Kermanshah",26,93.74,1,"Classics"
44,582,"India","Yamuna Nagar",28,93.74,1,"Drama"
15,247,"Brazil","Juazeiro do Norte",22,92.81,1,"Action"
15,25,"Brazil","Angra dos Reis",30,92.80,1,"Action"
15,485,"Brazil","So Bernardo do Campo",22,92.80,1,"Family"
57,319,"Madagascar","Mahajanga",22,92.79,1,"Horror"
50,377,"Japan","Okinawa",23,92.79,1,"Animation"
14,501,"Bolivia","Sucre",23,92.78,1,"Animation"
23,502,"China","Suihua",24,92.78,1,"Action"
18,60,"Cambodia","Battambang",26,92.76,1,"Animation"
103,404,"United States","Peoria",30,92.75,1,"Family"
75,62,"Philippines","Bayugan",25,92.75,1,"Drama"
67,158,"Netherlands","Emmen",26,92.75,1,"Family"
50,376,"Japan","Okayama",21,91.81,1,"Family"
75,519,"Philippines","Talavera",21,91.81,1,"Animation"
103,65,"United States","Bellevue",20,91.80,1,"Children"
23,362,"China","Nanyang",23,91.79,1,"Comedy"
38,575,"Germany","Witten",25,91.78,1,"Animation"
82,16,"Saudi Arabia","al-Qatif",25,91.78,1,"Animation"
31,6,"Ethiopia","Addis Abeba",23,91.77,1,"Animation"
60,341,"Mexico","Monclova",26,91.75,1,"Documentary"
60,130,"Mexico","Cuautla",31,91.75,1,"Action"
23,139,"China","Daxian",33,91.70,1,"Documentary"
15,28,"Brazil","Aparecida de Goinia",23,90.78,1,"Travel"
75,548,"Philippines","Tuguegarao",26,90.78,1,"Foreign"
86,268,"South Korea","Kimchon",24,90.77,1,"Sports"
23,462,"China","Sanya",25,90.77,1,"Action"
46,31,"Iran","Arak",27,90.75,1,"Music"
75,182,"Philippines","Gingoog",28,90.73,1,"Sci-Fi"
23,193,"China","Haining",21,89.80,1,"Classics"
60,188,"Mexico","Guadalajara",23,89.78,1,"Action"
10,48,"Azerbaijan","Baku",27,89.78,1,"Games"
92,114,"Taiwan","Chiayi",24,89.78,1,"Children"
36,167,"French Polynesia","Faaa",24,89.78,1,"New"
24,96,"Colombia","Buenaventura",25,89.77,1,"Animation"
69,381,"Nigeria","Ondo",25,89.77,1,"Horror"
97,163,"Turkey","Eskisehir",25,89.77,1,"Horror"
2,63,"Algeria","Bchar",25,89.77,1,"Sci-Fi"
29,216,"Egypt","Idfu",23,89.77,1,"Family"
50,284,"Japan","Kurashiki",24,89.76,1,"Games"
20,196,"Canada","Halifax",25,89.76,1,"Sci-Fi"
19,585,"Cameroon","Yaound",31,89.71,1,"Foreign"
23,535,"China","Tianjin",23,88.81,1,"Games"
60,124,"Mexico","Coacalco de Berriozbal",22,88.81,1,"Sci-Fi"
49,17,"Italy","Alessandria",21,88.80,1,"Animation"
25,348,"Congo, The Democratic Republic of the","Mwene-Ditu",24,88.80,1,"Travel"
67,23,"Netherlands","Amersfoort",23,88.78,1,"Sports"
44,231,"India","Jaipur",25,88.78,1,"Action"
44,559,"India","Uttarpara-Kotrung",26,88.77,1,"Animation"
50,355,"Japan","Nagareyama",30,88.76,1,"Classics"
60,541,"Mexico","Torren",27,88.75,1,"Drama"
75,517,"Philippines","Taguig",30,88.73,1,"Action"
80,156,"Russian Federation","Elista",21,87.82,1,"Foreign"
45,184,"Indonesia","Gorontalo",20,87.81,1,"Action"
105,571,"Vietnam","Vinh",22,87.80,1,"Classics"
20,179,"Canada","Gatineau",22,87.80,1,"Animation"
103,33,"United States","Arlington",25,87.80,1,"Foreign"
50,260,"Japan","Kanazawa",23,87.80,1,"Classics"
20,383,"Canada","Oshawa",22,87.79,1,"Animation"
73,37,"Paraguay","Asuncin",21,87.79,1,"Animation"
15,190,"Brazil","guas Lindas de Gois",24,87.78,1,"Sci-Fi"
80,597,"Russian Federation","Zeleznogorsk",24,87.77,1,"Games"
74,503,"Peru","Sullana",25,87.77,1,"Foreign"
44,110,"India","Chapra",20,86.82,1,"Animation"
44,473,"India","Shimoga",21,86.81,1,"Children"
48,36,"Israel","Ashqelon",19,86.81,1,"Action"
76,314,"Poland","Lublin",21,86.81,1,"New"
38,477,"Germany","Siegen",19,86.81,1,"Drama"
23,579,"China","Xiangtan",22,86.80,1,"Action"
23,407,"China","Pingxiang",22,86.80,1,"Drama"
44,448,"India","Sambhal",23,86.79,1,"Action"
69,596,"Nigeria","Zaria",25,86.77,1,"Sci-Fi"
82,2,"Saudi Arabia","Abha",24,86.77,1,"Animation"
44,264,"India","Katihar",25,86.76,1,"Animation"
103,178,"United States","Garland",27,86.75,1,"Animation"
44,51,"India","Balurghat",26,86.75,1,"Documentary"
18,406,"Cambodia","Phnom Penh",27,86.75,1,"Foreign"
60,365,"Mexico","Nezahualcyotl",30,86.73,1,"Classics"
80,466,"Russian Federation","Serpuhov",20,85.80,1,"Travel"
27,290,"Dominican Republic","La Romana",23,85.80,1,"Foreign"
14,153,"Bolivia","El Alto",24,85.78,1,"Documentary"
103,322,"United States","Manchester",24,85.78,1,"Documentary"
6,20,"Argentina","Almirante Brown",25,85.78,1,"Documentary"
68,200,"New Zealand","Hamilton",24,85.77,1,"Classics"
6,128,"Argentina","Crdoba",25,85.77,1,"Animation"
15,30,"Brazil","Araatuba",28,85.77,1,"Classics"
45,509,"Indonesia","Surakarta",26,85.75,1,"Drama"
45,396,"Indonesia","Pangkal Pinang",18,84.84,1,"Horror"
80,49,"Russian Federation","Balaiha",22,84.81,1,"Games"
100,275,"Ukraine","Konotop",21,84.81,1,"Family"
86,113,"South Korea","Cheju",21,84.80,1,"Family"
104,561,"Venezuela","Valencia",22,84.80,1,"Sports"
50,205,"Japan","Hiroshima",30,84.79,1,"Drama"
103,295,"United States","Laredo",28,84.75,1,"Drama"
103,123,"United States","Clarksville",18,83.82,1,"Sci-Fi"
97,180,"Turkey","Gaziantep",22,83.81,1,"Classics"
97,266,"Turkey","Kilis",22,83.80,1,"Documentary"
44,144,"India","Dhule (Dhulia)",22,83.79,1,"Drama"
91,296,"Switzerland","Lausanne",22,83.78,1,"Comedy"
105,201,"Vietnam","Hanoi",31,83.77,1,"New"
23,432,"China","Rizhao",21,82.81,1,"Drama"
23,580,"China","Xintai",24,82.78,1,"Classics"
71,444,"Oman","Salala",27,82.76,1,"New"
45,419,"Indonesia","Purwakarta",19,81.83,1,"Animation"
97,142,"Turkey","Denizli",18,81.83,1,"Comedy"
6,45,"Argentina","Baha Blanca",28,81.81,1,"Action"
103,262,"United States","Kansas City",25,81.81,1,"New"
104,373,"Venezuela","Ocumare del Tuy",21,81.81,1,"Action"
82,515,"Saudi Arabia","Tabuk",26,81.80,1,"Action"
23,199,"China","Hami",21,81.80,1,"Classics"
64,349,"Myanmar","Myingyan",22,81.78,1,"Horror"
44,24,"India","Amroha",24,81.78,1,"Family"
17,498,"Bulgaria","Stara Zagora",26,81.76,1,"Foreign"
13,339,"Belarus","Mogiljov",24,81.76,1,"Action"
23,291,"China","Laiwu",27,81.75,1,"Action"
80,286,"Russian Federation","Kursk",23,80.85,1,"Documentary"
46,481,"Iran","Sirjan",20,80.83,1,"Horror"
73,122,"Paraguay","Ciudad del Este",18,80.82,1,"Horror"
44,336,"India","Miraj",29,80.81,1,"Sci-Fi"
67,438,"Netherlands","s-Hertogenbosch",23,80.80,1,"Animation"
104,562,"Venezuela","Valle de la Pascua",28,80.78,1,"Horror"
44,522,"India","Tambaram",29,80.78,1,"Documentary"
84,90,"Slovakia","Bratislava",26,80.77,1,"Drama"
23,588,"China","Yingkou",23,80.77,1,"Family"
74,99,"Peru","Callao",26,79.81,1,"Sci-Fi"
85,273,"South Africa","Klerksdorp",26,79.81,1,"Classics"
77,411,"Puerto Rico","Ponce",27,79.80,1,"Foreign"
46,467,"Iran","Shahr-e Kord",23,79.80,1,"Action"
25,315,"Congo, The Democratic Republic of the","Lubumbashi",26,79.78,1,"Games"
50,229,"Japan","Izumisano",30,79.75,1,"Sci-Fi"
50,547,"Japan","Tsuyama",21,78.84,1,"Comedy"
23,537,"China","Tieli",19,78.82,1,"Comedy"
69,252,"Nigeria","Kaduna",22,78.81,1,"Classics"
71,329,"Oman","Masqat",23,78.80,1,"Foreign"
85,392,"South Africa","Paarl",28,78.80,1,"Sports"
103,441,"United States","Saint Louis",23,78.79,1,"Games"
33,387,"Finland","Oulu",26,78.79,1,"Action"
38,439,"Germany","Saarbrcken",24,78.78,1,"Documentary"
23,249,"China","Junan",25,78.77,1,"Animation"
72,324,"Pakistan","Mandi Bahauddin",17,77.84,1,"Action"
34,92,"France","Brest",20,77.81,1,"Drama"
29,421,"Egypt","Qalyub",23,77.81,1,"Horror"
87,181,"Spain","Gijn",22,77.80,1,"Action"
23,210,"China","Huaian",25,77.79,1,"Foreign"
34,543,"France","Toulon",24,77.78,1,"Action"
6,454,"Argentina","San Miguel de Tucumn",24,77.77,1,"Documentary"
15,328,"Brazil","Maring",23,76.82,1,"Sci-Fi"
103,185,"United States","Grand Prairie",21,76.80,1,"Games"
23,592,"China","Zalantun",23,76.80,1,"Classics"
44,243,"India","Jodhpur",22,76.78,1,"Foreign"
82,13,"Saudi Arabia","al-Hawiya",18,75.83,1,"Sports"
76,255,"Poland","Kalisz",25,75.81,1,"Children"
44,429,"India","Ranchi",21,75.80,1,"Comedy"
15,21,"Brazil","Alvorada",26,75.79,1,"Sci-Fi"
15,317,"Brazil","Luzinia",23,75.78,1,"Sci-Fi"
6,165,"Argentina","Ezeiza",23,75.78,1,"Animation"
50,204,"Japan","Hino",18,74.84,1,"Animation"
44,208,"India","Hoshiarpur",21,74.83,1,"Action"
85,112,"South Africa","Chatsworth",17,74.83,1,"Games"
97,5,"Turkey","Adana",26,74.81,1,"Documentary"
103,155,"United States","El Monte",21,74.80,1,"Action"
51,402,"Kazakstan","Pavlodar",23,74.79,1,"Drama"
102,149,"United Kingdom","Dundee",26,74.77,1,"Documentary"
15,44,"Brazil","Bag",16,73.85,1,"Children"
103,433,"United States","Roanoke",23,73.83,1,"Classics"
72,375,"Pakistan","Okara",21,73.82,1,"Travel"
80,510,"Russian Federation","Syktyvkar",20,73.81,1,"Documentary"
44,354,"India","Nagaon",21,73.81,1,"Comedy"
50,256,"Japan","Kamakura",22,73.81,1,"Sci-Fi"
62,68,"Morocco","Beni-Mellal",22,73.80,1,"Foreign"
39,401,"Greece","Patras",28,73.78,1,"Sports"
96,492,"Tunisia","Sousse",23,73.78,1,"Sci-Fi"
45,117,"Indonesia","Cianjur",26,73.76,1,"Animation"
44,399,"India","Pathankot",18,72.83,1,"Action"
15,89,"Brazil","Braslia",22,72.82,1,"New"
102,496,"United Kingdom","Southport",21,72.82,1,"Games"
102,88,"United Kingdom","Bradford",23,72.79,1,"Comedy"
80,254,"Russian Federation","Kaliningrad",21,71.85,1,"Sci-Fi"
80,235,"Russian Federation","Jaroslavl",21,71.84,1,"Children"
75,82,"Philippines","Bislig",21,71.81,1,"Family"
80,150,"Russian Federation","Dzerzinsk",22,71.80,1,"Comedy"
97,222,"Turkey","Inegl",26,71.79,1,"Comedy"
60,330,"Mexico","Matamoros",23,71.77,1,"Sports"
23,471,"China","Shenzhen",19,70.82,1,"Comedy"
75,192,"Philippines","Hagonoy",18,70.82,1,"Animation"
44,191,"India","Gulbarga",19,70.81,1,"Action"
107,455,"Yemen","Sanaa",26,70.81,1,"Action"
44,176,"India","Gandhinagar",19,69.83,1,"Action"
23,594,"China","Zaoyang",22,69.79,1,"Drama"
60,250,"Mexico","Jurez",25,69.79,1,"Family"
15,215,"Brazil","Ibirit",20,68.87,1,"Comedy"
60,595,"Mexico","Zapopan",17,68.84,1,"Foreign"
49,551,"Italy","Udine",19,68.82,1,"Family"
50,331,"Japan","Matsue",20,68.81,1,"Action"
23,277,"China","Korla",28,68.77,1,"Animation"
22,428,"Chile","Rancagua",16,67.86,1,"Action"
80,367,"Russian Federation","Niznekamsk",17,67.86,1,"Foreign"
48,57,"Israel","Bat Yam",17,67.86,1,"Comedy"
1,251,"Afghanistan","Kabul",18,67.82,1,"Comedy"
80,369,"Russian Federation","Novoterkassk",20,66.82,1,"Documentary"
45,532,"Indonesia","Tegal",19,66.81,1,"Foreign"
104,55,"Venezuela","Barcelona",21,66.79,1,"Documentary"
23,584,"China","Yantai",20,65.87,1,"Documentary"
60,393,"Mexico","Pachuca de Soto",18,65.83,1,"Animation"
45,119,"Indonesia","Ciparay",23,65.83,1,"Games"
44,71,"India","Berhampore (Baharampur)",21,65.81,1,"Children"
97,529,"Turkey","Tarsus",16,64.85,1,"Children"
95,370,"Tonga","Nukualofa",18,64.84,1,"Sports"
81,269,"Saint Vincent and the Grenadines","Kingstown",25,64.82,1,"Horror"
23,166,"China","Ezhou",23,63.84,1,"Animation"
75,528,"Philippines","Tarlac",19,63.84,1,"Children"
80,531,"Russian Federation","Teboksary",23,63.79,1,"Music"
56,570,"Lithuania","Vilnius",24,63.78,1,"Children"
44,261,"India","Kanchrapara",16,62.85,1,"Travel"
87,459,"Spain","Santiago de Compostela",20,62.84,1,"Games"
50,276,"Japan","Koriyama",21,61.82,1,"Documentary"
44,211,"India","Hubli-Dharwad",15,59.86,1,"Action"
34,297,"France","Le Mans",20,59.83,1,"Sports"
9,307,"Austria","Linz",21,58.83,1,"Action"
63,534,"Mozambique","Tete",18,58.82,1,"New"
91,56,"Switzerland","Basel",14,57.87,1,"Classics"
97,281,"Turkey","Ktahya",18,57.86,1,"Documentary"
89,15,"Sudan","al-Qadarif",19,57.81,1,"Music"
44,283,"India","Kumbakonam",18,56.84,1,"Animation"
69,390,"Nigeria","Oyo",20,54.85,1,"Sci-Fi"
60,563,"Mexico","Valle de Santiago",24,52.81,1,"Sports"
92,546,"Taiwan","Tsaotun",19,50.83,1,"Drama"
23,159,"China","Enshi",14,49.88,1,"Animation"
3,516,"American Samoa","Tafuna",20,47.85,1,"Sports"
103,520,"United States","Tallahassee",15,37.87,1,"Sci-Fi"
23,175,"China","Fuzhou",14,32.90,1,"Animation"
76,97,"Poland","Bydgoszcz",12,27.93,1,"Action"
