"film_id","category_id","film_title","category","average_price","quantity","total_rental_revenue","last_rental_date"
1,6,"Academy Dinosaur","Documentary",0.99,6,5.94,"2006-02-15 10:07:09"
2,11,"Ace Goldfinger","Horror",4.99,3,14.97,"2006-02-15 10:07:09"
3,6,"Adaptation Holes","Documentary",2.99,7,20.93,"2006-02-15 10:07:09"
4,11,"Affair Prejudice","Horror",2.99,5,14.95,"2006-02-15 10:07:09"
5,8,"African Egg","Family",2.99,6,17.94,"2006-02-15 10:07:09"
6,9,"Agent Truman","Foreign",2.99,3,8.97,"2006-02-15 10:07:09"
7,5,"Airplane Sierra","Comedy",4.99,6,29.94,"2006-02-15 10:07:09"
8,11,"Airport Pollock","Horror",4.99,6,29.94,"2006-02-15 10:07:09"
9,11,"Alabama Devil","Horror",2.99,3,8.97,"2006-02-15 10:07:09"
10,15,"Aladdin Calendar","Sports",4.99,6,29.94,"2006-02-15 10:07:09"
11,9,"Alamo Videotape","Foreign",0.99,6,5.94,"2006-02-15 10:07:09"
12,12,"Alaska Phantom","Music",0.99,6,5.94,"2006-02-15 10:07:09"
13,11,"Ali Forever","Horror",4.99,4,19.96,"2006-02-15 10:07:09"
14,4,"Alice Fantasia","Classics",0.99,6,5.94,"2006-02-15 10:07:09"
15,9,"Alien Center","Foreign",2.99,5,14.95,"2006-02-15 10:07:09"
16,9,"Alley Evolution","Foreign",2.99,6,17.94,"2006-02-15 10:07:09"
17,12,"Alone Trip","Music",0.99,3,2.97,"2006-02-15 10:07:09"
18,2,"Alter Victory","Animation",0.99,6,5.94,"2006-02-15 10:07:09"
19,1,"Amadeus Holy","Action",0.99,6,5.94,"2006-02-15 10:07:09"
20,12,"Amelie Hellfighters","Music",4.99,4,19.96,"2006-02-15 10:07:09"
21,1,"American Circus","Action",4.99,3,14.97,"2006-02-15 10:07:09"
22,13,"Amistad Midsummer","New",2.99,6,17.94,"2006-02-15 10:07:09"
23,2,"Anaconda Confessions","Animation",0.99,3,2.97,"2006-02-15 10:07:09"
24,11,"Analyze Hoosiers","Horror",2.99,6,17.94,"2006-02-15 10:07:09"
25,13,"Angels Life","New",2.99,3,8.97,"2006-02-15 10:07:09"
26,14,"Annie Identity","Sci-Fi",0.99,3,2.97,"2006-02-15 10:07:09"
27,15,"Anonymous Human","Sports",0.99,7,6.93,"2006-02-15 10:07:09"
28,5,"Anthem Luke","Comedy",4.99,5,24.95,"2006-02-15 10:07:09"
29,1,"Antitrust Tomatoes","Action",2.99,5,14.95,"2006-02-15 10:07:09"
30,11,"Anything Savannah","Horror",2.99,4,11.96,"2006-02-15 10:07:09"
31,8,"Apache Divine","Family",4.99,5,24.95,"2006-02-15 10:07:09"
32,13,"Apocalypse Flamingos","New",4.99,6,29.94,"2006-02-15 10:07:09"
33,7,"Apollo Teen","Drama",2.99,5,14.95,"2006-02-15 10:07:09"
34,11,"Arabia Dogma","Horror",0.99,6,5.94,"2006-02-15 10:07:09"
35,11,"Arachnophobia Rollercoaster","Horror",2.99,4,11.96,"2006-02-15 10:07:09"
36,2,"Argonauts Town","Animation",0.99,7,6.93,"2006-02-15 10:07:09"
37,4,"Arizona Bang","Classics",2.99,3,8.97,"2006-02-15 10:07:09"
38,1,"Ark Ridgemont","Action",0.99,6,5.94,"2006-02-15 10:07:09"
39,14,"Armageddon Lost","Sci-Fi",0.99,5,4.95,"2006-02-15 10:07:09"
40,6,"Army Flintstones","Documentary",0.99,4,3.96,"2006-02-15 10:07:09"
41,16,"Arsenic Independence","Travel",0.99,4,3.96,"2006-02-15 10:07:09"
42,15,"Artist Coldblooded","Sports",2.99,5,14.95,"2006-02-15 10:07:09"
43,8,"Atlantis Cause","Family",2.99,6,17.94,"2006-02-15 10:07:09"
44,14,"Attacks Hate","Sci-Fi",4.99,5,24.95,"2006-02-15 10:07:09"
45,13,"Attraction Newton","New",4.99,5,24.95,"2006-02-15 10:07:09"
46,10,"Autumn Crow","Games",4.99,3,14.97,"2006-02-15 10:07:09"
47,9,"Baby Hall","Foreign",4.99,5,24.95,"2006-02-15 10:07:09"
48,3,"Backlash Undefeated","Children",4.99,3,14.97,"2006-02-15 10:07:09"
49,14,"Badman Dawn","Sci-Fi",2.99,6,17.94,"2006-02-15 10:07:09"
50,8,"Baked Cleopatra","Family",2.99,3,8.97,"2006-02-15 10:07:09"
51,12,"Balloon Homeward","Music",2.99,5,14.95,"2006-02-15 10:07:09"
52,9,"Ballroom Mockingbird","Foreign",0.99,6,5.94,"2006-02-15 10:07:09"
53,8,"Bang Kwai","Family",2.99,5,14.95,"2006-02-15 10:07:09"
54,12,"Banger Pinocchio","Music",0.99,5,4.95,"2006-02-15 10:07:09"
55,14,"Barbarella Streetcar","Sci-Fi",2.99,6,17.94,"2006-02-15 10:07:09"
56,1,"Barefoot Manchurian","Action",2.99,6,17.94,"2006-02-15 10:07:09"
57,16,"Basic Easy","Travel",2.99,4,11.96,"2006-02-15 10:07:09"
58,6,"Beach Heartbreakers","Documentary",2.99,6,17.94,"2006-02-15 10:07:09"
59,3,"Bear Graceland","Children",2.99,4,11.96,"2006-02-15 10:07:09"
60,4,"Beast Hunchback","Classics",4.99,3,14.97,"2006-02-15 10:07:09"
61,7,"Beauty Grease","Drama",4.99,5,24.95,"2006-02-15 10:07:09"
62,6,"Bed Highball","Documentary",2.99,5,14.95,"2006-02-15 10:07:09"
63,8,"Bedazzled Married","Family",0.99,6,5.94,"2006-02-15 10:07:09"
64,7,"Beethoven Exorcist","Drama",0.99,6,5.94,"2006-02-15 10:07:09"
65,11,"Behavior Runaway","Horror",4.99,3,14.97,"2006-02-15 10:07:09"
66,3,"Beneath Rush","Children",0.99,6,5.94,"2006-02-15 10:07:09"
67,1,"Berets Agent","Action",2.99,5,14.95,"2006-02-15 10:07:09"
68,3,"Betrayed Rear","Children",4.99,5,24.95,"2006-02-15 10:07:09"
69,14,"Beverly Outlaw","Sci-Fi",2.99,3,8.97,"2006-02-15 10:07:09"
70,2,"Bikini Borrowers","Animation",4.99,7,34.93,"2006-02-15 10:07:09"
71,8,"Bilko Anonymous","Family",4.99,3,14.97,"2006-02-15 10:07:09"
72,6,"Bill Others","Documentary",2.99,6,17.94,"2006-02-15 10:07:09"
73,14,"Bingo Talented","Sci-Fi",2.99,5,14.95,"2006-02-15 10:07:09"
74,12,"Birch Antitrust","Music",4.99,4,19.96,"2006-02-15 10:07:09"
75,16,"Bird Independence","Travel",4.99,6,29.94,"2006-02-15 10:07:09"
76,12,"Birdcage Casper","Music",0.99,4,3.96,"2006-02-15 10:07:09"
77,13,"Birds Perdition","New",4.99,5,24.95,"2006-02-15 10:07:09"
78,2,"Blackout Private","Animation",2.99,7,20.93,"2006-02-15 10:07:09"
79,7,"Blade Polish","Drama",0.99,5,4.95,"2006-02-15 10:07:09"
80,8,"Blanket Beverly","Family",2.99,7,20.93,"2006-02-15 10:07:09"
81,14,"Blindness Gun","Sci-Fi",4.99,6,29.94,"2006-02-15 10:07:09"
82,8,"Blood Argonauts","Family",0.99,3,2.97,"2006-02-15 10:07:09"
83,8,"Blues Instinct","Family",2.99,5,14.95,"2006-02-15 10:07:09"
84,16,"Boiled Dares","Travel",4.99,7,34.93,"2006-02-15 10:07:09"
85,6,"Bonnie Holocaust","Documentary",0.99,4,3.96,"2006-02-15 10:07:09"
86,12,"Boogie Amelie","Music",4.99,6,29.94,"2006-02-15 10:07:09"
87,16,"Boondock Ballroom","Travel",0.99,7,6.93,"2006-02-15 10:07:09"
88,16,"Born Spinal","Travel",4.99,7,34.93,"2006-02-15 10:07:09"
89,2,"Borrowers Bedazzled","Animation",0.99,7,6.93,"2006-02-15 10:07:09"
90,13,"Boulevard Mob","New",0.99,3,2.97,"2006-02-15 10:07:09"
91,4,"Bound Cheaper","Classics",0.99,5,4.95,"2006-02-15 10:07:09"
92,11,"Bowfinger Gables","Horror",4.99,7,34.93,"2006-02-15 10:07:09"
93,13,"Brannigan Sunrise","New",4.99,4,19.96,"2006-02-15 10:07:09"
94,8,"Braveheart Human","Family",2.99,7,20.93,"2006-02-15 10:07:09"
95,13,"Breakfast Goldfinger","New",4.99,5,24.95,"2006-02-15 10:07:09"
96,13,"Breaking Home","New",2.99,4,11.96,"2006-02-15 10:07:09"
97,1,"Bride Intrigue","Action",0.99,7,6.93,"2006-02-15 10:07:09"
98,7,"Bright Encounters","Drama",4.99,4,19.96,"2006-02-15 10:07:09"
99,5,"Bringing Hysterical","Comedy",2.99,7,20.93,"2006-02-15 10:07:09"
100,9,"Brooklyn Desert","Foreign",4.99,7,34.93,"2006-02-15 10:07:09"
101,6,"Brotherhood Blanket","Documentary",0.99,3,2.97,"2006-02-15 10:07:09"
102,15,"Bubble Grosse","Sports",4.99,4,19.96,"2006-02-15 10:07:09"
103,16,"Bucket Brotherhood","Travel",4.99,7,34.93,"2006-02-15 10:07:09"
104,9,"Bugsy Song","Foreign",2.99,4,11.96,"2006-02-15 10:07:09"
105,1,"Bull Shawshank","Action",0.99,6,5.94,"2006-02-15 10:07:09"
106,10,"Bulworth Commandments","Games",2.99,4,11.96,"2006-02-15 10:07:09"
107,7,"Bunch Minds","Drama",2.99,4,11.96,"2006-02-15 10:07:09"
108,13,"Butch Panther","New",0.99,6,5.94,"2006-02-15 10:07:09"
109,13,"Butterfly Chocolat","New",0.99,3,2.97,"2006-02-15 10:07:09"
110,3,"Cabin Flash","Children",0.99,4,3.96,"2006-02-15 10:07:09"
111,1,"Caddyshack Jedi","Action",0.99,3,2.97,"2006-02-15 10:07:09"
112,9,"Calendar Gunfight","Foreign",4.99,4,19.96,"2006-02-15 10:07:09"
113,15,"California Birds","Sports",4.99,4,19.96,"2006-02-15 10:07:09"
114,14,"Camelot Vacation","Sci-Fi",0.99,3,2.97,"2006-02-15 10:07:09"
115,1,"Campus Remember","Action",2.99,5,14.95,"2006-02-15 10:07:09"
116,4,"Candidate Perdition","Classics",2.99,4,11.96,"2006-02-15 10:07:09"
117,10,"Candles Grapes","Games",4.99,6,29.94,"2006-02-15 10:07:09"
118,2,"Canyon Stock","Animation",0.99,7,6.93,"2006-02-15 10:07:09"
119,5,"Caper Motions","Comedy",0.99,6,5.94,"2006-02-15 10:07:09"
120,15,"Caribbean Liberty","Sports",4.99,3,14.97,"2006-02-15 10:07:09"
121,2,"Carol Texas","Animation",2.99,4,11.96,"2006-02-15 10:07:09"
122,11,"Carrie Bunch","Horror",0.99,7,6.93,"2006-02-15 10:07:09"
123,16,"Casablanca Super","Travel",4.99,6,29.94,"2006-02-15 10:07:09"
124,3,"Casper Dragonfly","Children",4.99,3,14.97,"2006-02-15 10:07:09"
125,16,"Cassidy Wyoming","Travel",2.99,5,14.95,"2006-02-15 10:07:09"
126,1,"Casualties Encino","Action",4.99,3,14.97,"2006-02-15 10:07:09"
127,5,"Cat Coneheads","Comedy",4.99,5,24.95,"2006-02-15 10:07:09"
128,9,"Catch Amistad","Foreign",0.99,7,6.93,"2006-02-15 10:07:09"
129,6,"Cause Date","Documentary",2.99,3,8.97,"2006-02-15 10:07:09"
130,1,"Celebrity Horn","Action",0.99,7,6.93,"2006-02-15 10:07:09"
131,4,"Center Dinosaur","Classics",4.99,5,24.95,"2006-02-15 10:07:09"
132,14,"Chainsaw Uptown","Sci-Fi",0.99,6,5.94,"2006-02-15 10:07:09"
133,12,"Chamber Italian","Music",4.99,7,34.93,"2006-02-15 10:07:09"
134,2,"Champion Flatliners","Animation",4.99,4,19.96,"2006-02-15 10:07:09"
135,15,"Chance Resurrection","Sports",2.99,3,8.97,"2006-02-15 10:07:09"
136,13,"Chaplin License","New",2.99,7,20.93,"2006-02-15 10:07:09"
137,14,"Charade Duffel","Sci-Fi",2.99,3,8.97,"2006-02-15 10:07:09"
138,14,"Chariots Conspiracy","Sci-Fi",2.99,5,14.95,"2006-02-15 10:07:09"
139,8,"Chasing Fight","Family",4.99,7,34.93,"2006-02-15 10:07:09"
140,14,"Cheaper Clyde","Sci-Fi",0.99,6,5.94,"2006-02-15 10:07:09"
141,10,"Chicago North","Games",4.99,6,29.94,"2006-02-15 10:07:09"
142,6,"Chicken Hellfighters","Documentary",0.99,3,2.97,"2006-02-15 10:07:09"
143,7,"Chill Luck","Drama",0.99,6,5.94,"2006-02-15 10:07:09"
144,13,"Chinatown Gladiator","New",4.99,7,34.93,"2006-02-15 10:07:09"
145,8,"Chisum Behavior","Family",4.99,5,24.95,"2006-02-15 10:07:09"
146,7,"Chitty Lock","Drama",2.99,6,17.94,"2006-02-15 10:07:09"
147,8,"Chocolat Harry","Family",0.99,5,4.95,"2006-02-15 10:07:09"
148,9,"Chocolate Duck","Foreign",2.99,3,8.97,"2006-02-15 10:07:09"
149,3,"Christmas Moonshine","Children",0.99,7,6.93,"2006-02-15 10:07:09"
150,6,"Cider Desire","Documentary",2.99,7,20.93,"2006-02-15 10:07:09"
151,14,"Cincinatti Whisperer","Sci-Fi",4.99,5,24.95,"2006-02-15 10:07:09"
152,3,"Circus Youth","Children",2.99,5,14.95,"2006-02-15 10:07:09"
153,14,"Citizen Shrek","Sci-Fi",0.99,7,6.93,"2006-02-15 10:07:09"
154,2,"Clash Freddy","Animation",2.99,6,17.94,"2006-02-15 10:07:09"
155,13,"Cleopatra Devil","New",0.99,6,5.94,"2006-02-15 10:07:09"
156,6,"Clerks Angels","Documentary",4.99,3,14.97,"2006-02-15 10:07:09"
157,3,"Clockwork Paradise","Children",0.99,7,6.93,"2006-02-15 10:07:09"
158,12,"Clones Pinocchio","Music",2.99,6,17.94,"2006-02-15 10:07:09"
159,5,"Closer Bang","Comedy",4.99,5,24.95,"2006-02-15 10:07:09"
160,2,"Club Graffiti","Animation",0.99,4,3.96,"2006-02-15 10:07:09"
161,12,"Clue Grail","Music",4.99,6,29.94,"2006-02-15 10:07:09"
162,1,"Clueless Bucket","Action",2.99,4,11.96,"2006-02-15 10:07:09"
163,13,"Clyde Theory","New",0.99,4,3.96,"2006-02-15 10:07:09"
164,6,"Coast Rainbow","Documentary",0.99,4,3.96,"2006-02-15 10:07:09"
165,14,"Coldblooded Darling","Sci-Fi",4.99,7,34.93,"2006-02-15 10:07:09"
166,4,"Color Philadelphia","Classics",2.99,6,17.94,"2006-02-15 10:07:09"
167,16,"Coma Head","Travel",4.99,6,29.94,"2006-02-15 10:07:09"
168,3,"Comancheros Enemy","Children",0.99,5,4.95,"2006-02-15 10:07:09"
169,16,"Comforts Rush","Travel",2.99,3,8.97,"2006-02-15 10:07:09"
170,9,"Command Darling","Foreign",4.99,5,24.95,"2006-02-15 10:07:09"
171,11,"Commandments Express","Horror",4.99,6,29.94,"2006-02-15 10:07:09"
172,7,"Coneheads Smoochy","Drama",4.99,7,34.93,"2006-02-15 10:07:09"
173,7,"Confessions Maguire","Drama",4.99,7,34.93,"2006-02-15 10:07:09"
174,12,"Confidential Interview","Music",4.99,6,29.94,"2006-02-15 10:07:09"
175,8,"Confused Candles","Family",2.99,3,8.97,"2006-02-15 10:07:09"
176,15,"Congeniality Quest","Sports",0.99,6,5.94,"2006-02-15 10:07:09"
177,14,"Connecticut Tramp","Sci-Fi",4.99,4,19.96,"2006-02-15 10:07:09"
178,5,"Connection Microcosmos","Comedy",0.99,6,5.94,"2006-02-15 10:07:09"
179,7,"Conquerer Nuts","Drama",4.99,4,19.96,"2006-02-15 10:07:09"
180,4,"Conspiracy Spirit","Classics",2.99,4,11.96,"2006-02-15 10:07:09"
181,16,"Contact Anonymous","Travel",2.99,7,20.93,"2006-02-15 10:07:09"
182,5,"Control Anthem","Comedy",4.99,7,34.93,"2006-02-15 10:07:09"
183,8,"Conversation Downhill","Family",4.99,4,19.96,"2006-02-15 10:07:09"
184,4,"Core Suit","Classics",2.99,3,8.97,"2006-02-15 10:07:09"
185,9,"Cowboy Doom","Foreign",2.99,3,8.97,"2006-02-15 10:07:09"
186,7,"Craft Outfield","Drama",0.99,6,5.94,"2006-02-15 10:07:09"
187,15,"Cranes Reservoir","Sports",2.99,5,14.95,"2006-02-15 10:07:09"
188,5,"Crazy Home","Comedy",2.99,7,20.93,"2006-02-15 10:07:09"
189,10,"Creatures Shakespeare","Games",0.99,3,2.97,"2006-02-15 10:07:09"
190,4,"Creepers Kane","Classics",4.99,5,24.95,"2006-02-15 10:07:09"
191,3,"Crooked Frogmen","Children",0.99,6,5.94,"2006-02-15 10:07:09"
192,9,"Crossing Divorce","Foreign",4.99,4,19.96,"2006-02-15 10:07:09"
193,2,"Crossroads Casualties","Animation",2.99,5,14.95,"2006-02-15 10:07:09"
194,1,"Crow Grease","Action",0.99,6,5.94,"2006-02-15 10:07:09"
195,14,"Crowds Telemark","Sci-Fi",4.99,3,14.97,"2006-02-15 10:07:09"
196,4,"Cruelty Unforgiven","Classics",0.99,7,6.93,"2006-02-15 10:07:09"
197,15,"Crusade Honey","Sports",2.99,4,11.96,"2006-02-15 10:07:09"
198,9,"Crystal Breaking","Foreign",2.99,6,17.94,"2006-02-15 10:07:09"
199,6,"Cupboard Sinners","Documentary",2.99,4,11.96,"2006-02-15 10:07:09"
200,10,"Curtain Videotape","Games",0.99,7,6.93,"2006-02-15 10:07:09"
201,9,"Cyclone Family","Foreign",2.99,7,20.93,"2006-02-15 10:07:09"
202,5,"Daddy Pittsburgh","Comedy",4.99,5,24.95,"2006-02-15 10:07:09"
203,14,"Daisy Menagerie","Sci-Fi",4.99,5,24.95,"2006-02-15 10:07:09"
204,7,"Dalmations Sweden","Drama",0.99,4,3.96,"2006-02-15 10:07:09"
205,1,"Dances None","Action",0.99,3,2.97,"2006-02-15 10:07:09"
206,6,"Dancing Fever","Documentary",0.99,6,5.94,"2006-02-15 10:07:09"
207,9,"Dangerous Uptown","Foreign",4.99,7,34.93,"2006-02-15 10:07:09"
208,2,"Dares Pluto","Animation",2.99,7,20.93,"2006-02-15 10:07:09"
209,7,"Darkness War","Drama",2.99,6,17.94,"2006-02-15 10:07:09"
210,1,"Darko Dorado","Action",4.99,3,14.97,"2006-02-15 10:07:09"
211,10,"Darling Breaking","Games",4.99,7,34.93,"2006-02-15 10:07:09"
212,1,"Darn Forrester","Action",4.99,7,34.93,"2006-02-15 10:07:09"
213,8,"Date Speed","Family",0.99,4,3.96,"2006-02-15 10:07:09"
214,3,"Daughter Madigan","Children",4.99,3,14.97,"2006-02-15 10:07:09"
215,10,"Dawn Pond","Games",4.99,4,19.96,"2006-02-15 10:07:09"
216,13,"Day Unfaithful","New",4.99,3,14.97,"2006-02-15 10:07:09"
217,10,"Dazed Punk","Games",4.99,6,29.94,"2006-02-15 10:07:09"
218,7,"Deceiver Betrayed","Drama",0.99,7,6.93,"2006-02-15 10:07:09"
219,6,"Deep Crusade","Documentary",4.99,6,29.94,"2006-02-15 10:07:09"
220,12,"Deer Virginian","Music",2.99,7,20.93,"2006-02-15 10:07:09"
221,6,"Deliverance Mulholland","Documentary",0.99,4,3.96,"2006-02-15 10:07:09"
222,11,"Desert Poseidon","Horror",4.99,4,19.96,"2006-02-15 10:07:09"
223,2,"Desire Alien","Animation",2.99,7,20.93,"2006-02-15 10:07:09"
224,16,"Desperate Trainspotting","Travel",4.99,7,34.93,"2006-02-15 10:07:09"
225,7,"Destination Jerk","Drama",0.99,3,2.97,"2006-02-15 10:07:09"
226,13,"Destiny Saturday","New",4.99,4,19.96,"2006-02-15 10:07:09"
227,10,"Details Packer","Games",4.99,4,19.96,"2006-02-15 10:07:09"
228,4,"Detective Vision","Classics",0.99,4,3.96,"2006-02-15 10:07:09"
229,1,"Devil Desire","Action",4.99,6,29.94,"2006-02-15 10:07:09"
230,7,"Diary Panic","Drama",2.99,7,20.93,"2006-02-15 10:07:09"
231,8,"Dinosaur Secretary","Family",2.99,7,20.93,"2006-02-15 10:07:09"
232,10,"Dirty Ace","Games",2.99,7,20.93,"2006-02-15 10:07:09"
233,16,"Disciple Mother","Travel",0.99,3,2.97,"2006-02-15 10:07:09"
234,14,"Disturbing Scarface","Sci-Fi",2.99,6,17.94,"2006-02-15 10:07:09"
235,14,"Divide Monster","Sci-Fi",2.99,6,17.94,"2006-02-15 10:07:09"
236,10,"Divine Resurrection","Games",2.99,4,11.96,"2006-02-15 10:07:09"
237,15,"Divorce Shining","Sports",2.99,3,8.97,"2006-02-15 10:07:09"
238,3,"Doctor Grail","Children",2.99,4,11.96,"2006-02-15 10:07:09"
239,2,"Dogma Family","Animation",4.99,5,24.95,"2006-02-15 10:07:09"
240,14,"Dolls Rage","Sci-Fi",2.99,7,20.93,"2006-02-15 10:07:09"
241,2,"Donnie Alley","Animation",0.99,4,3.96,"2006-02-15 10:07:09"
242,5,"Doom Dancing","Comedy",0.99,4,3.96,"2006-02-15 10:07:09"
243,2,"Doors President","Animation",4.99,3,14.97,"2006-02-15 10:07:09"
244,12,"Dorado Notting","Music",4.99,5,24.95,"2006-02-15 10:07:09"
245,2,"Double Wrath","Animation",0.99,4,3.96,"2006-02-15 10:07:09"
246,9,"Doubtfire Labyrinth","Foreign",4.99,5,24.95,"2006-02-15 10:07:09"
247,5,"Downhill Enough","Comedy",0.99,3,2.97,"2006-02-15 10:07:09"
248,6,"Dozen Lion","Documentary",4.99,6,29.94,"2006-02-15 10:07:09"
249,4,"Dracula Crystal","Classics",0.99,7,6.93,"2006-02-15 10:07:09"
250,1,"Dragon Squad","Action",0.99,4,3.96,"2006-02-15 10:07:09"
251,13,"Dragonfly Strangers","New",4.99,6,29.94,"2006-02-15 10:07:09"
252,1,"Dream Pickup","Action",2.99,6,17.94,"2006-02-15 10:07:09"
253,1,"Drifter Commandments","Action",4.99,5,24.95,"2006-02-15 10:07:09"
254,15,"Driver Annie","Sports",2.99,4,11.96,"2006-02-15 10:07:09"
255,12,"Driving Polish","Music",4.99,6,29.94,"2006-02-15 10:07:09"
256,15,"Drop Waterfront","Sports",4.99,6,29.94,"2006-02-15 10:07:09"
257,16,"Drumline Cyclone","Travel",0.99,3,2.97,"2006-02-15 10:07:09"
258,11,"Drums Dynamite","Horror",0.99,6,5.94,"2006-02-15 10:07:09"
259,2,"Duck Racer","Animation",2.99,4,11.96,"2006-02-15 10:07:09"
260,15,"Dude Blindness","Sports",4.99,3,14.97,"2006-02-15 10:07:09"
261,6,"Duffel Apocalypse","Documentary",0.99,5,4.95,"2006-02-15 10:07:09"
262,8,"Dumbo Lust","Family",0.99,5,4.95,"2006-02-15 10:07:09"
263,15,"Durham Panky","Sports",4.99,6,29.94,"2006-02-15 10:07:09"
264,10,"Dwarfs Alter","Games",2.99,6,17.94,"2006-02-15 10:07:09"
265,5,"Dying Maker","Comedy",4.99,5,24.95,"2006-02-15 10:07:09"
266,4,"Dynamite Tarzan","Classics",0.99,4,3.96,"2006-02-15 10:07:09"
267,13,"Eagles Panky","New",4.99,4,19.96,"2006-02-15 10:07:09"
268,2,"Early Home","Animation",4.99,6,29.94,"2006-02-15 10:07:09"
269,8,"Earring Instinct","Family",0.99,3,2.97,"2006-02-15 10:07:09"
270,13,"Earth Vision","New",0.99,7,6.93,"2006-02-15 10:07:09"
271,1,"Easy Gladiator","Action",4.99,5,24.95,"2006-02-15 10:07:09"
272,7,"Edge Kissing","Drama",4.99,5,24.95,"2006-02-15 10:07:09"
273,8,"Effect Gladiator","Family",0.99,6,5.94,"2006-02-15 10:07:09"
274,6,"Egg Igby","Documentary",2.99,4,11.96,"2006-02-15 10:07:09"
275,11,"Egypt Tenenbaums","Horror",0.99,3,2.97,"2006-02-15 10:07:09"
276,5,"Element Freddy","Comedy",4.99,6,29.94,"2006-02-15 10:07:09"
277,11,"Elephant Trojan","Horror",4.99,4,19.96,"2006-02-15 10:07:09"
278,12,"Elf Murder","Music",4.99,4,19.96,"2006-02-15 10:07:09"
279,15,"Elizabeth Shane","Sports",4.99,7,34.93,"2006-02-15 10:07:09"
280,3,"Empire Malkovich","Children",0.99,7,6.93,"2006-02-15 10:07:09"
281,10,"Encino Elf","Games",0.99,6,5.94,"2006-02-15 10:07:09"
282,7,"Encounters Curtain","Drama",0.99,5,4.95,"2006-02-15 10:07:09"
283,13,"Ending Crowds","New",0.99,6,5.94,"2006-02-15 10:07:09"
284,12,"Enemy Odds","Music",4.99,5,24.95,"2006-02-15 10:07:09"
285,14,"English Bulworth","Sci-Fi",0.99,3,2.97,"2006-02-15 10:07:09"
286,16,"Enough Raging","Travel",2.99,7,20.93,"2006-02-15 10:07:09"
287,1,"Entrapment Satisfaction","Action",0.99,5,4.95,"2006-02-15 10:07:09"
288,16,"Escape Metropolis","Travel",2.99,7,20.93,"2006-02-15 10:07:09"
289,13,"Eve Resurrection","New",4.99,5,24.95,"2006-02-15 10:07:09"
290,9,"Everyone Craft","Foreign",0.99,4,3.96,"2006-02-15 10:07:09"
291,15,"Evolution Alter","Sports",0.99,5,4.95,"2006-02-15 10:07:09"
292,1,"Excitement Eve","Action",0.99,3,2.97,"2006-02-15 10:07:09"
293,15,"Exorcist Sting","Sports",2.99,6,17.94,"2006-02-15 10:07:09"
294,16,"Expecations Natural","Travel",4.99,5,24.95,"2006-02-15 10:07:09"
295,6,"Expendable Stallion","Documentary",0.99,3,2.97,"2006-02-15 10:07:09"
296,14,"Express Lonely","Sci-Fi",2.99,5,14.95,"2006-02-15 10:07:09"
297,4,"Extraordinary Conquerer","Classics",2.99,6,17.94,"2006-02-15 10:07:09"
298,14,"Eyes Driving","Sci-Fi",2.99,4,11.96,"2006-02-15 10:07:09"
299,16,"Factory Dragon","Travel",0.99,4,3.96,"2006-02-15 10:07:09"
300,2,"Falcon Volume","Animation",4.99,5,24.95,"2006-02-15 10:07:09"
301,11,"Family Sweet","Horror",0.99,4,3.96,"2006-02-15 10:07:09"
302,10,"Fantasia Park","Games",2.99,5,14.95,"2006-02-15 10:07:09"
303,1,"Fantasy Troopers","Action",0.99,6,5.94,"2006-02-15 10:07:09"
304,3,"Fargo Gandhi","Children",2.99,3,8.97,"2006-02-15 10:07:09"
305,13,"Fatal Haunted","New",2.99,6,17.94,"2006-02-15 10:07:09"
306,10,"Feathers Metal","Games",0.99,3,2.97,"2006-02-15 10:07:09"
307,16,"Fellowship Autumn","Travel",4.99,6,29.94,"2006-02-15 10:07:09"
308,5,"Ferris Mother","Comedy",2.99,3,8.97,"2006-02-15 10:07:09"
309,8,"Feud Frogmen","Family",0.99,6,5.94,"2006-02-15 10:07:09"
310,10,"Fever Empire","Games",4.99,5,24.95,"2006-02-15 10:07:09"
311,9,"Fiction Christmas","Foreign",0.99,4,3.96,"2006-02-15 10:07:09"
312,14,"Fiddler Lost","Sci-Fi",4.99,4,19.96,"2006-02-15 10:07:09"
313,11,"Fidelity Devil","Horror",4.99,5,24.95,"2006-02-15 10:07:09"
314,2,"Fight Jawbreaker","Animation",0.99,3,2.97,"2006-02-15 10:07:09"
315,8,"Finding Anaconda","Family",0.99,4,3.96,"2006-02-15 10:07:09"
316,10,"Fire Wolves","Games",4.99,5,24.95,"2006-02-15 10:07:09"
317,5,"Fireball Philadelphia","Comedy",0.99,4,3.96,"2006-02-15 10:07:09"
318,1,"Firehouse Vietnam","Action",0.99,7,6.93,"2006-02-15 10:07:09"
319,14,"Fish Opus","Sci-Fi",2.99,4,11.96,"2006-02-15 10:07:09"
320,13,"Flamingos Connecticut","New",4.99,4,19.96,"2006-02-15 10:07:09"
321,13,"Flash Wars","New",4.99,3,14.97,"2006-02-15 10:07:09"
322,15,"Flatliners Killer","Sports",2.99,5,14.95,"2006-02-15 10:07:09"
323,15,"Flight Lies","Sports",4.99,7,34.93,"2006-02-15 10:07:09"
324,5,"Flintstones Happiness","Comedy",4.99,3,14.97,"2006-02-15 10:07:09"
325,2,"Floats Garden","Animation",2.99,6,17.94,"2006-02-15 10:07:09"
326,2,"Flying Hook","Animation",2.99,6,17.94,"2006-02-15 10:07:09"
327,1,"Fool Mockingbird","Action",4.99,3,14.97,"2006-02-15 10:07:09"
328,3,"Forever Candidate","Children",2.99,7,20.93,"2006-02-15 10:07:09"
329,1,"Forrest Sons","Action",2.99,4,11.96,"2006-02-15 10:07:09"
330,2,"Forrester Comancheros","Animation",4.99,7,34.93,"2006-02-15 10:07:09"
331,10,"Forward Temple","Games",2.99,6,17.94,"2006-02-15 10:07:09"
332,5,"Frankenstein Stranger","Comedy",0.99,7,6.93,"2006-02-15 10:07:09"
333,12,"Freaky Pocus","Music",2.99,7,20.93,"2006-02-15 10:07:09"
334,11,"Freddy Storm","Horror",4.99,6,29.94,"2006-02-15 10:07:09"
335,5,"Freedom Cleopatra","Comedy",0.99,5,4.95,"2006-02-15 10:07:09"
336,6,"French Holiday","Documentary",4.99,5,24.95,"2006-02-15 10:07:09"
337,9,"Frida Slipper","Foreign",2.99,6,17.94,"2006-02-15 10:07:09"
338,14,"Frisco Forrest","Sci-Fi",4.99,6,29.94,"2006-02-15 10:07:09"
339,16,"Frogmen Breaking","Travel",0.99,5,4.95,"2006-02-15 10:07:09"
340,13,"Frontier Cabin","New",4.99,6,29.94,"2006-02-15 10:07:09"
341,4,"Frost Head","Classics",0.99,5,4.95,"2006-02-15 10:07:09"
342,16,"Fugitive Maguire","Travel",4.99,7,34.93,"2006-02-15 10:07:09"
343,3,"Full Flatliners","Children",2.99,6,17.94,"2006-02-15 10:07:09"
344,3,"Fury Murder","Children",0.99,3,2.97,"2006-02-15 10:07:09"
345,8,"Gables Metropolis","Family",0.99,3,2.97,"2006-02-15 10:07:09"
346,4,"Galaxy Sweethearts","Classics",4.99,4,19.96,"2006-02-15 10:07:09"
347,16,"Games Bowfinger","Travel",4.99,7,34.93,"2006-02-15 10:07:09"
348,8,"Gandhi Kwai","Family",0.99,7,6.93,"2006-02-15 10:07:09"
349,2,"Gangs Pride","Animation",2.99,4,11.96,"2006-02-15 10:07:09"
350,14,"Garden Island","Sci-Fi",4.99,3,14.97,"2006-02-15 10:07:09"
351,11,"Gaslight Crusade","Horror",2.99,4,11.96,"2006-02-15 10:07:09"
352,10,"Gathering Calendar","Games",0.99,4,3.96,"2006-02-15 10:07:09"
353,9,"Gentlemen Stage","Foreign",2.99,6,17.94,"2006-02-15 10:07:09"
354,3,"Ghost Groundhog","Children",4.99,6,29.94,"2006-02-15 10:07:09"
355,2,"Ghostbusters Elf","Animation",0.99,7,6.93,"2006-02-15 10:07:09"
356,3,"Giant Troopers","Children",2.99,5,14.95,"2006-02-15 10:07:09"
357,4,"Gilbert Pelican","Classics",0.99,7,6.93,"2006-02-15 10:07:09"
358,4,"Gilmore Boiled","Classics",0.99,5,4.95,"2006-02-15 10:07:09"
359,8,"Gladiator Westward","Family",4.99,6,29.94,"2006-02-15 10:07:09"
360,1,"Glass Dying","Action",0.99,4,3.96,"2006-02-15 10:07:09"
361,15,"Gleaming Jawbreaker","Sports",2.99,5,14.95,"2006-02-15 10:07:09"
362,10,"Glory Tracy","Games",2.99,7,20.93,"2006-02-15 10:07:09"
363,12,"Go Purple","Music",0.99,3,2.97,"2006-02-15 10:07:09"
364,13,"Godfather Diary","New",2.99,3,8.97,"2006-02-15 10:07:09"
365,5,"Gold River","Comedy",4.99,4,19.96,"2006-02-15 10:07:09"
366,7,"Goldfinger Sensibility","Drama",0.99,3,2.97,"2006-02-15 10:07:09"
367,14,"Goldmine Tycoon","Sci-Fi",0.99,6,5.94,"2006-02-15 10:07:09"
368,7,"Gone Trouble","Drama",2.99,7,20.93,"2006-02-15 10:07:09"
369,14,"Goodfellas Salute","Sci-Fi",4.99,4,19.96,"2006-02-15 10:07:09"
370,3,"Gorgeous Bingo","Children",2.99,4,11.96,"2006-02-15 10:07:09"
371,1,"Gosford Donnie","Action",4.99,5,24.95,"2006-02-15 10:07:09"
372,15,"Graceland Dynamite","Sports",4.99,5,24.95,"2006-02-15 10:07:09"
373,3,"Graduate Lord","Children",2.99,7,20.93,"2006-02-15 10:07:09"
374,14,"Graffiti Love","Sci-Fi",0.99,3,2.97,"2006-02-15 10:07:09"
375,1,"Grail Frankenstein","Action",2.99,4,11.96,"2006-02-15 10:07:09"
376,9,"Grapes Fury","Foreign",0.99,4,3.96,"2006-02-15 10:07:09"
377,8,"Grease Youth","Family",0.99,7,6.93,"2006-02-15 10:07:09"
378,12,"Greatest North","Music",2.99,5,14.95,"2006-02-15 10:07:09"
379,7,"Greedy Roots","Drama",0.99,7,6.93,"2006-02-15 10:07:09"
380,9,"Greek Everyone","Foreign",2.99,7,20.93,"2006-02-15 10:07:09"
381,10,"Grinch Massage","Games",4.99,7,34.93,"2006-02-15 10:07:09"
382,10,"Grit Clockwork","Games",0.99,3,2.97,"2006-02-15 10:07:09"
383,15,"Groove Fiction","Sports",0.99,6,5.94,"2006-02-15 10:07:09"
384,12,"Grosse Wonderful","Music",4.99,5,24.95,"2006-02-15 10:07:09"
385,5,"Groundhog Uncut","Comedy",4.99,6,29.94,"2006-02-15 10:07:09"
386,16,"Gump Date","Travel",4.99,3,14.97,"2006-02-15 10:07:09"
387,10,"Gun Bonnie","Games",0.99,7,6.93,"2006-02-15 10:07:09"
388,5,"Gunfight Moon","Comedy",0.99,5,4.95,"2006-02-15 10:07:09"
389,15,"Gunfighter Mussolini","Sports",2.99,3,8.97,"2006-02-15 10:07:09"
390,14,"Guys Falcon","Sci-Fi",4.99,4,19.96,"2006-02-15 10:07:09"
391,8,"Half Outfield","Family",2.99,6,17.94,"2006-02-15 10:07:09"
392,3,"Hall Cassidy","Children",4.99,5,24.95,"2006-02-15 10:07:09"
393,6,"Halloween Nuts","Documentary",2.99,6,17.94,"2006-02-15 10:07:09"
394,14,"Hamlet Wisdom","Sci-Fi",2.99,7,20.93,"2006-02-15 10:07:09"
395,1,"Handicap Boondock","Action",0.99,4,3.96,"2006-02-15 10:07:09"
396,7,"Hanging Deep","Drama",4.99,5,24.95,"2006-02-15 10:07:09"
397,14,"Hanky October","Sci-Fi",2.99,5,14.95,"2006-02-15 10:07:09"
398,12,"Hanover Galaxy","Music",4.99,5,24.95,"2006-02-15 10:07:09"
399,9,"Happiness United","Foreign",2.99,6,17.94,"2006-02-15 10:07:09"
400,6,"Hardly Robbers","Documentary",2.99,7,20.93,"2006-02-15 10:07:09"
401,7,"Harold French","Drama",0.99,6,5.94,"2006-02-15 10:07:09"
402,2,"Harper Dying","Animation",0.99,3,2.97,"2006-02-15 10:07:09"
403,7,"Harry Idaho","Drama",4.99,5,24.95,"2006-02-15 10:07:09"
404,5,"Hate Handicap","Comedy",0.99,4,3.96,"2006-02-15 10:07:09"
405,16,"Haunted Antitrust","Travel",4.99,6,29.94,"2006-02-15 10:07:09"
406,10,"Haunting Pianist","Games",0.99,5,4.95,"2006-02-15 10:07:09"
407,6,"Hawk Chill","Documentary",0.99,5,4.95,"2006-02-15 10:07:09"
408,10,"Head Stranger","Games",4.99,4,19.96,"2006-02-15 10:07:09"
409,3,"Heartbreakers Bright","Children",4.99,3,14.97,"2006-02-15 10:07:09"
410,5,"Heaven Freedom","Comedy",2.99,7,20.93,"2006-02-15 10:07:09"
411,12,"Heavenly Gun","Music",4.99,5,24.95,"2006-02-15 10:07:09"
412,6,"Heavyweights Beast","Documentary",4.99,6,29.94,"2006-02-15 10:07:09"
413,5,"Hedwig Alter","Comedy",2.99,7,20.93,"2006-02-15 10:07:09"
414,9,"Hellfighters Sierra","Foreign",2.99,3,8.97,"2006-02-15 10:07:09"
415,11,"High Encino","Horror",2.99,3,8.97,"2006-02-15 10:07:09"
416,9,"Highball Potter","Foreign",0.99,6,5.94,"2006-02-15 10:07:09"
417,1,"Hills Neighbors","Action",0.99,5,4.95,"2006-02-15 10:07:09"
418,7,"Hobbit Alien","Drama",0.99,5,4.95,"2006-02-15 10:07:09"
419,8,"Hocus Frida","Family",2.99,4,11.96,"2006-02-15 10:07:09"
420,15,"Holes Brannigan","Sports",4.99,7,34.93,"2006-02-15 10:07:09"
421,9,"Holiday Games","Foreign",4.99,7,34.93,"2006-02-15 10:07:09"
422,14,"Hollow Jeopardy","Sci-Fi",4.99,7,34.93,"2006-02-15 10:07:09"
423,3,"Hollywood Anonymous","Children",0.99,7,6.93,"2006-02-15 10:07:09"
424,3,"Holocaust Highball","Children",0.99,6,5.94,"2006-02-15 10:07:09"
425,4,"Holy Tadpole","Classics",0.99,6,5.94,"2006-02-15 10:07:09"
426,12,"Home Pity","Music",4.99,7,34.93,"2006-02-15 10:07:09"
427,6,"Homeward Cider","Documentary",0.99,5,4.95,"2006-02-15 10:07:09"
428,8,"Homicide Peach","Family",2.99,6,17.94,"2006-02-15 10:07:09"
429,15,"Honey Ties","Sports",0.99,3,2.97,"2006-02-15 10:07:09"
430,2,"Hook Chariots","Animation",0.99,7,6.93,"2006-02-15 10:07:09"
431,9,"Hoosiers Birdcage","Foreign",2.99,3,8.97,"2006-02-15 10:07:09"
432,4,"Hope Tootsie","Classics",2.99,4,11.96,"2006-02-15 10:07:09"
433,2,"Horn Working","Animation",2.99,4,11.96,"2006-02-15 10:07:09"
434,16,"Horror Reign","Travel",0.99,3,2.97,"2006-02-15 10:07:09"
435,9,"Hotel Happiness","Foreign",4.99,6,29.94,"2006-02-15 10:07:09"
436,13,"Hours Rage","New",0.99,4,3.96,"2006-02-15 10:07:09"
437,8,"House Dynamite","Family",2.99,7,20.93,"2006-02-15 10:07:09"
438,10,"Human Graffiti","Games",2.99,3,8.97,"2006-02-15 10:07:09"
439,7,"Hunchback Impossible","Drama",4.99,4,19.96,"2006-02-15 10:07:09"
440,9,"Hunger Roof","Foreign",0.99,6,5.94,"2006-02-15 10:07:09"
441,6,"Hunter Alter","Documentary",2.99,5,14.95,"2006-02-15 10:07:09"
442,8,"Hunting Musketeers","Family",2.99,6,17.94,"2006-02-15 10:07:09"
443,5,"Hurricane Affair","Comedy",2.99,6,17.94,"2006-02-15 10:07:09"
444,5,"Hustler Party","Comedy",4.99,3,14.97,"2006-02-15 10:07:09"
445,4,"Hyde Doctor","Classics",2.99,5,14.95,"2006-02-15 10:07:09"
446,15,"Hysterical Grail","Sports",4.99,5,24.95,"2006-02-15 10:07:09"
447,10,"Ice Crossing","Games",2.99,5,14.95,"2006-02-15 10:07:09"
448,13,"Idaho Love","New",2.99,3,8.97,"2006-02-15 10:07:09"
449,14,"Identity Lover","Sci-Fi",2.99,4,11.96,"2006-02-15 10:07:09"
450,3,"Idols Snatchers","Children",2.99,5,14.95,"2006-02-15 10:07:09"
451,16,"Igby Maker","Travel",4.99,7,34.93,"2006-02-15 10:07:09"
452,9,"Illusion Amelie","Foreign",0.99,4,3.96,"2006-02-15 10:07:09"
453,15,"Image Princess","Sports",2.99,3,8.97,"2006-02-15 10:07:09"
454,12,"Impact Aladdin","Music",0.99,6,5.94,"2006-02-15 10:07:09"
455,9,"Impossible Prejudice","Foreign",4.99,7,34.93,"2006-02-15 10:07:09"
456,2,"Inch Jet","Animation",4.99,6,29.94,"2006-02-15 10:07:09"
457,6,"Independence Hotel","Documentary",0.99,5,4.95,"2006-02-15 10:07:09"
458,8,"Indian Love","Family",0.99,4,3.96,"2006-02-15 10:07:09"
459,9,"Informer Double","Foreign",4.99,4,19.96,"2006-02-15 10:07:09"
460,9,"Innocent Usual","Foreign",4.99,3,14.97,"2006-02-15 10:07:09"
461,2,"Insects Stone","Animation",0.99,3,2.97,"2006-02-15 10:07:09"
462,12,"Insider Arizona","Music",2.99,5,14.95,"2006-02-15 10:07:09"
463,15,"Instinct Airport","Sports",2.99,4,11.96,"2006-02-15 10:07:09"
464,2,"Intentions Empire","Animation",2.99,3,8.97,"2006-02-15 10:07:09"
465,13,"Interview Liaisons","New",4.99,4,19.96,"2006-02-15 10:07:09"
466,6,"Intolerable Intentions","Documentary",4.99,6,29.94,"2006-02-15 10:07:09"
467,9,"Intrigue Worst","Foreign",0.99,6,5.94,"2006-02-15 10:07:09"
468,3,"Invasion Cyclone","Children",2.99,5,14.95,"2006-02-15 10:07:09"
469,4,"Iron Moon","Classics",4.99,7,34.93,"2006-02-15 10:07:09"
470,2,"Ishtar Rocketeer","Animation",4.99,4,19.96,"2006-02-15 10:07:09"
471,4,"Island Exorcist","Classics",2.99,7,20.93,"2006-02-15 10:07:09"
472,16,"Italian African","Travel",4.99,3,14.97,"2006-02-15 10:07:09"
473,7,"Jacket Frisco","Drama",2.99,5,14.95,"2006-02-15 10:07:09"
474,15,"Jade Bunch","Sports",2.99,6,17.94,"2006-02-15 10:07:09"
475,11,"Japanese Run","Horror",0.99,6,5.94,"2006-02-15 10:07:09"
476,8,"Jason Trap","Family",2.99,5,14.95,"2006-02-15 10:07:09"
477,12,"Jawbreaker Brooklyn","Music",0.99,5,4.95,"2006-02-15 10:07:09"
478,5,"Jaws Harry","Comedy",2.99,4,11.96,"2006-02-15 10:07:09"
479,8,"Jedi Beneath","Family",0.99,7,6.93,"2006-02-15 10:07:09"
480,4,"Jeepers Wedding","Classics",2.99,3,8.97,"2006-02-15 10:07:09"
481,13,"Jekyll Frogmen","New",2.99,4,11.96,"2006-02-15 10:07:09"
482,4,"Jeopardy Encino","Classics",0.99,3,2.97,"2006-02-15 10:07:09"
483,10,"Jericho Mulan","Games",2.99,3,8.97,"2006-02-15 10:07:09"
484,4,"Jerk Paycheck","Classics",2.99,3,8.97,"2006-02-15 10:07:09"
485,3,"Jersey Sassy","Children",4.99,6,29.94,"2006-02-15 10:07:09"
486,9,"Jet Neighbors","Foreign",4.99,7,34.93,"2006-02-15 10:07:09"
487,4,"Jingle Sagebrush","Classics",4.99,6,29.94,"2006-02-15 10:07:09"
488,15,"Joon Northwest","Sports",0.99,3,2.97,"2006-02-15 10:07:09"
489,2,"Juggler Hardly","Animation",0.99,4,3.96,"2006-02-15 10:07:09"
490,13,"Jumanji Blade","New",2.99,4,11.96,"2006-02-15 10:07:09"
491,3,"Jumping Wrath","Children",0.99,4,3.96,"2006-02-15 10:07:09"
492,13,"Jungle Closer","New",0.99,6,5.94,"2006-02-15 10:07:09"
493,9,"Kane Exorcist","Foreign",0.99,5,4.95,"2006-02-15 10:07:09"
494,11,"Karate Moon","Horror",0.99,4,3.96,"2006-02-15 10:07:09"
495,11,"Kentuckian Giant","Horror",2.99,5,14.95,"2006-02-15 10:07:09"
496,16,"Kick Savannah","Travel",0.99,3,2.97,"2006-02-15 10:07:09"
497,6,"Kill Brotherhood","Documentary",0.99,4,3.96,"2006-02-15 10:07:09"
498,8,"Killer Innocent","Family",2.99,7,20.93,"2006-02-15 10:07:09"
499,8,"King Evolution","Family",4.99,3,14.97,"2006-02-15 10:07:09"
500,9,"Kiss Glory","Foreign",4.99,5,24.95,"2006-02-15 10:07:09"
501,1,"Kissing Dolls","Action",4.99,3,14.97,"2006-02-15 10:07:09"
502,5,"Knock Warlock","Comedy",2.99,4,11.96,"2006-02-15 10:07:09"
503,15,"Kramer Chocolate","Sports",2.99,3,8.97,"2006-02-15 10:07:09"
504,7,"Kwai Homeward","Drama",0.99,5,4.95,"2006-02-15 10:07:09"
505,3,"Labyrinth League","Children",2.99,6,17.94,"2006-02-15 10:07:09"
506,11,"Lady Stage","Horror",4.99,4,19.96,"2006-02-15 10:07:09"
507,10,"Ladybugs Armageddon","Games",0.99,4,3.96,"2006-02-15 10:07:09"
508,10,"Lambs Cincinatti","Games",4.99,6,29.94,"2006-02-15 10:07:09"
509,3,"Language Cowboy","Children",0.99,5,4.95,"2006-02-15 10:07:09"
510,2,"Lawless Vision","Animation",4.99,6,29.94,"2006-02-15 10:07:09"
511,1,"Lawrence Love","Action",0.99,7,6.93,"2006-02-15 10:07:09"
512,4,"League Hellfighters","Classics",4.99,5,24.95,"2006-02-15 10:07:09"
513,16,"Leathernecks Dwarfs","Travel",2.99,6,17.94,"2006-02-15 10:07:09"
514,7,"Lebowski Soldiers","Drama",2.99,6,17.94,"2006-02-15 10:07:09"
515,3,"Legally Secretary","Children",4.99,7,34.93,"2006-02-15 10:07:09"
516,12,"Legend Jedi","Music",0.99,7,6.93,"2006-02-15 10:07:09"
517,15,"Lesson Cleopatra","Sports",0.99,3,2.97,"2006-02-15 10:07:09"
518,16,"Liaisons Sweet","Travel",4.99,5,24.95,"2006-02-15 10:07:09"
519,15,"Liberty Magnificent","Sports",2.99,3,8.97,"2006-02-15 10:07:09"
520,14,"License Weekend","Sci-Fi",2.99,7,20.93,"2006-02-15 10:07:09"
521,7,"Lies Treatment","Drama",4.99,7,34.93,"2006-02-15 10:07:09"
522,5,"Life Twisted","Comedy",2.99,4,11.96,"2006-02-15 10:07:09"
523,4,"Lights Deer","Classics",0.99,7,6.93,"2006-02-15 10:07:09"
524,5,"Lion Uncut","Comedy",0.99,6,5.94,"2006-02-15 10:07:09"
525,4,"Loathing Legally","Classics",0.99,4,3.96,"2006-02-15 10:07:09"
526,16,"Lock Rear","Travel",2.99,7,20.93,"2006-02-15 10:07:09"
527,11,"Lola Agent","Horror",4.99,4,19.96,"2006-02-15 10:07:09"
528,8,"Lolita World","Family",2.99,4,11.96,"2006-02-15 10:07:09"
529,5,"Lonely Elephant","Comedy",2.99,3,8.97,"2006-02-15 10:07:09"
530,1,"Lord Arizona","Action",2.99,5,14.95,"2006-02-15 10:07:09"
531,9,"Lose Inch","Foreign",0.99,3,2.97,"2006-02-15 10:07:09"
532,15,"Loser Hustler","Sports",4.99,5,24.95,"2006-02-15 10:07:09"
533,9,"Lost Bird","Foreign",2.99,4,11.96,"2006-02-15 10:07:09"
534,8,"Louisiana Harry","Family",0.99,5,4.95,"2006-02-15 10:07:09"
535,11,"Love Suicides","Horror",0.99,6,5.94,"2006-02-15 10:07:09"
536,4,"Lovely Jingle","Classics",2.99,3,8.97,"2006-02-15 10:07:09"
537,4,"Lover Truman","Classics",2.99,3,8.97,"2006-02-15 10:07:09"
538,13,"Loverboy Attacks","New",0.99,7,6.93,"2006-02-15 10:07:09"
539,7,"Luck Opus","Drama",2.99,7,20.93,"2006-02-15 10:07:09"
540,12,"Lucky Flying","Music",2.99,7,20.93,"2006-02-15 10:07:09"
541,2,"Luke Mummy","Animation",2.99,5,14.95,"2006-02-15 10:07:09"
542,1,"Lust Lock","Action",2.99,3,8.97,"2006-02-15 10:07:09"
543,16,"Madigan Dorado","Travel",4.99,5,24.95,"2006-02-15 10:07:09"
544,6,"Madison Trap","Documentary",2.99,4,11.96,"2006-02-15 10:07:09"
545,9,"Madness Attacks","Foreign",0.99,4,3.96,"2006-02-15 10:07:09"
546,10,"Madre Gables","Games",2.99,7,20.93,"2006-02-15 10:07:09"
547,3,"Magic Mallrats","Children",0.99,3,2.97,"2006-02-15 10:07:09"
548,4,"Magnificent Chitty","Classics",2.99,3,8.97,"2006-02-15 10:07:09"
549,1,"Magnolia Forrester","Action",0.99,4,3.96,"2006-02-15 10:07:09"
550,8,"Maguire Apache","Family",2.99,6,17.94,"2006-02-15 10:07:09"
551,13,"Maiden Home","New",4.99,3,14.97,"2006-02-15 10:07:09"
552,6,"Majestic Floats","Documentary",0.99,5,4.95,"2006-02-15 10:07:09"
553,3,"Maker Gables","Children",0.99,4,3.96,"2006-02-15 10:07:09"
554,4,"Malkovich Pet","Classics",2.99,6,17.94,"2006-02-15 10:07:09"
555,5,"Mallrats United","Comedy",0.99,4,3.96,"2006-02-15 10:07:09"
556,10,"Maltese Hope","Games",4.99,6,29.94,"2006-02-15 10:07:09"
557,8,"Manchurian Curtain","Family",2.99,5,14.95,"2006-02-15 10:07:09"
558,13,"Mannequin Worst","New",2.99,3,8.97,"2006-02-15 10:07:09"
559,14,"Married Go","Sci-Fi",2.99,7,20.93,"2006-02-15 10:07:09"
560,10,"Mars Roman","Games",0.99,6,5.94,"2006-02-15 10:07:09"
561,13,"Mask Peach","New",2.99,6,17.94,"2006-02-15 10:07:09"
562,12,"Masked Bubble","Music",0.99,6,5.94,"2006-02-15 10:07:09"
563,10,"Massacre Usual","Games",4.99,6,29.94,"2006-02-15 10:07:09"
564,2,"Massage Image","Animation",2.99,4,11.96,"2006-02-15 10:07:09"
565,9,"Matrix Snowman","Foreign",4.99,6,29.94,"2006-02-15 10:07:09"
566,9,"Maude Mod","Foreign",0.99,6,5.94,"2006-02-15 10:07:09"
567,9,"Meet Chocolate","Foreign",2.99,3,8.97,"2006-02-15 10:07:09"
568,5,"Memento Zoolander","Comedy",4.99,4,19.96,"2006-02-15 10:07:09"
569,2,"Menagerie Rushmore","Animation",2.99,7,20.93,"2006-02-15 10:07:09"
570,15,"Mermaid Insects","Sports",4.99,5,24.95,"2006-02-15 10:07:09"
571,6,"Metal Armageddon","Documentary",2.99,6,17.94,"2006-02-15 10:07:09"
572,14,"Metropolis Coma","Sci-Fi",2.99,4,11.96,"2006-02-15 10:07:09"
573,3,"Microcosmos Paradise","Children",2.99,6,17.94,"2006-02-15 10:07:09"
574,1,"Midnight Westward","Action",0.99,3,2.97,"2006-02-15 10:07:09"
575,6,"Midsummer Groundhog","Documentary",4.99,3,14.97,"2006-02-15 10:07:09"
576,6,"Mighty Luck","Documentary",2.99,7,20.93,"2006-02-15 10:07:09"
577,15,"Mile Mulan","Sports",0.99,4,3.96,"2006-02-15 10:07:09"
578,4,"Million Ace","Classics",4.99,4,19.96,"2006-02-15 10:07:09"
579,1,"Minds Truman","Action",4.99,3,14.97,"2006-02-15 10:07:09"
580,13,"Mine Titans","New",4.99,3,14.97,"2006-02-15 10:07:09"
581,12,"Minority Kiss","Music",0.99,4,3.96,"2006-02-15 10:07:09"
582,2,"Miracle Virtual","Animation",2.99,3,8.97,"2006-02-15 10:07:09"
583,2,"Mission Zoolander","Animation",4.99,3,14.97,"2006-02-15 10:07:09"
584,9,"Mixed Doors","Foreign",2.99,6,17.94,"2006-02-15 10:07:09"
585,7,"Mob Duffel","Drama",0.99,4,3.96,"2006-02-15 10:07:09"
586,1,"Mockingbird Hollywood","Action",0.99,4,3.96,"2006-02-15 10:07:09"
587,6,"Mod Secretary","Documentary",4.99,6,29.94,"2006-02-15 10:07:09"
588,3,"Model Fish","Children",4.99,4,19.96,"2006-02-15 10:07:09"
589,6,"Modern Dorado","Documentary",0.99,3,2.97,"2006-02-15 10:07:09"
590,13,"Money Harold","New",2.99,3,8.97,"2006-02-15 10:07:09"
591,10,"Monsoon Cause","Games",4.99,6,29.94,"2006-02-15 10:07:09"
592,12,"Monster Spartacus","Music",2.99,6,17.94,"2006-02-15 10:07:09"
593,11,"Monterey Labyrinth","Horror",0.99,6,5.94,"2006-02-15 10:07:09"
594,1,"Montezuma Command","Action",0.99,6,5.94,"2006-02-15 10:07:09"
595,9,"Moon Bunch","Foreign",0.99,7,6.93,"2006-02-15 10:07:09"
596,10,"Moonshine Cabin","Games",4.99,4,19.96,"2006-02-15 10:07:09"
597,10,"Moonwalker Fool","Games",4.99,5,24.95,"2006-02-15 10:07:09"
598,15,"Mosquito Armageddon","Sports",0.99,6,5.94,"2006-02-15 10:07:09"
599,15,"Mother Oleander","Sports",0.99,3,2.97,"2006-02-15 10:07:09"
600,11,"Motions Details","Horror",0.99,5,4.95,"2006-02-15 10:07:09"
601,16,"Moulin Wake","Travel",0.99,4,3.96,"2006-02-15 10:07:09"
602,14,"Mourning Purple","Sci-Fi",0.99,5,4.95,"2006-02-15 10:07:09"
603,8,"Movie Shakespeare","Family",4.99,6,29.94,"2006-02-15 10:07:09"
604,5,"Mulan Moon","Comedy",0.99,4,3.96,"2006-02-15 10:07:09"
605,9,"Mulholland Beast","Foreign",2.99,7,20.93,"2006-02-15 10:07:09"
606,15,"Mummy Creatures","Sports",0.99,3,2.97,"2006-02-15 10:07:09"
607,9,"Muppet Mile","Foreign",4.99,5,24.95,"2006-02-15 10:07:09"
608,3,"Murder Antitrust","Children",2.99,6,17.94,"2006-02-15 10:07:09"
609,16,"Muscle Bright","Travel",2.99,7,20.93,"2006-02-15 10:07:09"
610,8,"Music Boondock","Family",0.99,7,6.93,"2006-02-15 10:07:09"
611,4,"Musketeers Wait","Classics",4.99,7,34.93,"2006-02-15 10:07:09"
612,15,"Mussolini Spoilers","Sports",2.99,6,17.94,"2006-02-15 10:07:09"
613,5,"Mystic Truman","Comedy",0.99,5,4.95,"2006-02-15 10:07:09"
614,10,"Name Detective","Games",4.99,5,24.95,"2006-02-15 10:07:09"
615,2,"Nash Chocolat","Animation",2.99,6,17.94,"2006-02-15 10:07:09"
616,6,"National Story","Documentary",2.99,4,11.96,"2006-02-15 10:07:09"
617,8,"Natural Stock","Family",0.99,4,3.96,"2006-02-15 10:07:09"
618,7,"Necklace Outbreak","Drama",0.99,3,2.97,"2006-02-15 10:07:09"
619,15,"Neighbors Charade","Sports",0.99,3,2.97,"2006-02-15 10:07:09"
620,14,"Nemo Campus","Sci-Fi",2.99,5,14.95,"2006-02-15 10:07:09"
621,8,"Network Peak","Family",2.99,5,14.95,"2006-02-15 10:07:09"
622,6,"Newsies Story","Documentary",0.99,4,3.96,"2006-02-15 10:07:09"
623,9,"Newton Labyrinth","Foreign",0.99,4,3.96,"2006-02-15 10:07:09"
624,10,"Nightmare Chill","Games",4.99,3,14.97,"2006-02-15 10:07:09"
625,14,"None Spiking","Sci-Fi",0.99,3,2.97,"2006-02-15 10:07:09"
626,3,"Noon Papi","Children",2.99,5,14.95,"2006-02-15 10:07:09"
627,6,"North Tequila","Documentary",4.99,4,19.96,"2006-02-15 10:07:09"
628,15,"Northwest Polish","Sports",2.99,5,14.95,"2006-02-15 10:07:09"
629,6,"Notorious Reunion","Documentary",0.99,7,6.93,"2006-02-15 10:07:09"
630,7,"Notting Speakeasy","Drama",0.99,7,6.93,"2006-02-15 10:07:09"
631,15,"Novocaine Flight","Sports",0.99,4,3.96,"2006-02-15 10:07:09"
632,13,"Nuts Ties","New",4.99,5,24.95,"2006-02-15 10:07:09"
633,4,"October Submarine","Classics",4.99,6,29.94,"2006-02-15 10:07:09"
634,8,"Odds Boogie","Family",0.99,6,5.94,"2006-02-15 10:07:09"
635,13,"Oklahoma Jumanji","New",0.99,7,6.93,"2006-02-15 10:07:09"
636,12,"Oleander Clue","Music",0.99,5,4.95,"2006-02-15 10:07:09"
637,14,"Open African","Sci-Fi",4.99,7,34.93,"2006-02-15 10:07:09"
638,5,"Operation Operation","Comedy",2.99,7,20.93,"2006-02-15 10:07:09"
639,8,"Opposite Necklace","Family",4.99,7,34.93,"2006-02-15 10:07:09"
640,9,"Opus Ice","Foreign",4.99,5,24.95,"2006-02-15 10:07:09"
641,9,"Orange Grapes","Foreign",0.99,4,3.96,"2006-02-15 10:07:09"
642,16,"Order Betrayed","Travel",2.99,7,20.93,"2006-02-15 10:07:09"
643,7,"Orient Closer","Drama",2.99,3,8.97,"2006-02-15 10:07:09"
644,2,"Oscar Gold","Animation",2.99,7,20.93,"2006-02-15 10:07:09"
645,16,"Others Soup","Travel",2.99,7,20.93,"2006-02-15 10:07:09"
646,10,"Outbreak Divine","Games",0.99,6,5.94,"2006-02-15 10:07:09"
647,12,"Outfield Massacre","Music",0.99,4,3.96,"2006-02-15 10:07:09"
648,16,"Outlaw Hanky","Travel",4.99,7,34.93,"2006-02-15 10:07:09"
649,2,"Oz Liaisons","Animation",2.99,4,11.96,"2006-02-15 10:07:09"
650,6,"Pacific Amistad","Documentary",0.99,3,2.97,"2006-02-15 10:07:09"
651,2,"Packer Madigan","Animation",0.99,3,2.97,"2006-02-15 10:07:09"
652,4,"Pajama Jawbreaker","Classics",0.99,3,2.97,"2006-02-15 10:07:09"
653,11,"Panic Club","Horror",4.99,3,14.97,"2006-02-15 10:07:09"
654,10,"Panky Submarine","Games",4.99,4,19.96,"2006-02-15 10:07:09"
655,14,"Panther Reds","Sci-Fi",4.99,5,24.95,"2006-02-15 10:07:09"
656,16,"Papi Necklace","Travel",0.99,3,2.97,"2006-02-15 10:07:09"
657,5,"Paradise Sabrina","Comedy",2.99,5,14.95,"2006-02-15 10:07:09"
658,11,"Paris Weekend","Horror",2.99,7,20.93,"2006-02-15 10:07:09"
659,1,"Park Citizen","Action",4.99,3,14.97,"2006-02-15 10:07:09"
660,5,"Party Knock","Comedy",2.99,7,20.93,"2006-02-15 10:07:09"
661,9,"Past Suicides","Foreign",4.99,5,24.95,"2006-02-15 10:07:09"
662,7,"Paths Control","Drama",4.99,3,14.97,"2006-02-15 10:07:09"
663,4,"Patient Sister","Classics",0.99,7,6.93,"2006-02-15 10:07:09"
664,1,"Patriot Roman","Action",2.99,6,17.94,"2006-02-15 10:07:09"
665,11,"Patton Interview","Horror",2.99,4,11.96,"2006-02-15 10:07:09"
666,7,"Paycheck Wait","Drama",4.99,4,19.96,"2006-02-15 10:07:09"
667,15,"Peach Innocent","Sports",2.99,3,8.97,"2006-02-15 10:07:09"
668,15,"Peak Forever","Sports",4.99,7,34.93,"2006-02-15 10:07:09"
669,9,"Pearl Destiny","Foreign",2.99,3,8.97,"2006-02-15 10:07:09"
670,6,"Pelican Comforts","Documentary",4.99,4,19.96,"2006-02-15 10:07:09"
671,15,"Perdition Fargo","Sports",4.99,7,34.93,"2006-02-15 10:07:09"
672,5,"Perfect Groove","Comedy",2.99,7,20.93,"2006-02-15 10:07:09"
673,12,"Personal Ladybugs","Music",0.99,3,2.97,"2006-02-15 10:07:09"
674,9,"Pet Haunting","Foreign",0.99,3,2.97,"2006-02-15 10:07:09"
675,13,"Phantom Glory","New",2.99,6,17.94,"2006-02-15 10:07:09"
676,15,"Philadelphia Wife","Sports",4.99,7,34.93,"2006-02-15 10:07:09"
677,13,"Pianist Outfield","New",0.99,6,5.94,"2006-02-15 10:07:09"
678,15,"Pickup Driving","Sports",2.99,3,8.97,"2006-02-15 10:07:09"
679,8,"Pilot Hoosiers","Family",2.99,6,17.94,"2006-02-15 10:07:09"
680,5,"Pinocchio Simon","Comedy",4.99,4,19.96,"2006-02-15 10:07:09"
681,15,"Pirates Roxanne","Sports",0.99,4,3.96,"2006-02-15 10:07:09"
682,8,"Pittsburgh Hunchback","Family",4.99,4,19.96,"2006-02-15 10:07:09"
683,7,"Pity Bound","Drama",4.99,5,24.95,"2006-02-15 10:07:09"
684,10,"Pizza Jumanji","Games",2.99,4,11.96,"2006-02-15 10:07:09"
685,13,"Platoon Instinct","New",4.99,6,29.94,"2006-02-15 10:07:09"
686,13,"Pluto Oleander","New",4.99,5,24.95,"2006-02-15 10:07:09"
687,6,"Pocus Pulp","Documentary",0.99,6,5.94,"2006-02-15 10:07:09"
688,3,"Polish Brooklyn","Children",0.99,6,5.94,"2006-02-15 10:07:09"
689,9,"Pollock Deliverance","Foreign",2.99,5,14.95,"2006-02-15 10:07:09"
690,2,"Pond Seattle","Animation",2.99,7,20.93,"2006-02-15 10:07:09"
691,15,"Poseidon Forever","Sports",4.99,6,29.94,"2006-02-15 10:07:09"
692,2,"Potluck Mixed","Animation",2.99,3,8.97,"2006-02-15 10:07:09"
693,2,"Potter Connecticut","Animation",2.99,5,14.95,"2006-02-15 10:07:09"
694,4,"Prejudice Oleander","Classics",4.99,6,29.94,"2006-02-15 10:07:09"
695,8,"President Bang","Family",4.99,6,29.94,"2006-02-15 10:07:09"
696,2,"Pride Alamo","Animation",0.99,6,5.94,"2006-02-15 10:07:09"
697,1,"Primary Glass","Action",0.99,7,6.93,"2006-02-15 10:07:09"
698,6,"Princess Giant","Documentary",2.99,3,8.97,"2006-02-15 10:07:09"
699,10,"Private Drop","Games",4.99,7,34.93,"2006-02-15 10:07:09"
700,8,"Prix Undefeated","Family",2.99,4,11.96,"2006-02-15 10:07:09"
701,10,"Psycho Shrunk","Games",2.99,5,14.95,"2006-02-15 10:07:09"
702,11,"Pulp Beverly","Horror",2.99,4,11.96,"2006-02-15 10:07:09"
703,2,"Punk Divorce","Animation",4.99,6,29.94,"2006-02-15 10:07:09"
704,5,"Pure Runner","Comedy",2.99,3,8.97,"2006-02-15 10:07:09"
705,9,"Purple Movie","Foreign",2.99,4,11.96,"2006-02-15 10:07:09"
706,7,"Queen Luke","Drama",4.99,5,24.95,"2006-02-15 10:07:09"
707,1,"Quest Mussolini","Action",2.99,5,14.95,"2006-02-15 10:07:09"
708,6,"Quills Bull","Documentary",4.99,4,19.96,"2006-02-15 10:07:09"
709,7,"Racer Egg","Drama",2.99,7,20.93,"2006-02-15 10:07:09"
710,8,"Rage Games","Family",4.99,4,19.96,"2006-02-15 10:07:09"
711,14,"Raging Airplane","Sci-Fi",4.99,4,19.96,"2006-02-15 10:07:09"
712,6,"Raiders Antitrust","Documentary",0.99,4,3.96,"2006-02-15 10:07:09"
713,6,"Rainbow Shock","Documentary",4.99,3,14.97,"2006-02-15 10:07:09"
714,14,"Random Go","Sci-Fi",2.99,6,17.94,"2006-02-15 10:07:09"
715,8,"Range Moonwalker","Family",4.99,3,14.97,"2006-02-15 10:07:09"
716,11,"Reap Unfaithful","Horror",2.99,6,17.94,"2006-02-15 10:07:09"
717,1,"Rear Trading","Action",0.99,6,5.94,"2006-02-15 10:07:09"
718,12,"Rebel Airport","Music",0.99,7,6.93,"2006-02-15 10:07:09"
719,15,"Records Zorro","Sports",4.99,7,34.93,"2006-02-15 10:07:09"
720,13,"Redemption Comforts","New",2.99,3,8.97,"2006-02-15 10:07:09"
721,12,"Reds Pocus","Music",4.99,7,34.93,"2006-02-15 10:07:09"
722,11,"Reef Salute","Horror",0.99,5,4.95,"2006-02-15 10:07:09"
723,14,"Reign Gentlemen","Sci-Fi",2.99,3,8.97,"2006-02-15 10:07:09"
724,8,"Remember Diary","Family",2.99,5,14.95,"2006-02-15 10:07:09"
725,4,"Requiem Tycoon","Classics",4.99,6,29.94,"2006-02-15 10:07:09"
726,9,"Reservoir Adaptation","Foreign",2.99,7,20.93,"2006-02-15 10:07:09"
727,8,"Resurrection Silverado","Family",0.99,6,5.94,"2006-02-15 10:07:09"
728,7,"Reunion Witches","Drama",0.99,3,2.97,"2006-02-15 10:07:09"
729,15,"Rider Caddyshack","Sports",2.99,5,14.95,"2006-02-15 10:07:09"
730,13,"Ridgemont Submarine","New",0.99,3,2.97,"2006-02-15 10:07:09"
731,4,"Right Cranes","Classics",4.99,7,34.93,"2006-02-15 10:07:09"
732,1,"Rings Heartbreakers","Action",0.99,5,4.95,"2006-02-15 10:07:09"
733,15,"River Outlaw","Sports",0.99,4,3.96,"2006-02-15 10:07:09"
734,6,"Road Roxanne","Documentary",4.99,4,19.96,"2006-02-15 10:07:09"
735,3,"Robbers Joon","Children",2.99,7,20.93,"2006-02-15 10:07:09"
736,8,"Robbery Bright","Family",0.99,4,3.96,"2006-02-15 10:07:09"
737,11,"Rock Instinct","Horror",0.99,4,3.96,"2006-02-15 10:07:09"
738,9,"Rocketeer Mother","Foreign",0.99,3,2.97,"2006-02-15 10:07:09"
739,7,"Rocky War","Drama",4.99,4,19.96,"2006-02-15 10:07:09"
740,11,"Rollercoaster Bringing","Horror",2.99,5,14.95,"2006-02-15 10:07:09"
741,12,"Roman Punk","Music",0.99,7,6.93,"2006-02-15 10:07:09"
742,10,"Roof Champion","Games",0.99,7,6.93,"2006-02-15 10:07:09"
743,2,"Room Roman","Animation",0.99,7,6.93,"2006-02-15 10:07:09"
744,4,"Roots Remember","Classics",0.99,4,3.96,"2006-02-15 10:07:09"
745,15,"Roses Treasure","Sports",4.99,5,24.95,"2006-02-15 10:07:09"
746,10,"Rouge Squad","Games",0.99,3,2.97,"2006-02-15 10:07:09"
747,10,"Roxanne Rebel","Games",0.99,5,4.95,"2006-02-15 10:07:09"
748,1,"Rugrats Shakespeare","Action",0.99,4,3.96,"2006-02-15 10:07:09"
749,11,"Rules Human","Horror",4.99,6,29.94,"2006-02-15 10:07:09"
750,13,"Run Pacific","New",0.99,3,2.97,"2006-02-15 10:07:09"
751,13,"Runaway Tenenbaums","New",0.99,6,5.94,"2006-02-15 10:07:09"
752,12,"Runner Madigan","Music",0.99,6,5.94,"2006-02-15 10:07:09"
753,8,"Rush Goodfellas","Family",0.99,3,2.97,"2006-02-15 10:07:09"
754,5,"Rushmore Mermaid","Comedy",2.99,6,17.94,"2006-02-15 10:07:09"
755,3,"Sabrina Midnight","Children",4.99,5,24.95,"2006-02-15 10:07:09"
756,5,"Saddle Antitrust","Comedy",2.99,7,20.93,"2006-02-15 10:07:09"
757,6,"Sagebrush Clueless","Documentary",2.99,4,11.96,"2006-02-15 10:07:09"
758,7,"Saints Bride","Drama",2.99,5,14.95,"2006-02-15 10:07:09"
759,13,"Salute Apollo","New",2.99,4,11.96,"2006-02-15 10:07:09"
760,13,"Samurai Lion","New",2.99,5,14.95,"2006-02-15 10:07:09"
761,3,"Santa Paris","Children",2.99,7,20.93,"2006-02-15 10:07:09"
762,10,"Sassy Packer","Games",0.99,6,5.94,"2006-02-15 10:07:09"
763,15,"Satisfaction Confidential","Sports",4.99,3,14.97,"2006-02-15 10:07:09"
764,15,"Saturday Lambs","Sports",4.99,3,14.97,"2006-02-15 10:07:09"
765,5,"Saturn Name","Comedy",4.99,7,34.93,"2006-02-15 10:07:09"
766,7,"Savannah Town","Drama",0.99,5,4.95,"2006-02-15 10:07:09"
767,12,"Scalawag Duck","Music",4.99,6,29.94,"2006-02-15 10:07:09"
768,3,"Scarface Bang","Children",4.99,3,14.97,"2006-02-15 10:07:09"
769,9,"School Jacket","Foreign",4.99,5,24.95,"2006-02-15 10:07:09"
770,9,"Scissorhands Slums","Foreign",2.99,5,14.95,"2006-02-15 10:07:09"
771,7,"Scorpion Apollo","Drama",4.99,3,14.97,"2006-02-15 10:07:09"
772,7,"Sea Virgin","Drama",2.99,4,11.96,"2006-02-15 10:07:09"
773,15,"Seabiscuit Punk","Sports",2.99,6,17.94,"2006-02-15 10:07:09"
774,5,"Searchers Wait","Comedy",2.99,3,8.97,"2006-02-15 10:07:09"
775,7,"Seattle Expecations","Drama",4.99,4,19.96,"2006-02-15 10:07:09"
776,6,"Secret Groundhog","Documentary",4.99,6,29.94,"2006-02-15 10:07:09"
777,15,"Secretary Rouge","Sports",4.99,5,24.95,"2006-02-15 10:07:09"
778,8,"Secrets Paradise","Family",4.99,3,14.97,"2006-02-15 10:07:09"
779,15,"Sense Greek","Sports",4.99,4,19.96,"2006-02-15 10:07:09"
780,8,"Sensibility Rear","Family",4.99,7,34.93,"2006-02-15 10:07:09"
781,10,"Seven Swarm","Games",4.99,4,19.96,"2006-02-15 10:07:09"
782,15,"Shakespeare Saddle","Sports",2.99,6,17.94,"2006-02-15 10:07:09"
783,16,"Shane Darkness","Travel",2.99,5,14.95,"2006-02-15 10:07:09"
784,16,"Shanghai Tycoon","Travel",2.99,7,20.93,"2006-02-15 10:07:09"
785,16,"Shawshank Bubble","Travel",4.99,6,29.94,"2006-02-15 10:07:09"
786,3,"Shepherd Midsummer","Children",0.99,7,6.93,"2006-02-15 10:07:09"
787,16,"Shining Roses","Travel",0.99,4,3.96,"2006-02-15 10:07:09"
788,6,"Ship Wonderland","Documentary",2.99,5,14.95,"2006-02-15 10:07:09"
789,9,"Shock Cabin","Foreign",2.99,7,20.93,"2006-02-15 10:07:09"
790,7,"Shootist Superfly","Drama",0.99,6,5.94,"2006-02-15 10:07:09"
791,6,"Show Lord","Documentary",4.99,3,14.97,"2006-02-15 10:07:09"
792,9,"Shrek License","Foreign",2.99,7,20.93,"2006-02-15 10:07:09"
793,1,"Shrunk Divine","Action",2.99,6,17.94,"2006-02-15 10:07:09"
794,1,"Side Ark","Action",0.99,5,4.95,"2006-02-15 10:07:09"
795,8,"Siege Madre","Family",0.99,7,6.93,"2006-02-15 10:07:09"
796,15,"Sierra Divide","Sports",0.99,3,2.97,"2006-02-15 10:07:09"
797,12,"Silence Kane","Music",0.99,7,6.93,"2006-02-15 10:07:09"
798,14,"Silverado Goldfinger","Sci-Fi",4.99,4,19.96,"2006-02-15 10:07:09"
799,11,"Simon North","Horror",0.99,3,2.97,"2006-02-15 10:07:09"
800,11,"Sinners Atlantis","Horror",2.99,7,20.93,"2006-02-15 10:07:09"
801,3,"Sister Freddy","Children",4.99,5,24.95,"2006-02-15 10:07:09"
802,1,"Sky Miracle","Action",2.99,7,20.93,"2006-02-15 10:07:09"
803,7,"Slacker Liaisons","Drama",4.99,7,34.93,"2006-02-15 10:07:09"
804,11,"Sleeping Suspects","Horror",4.99,7,34.93,"2006-02-15 10:07:09"
805,2,"Sleepless Monsoon","Animation",4.99,5,24.95,"2006-02-15 10:07:09"
806,13,"Sleepy Japanese","New",2.99,4,11.96,"2006-02-15 10:07:09"
807,10,"Sleuth Orient","Games",0.99,4,3.96,"2006-02-15 10:07:09"
808,4,"Sling Luke","Classics",0.99,5,4.95,"2006-02-15 10:07:09"
809,15,"Slipper Fidelity","Sports",0.99,5,4.95,"2006-02-15 10:07:09"
810,8,"Slums Duck","Family",0.99,5,4.95,"2006-02-15 10:07:09"
811,16,"Smile Earring","Travel",2.99,4,11.96,"2006-02-15 10:07:09"
812,6,"Smoking Barbarella","Documentary",0.99,7,6.93,"2006-02-15 10:07:09"
813,15,"Smoochy Control","Sports",0.99,7,6.93,"2006-02-15 10:07:09"
814,5,"Snatch Slipper","Comedy",4.99,6,29.94,"2006-02-15 10:07:09"
815,4,"Snatchers Montezuma","Classics",2.99,4,11.96,"2006-02-15 10:07:09"
816,2,"Snowman Rollercoaster","Animation",0.99,3,2.97,"2006-02-15 10:07:09"
817,14,"Soldiers Evolution","Sci-Fi",4.99,7,34.93,"2006-02-15 10:07:09"
818,7,"Something Duck","Drama",4.99,4,19.96,"2006-02-15 10:07:09"
819,12,"Song Hedwig","Music",0.99,3,2.97,"2006-02-15 10:07:09"
820,2,"Sons Interview","Animation",2.99,3,8.97,"2006-02-15 10:07:09"
821,9,"Sorority Queen","Foreign",0.99,6,5.94,"2006-02-15 10:07:09"
822,8,"Soup Wisdom","Family",0.99,6,5.94,"2006-02-15 10:07:09"
823,1,"South Wait","Action",2.99,4,11.96,"2006-02-15 10:07:09"
824,8,"Spartacus Cheaper","Family",4.99,4,19.96,"2006-02-15 10:07:09"
825,1,"Speakeasy Date","Action",2.99,6,17.94,"2006-02-15 10:07:09"
826,16,"Speed Suit","Travel",4.99,7,34.93,"2006-02-15 10:07:09"
827,7,"Spice Sorority","Drama",4.99,5,24.95,"2006-02-15 10:07:09"
828,4,"Spiking Element","Classics",2.99,7,20.93,"2006-02-15 10:07:09"
829,8,"Spinal Rocky","Family",2.99,7,20.93,"2006-02-15 10:07:09"
830,11,"Spirit Flintstones","Horror",0.99,7,6.93,"2006-02-15 10:07:09"
831,14,"Spirited Casualties","Sci-Fi",0.99,5,4.95,"2006-02-15 10:07:09"
832,8,"Splash Gump","Family",0.99,5,4.95,"2006-02-15 10:07:09"
833,3,"Splendor Patton","Children",0.99,5,4.95,"2006-02-15 10:07:09"
834,6,"Spoilers Hellfighters","Documentary",0.99,4,3.96,"2006-02-15 10:07:09"
835,10,"Spy Mile","Games",2.99,6,17.94,"2006-02-15 10:07:09"
836,15,"Squad Fish","Sports",2.99,3,8.97,"2006-02-15 10:07:09"
837,5,"Stage World","Comedy",2.99,4,11.96,"2006-02-15 10:07:09"
838,1,"Stagecoach Armageddon","Action",4.99,5,24.95,"2006-02-15 10:07:09"
839,14,"Stallion Sundance","Sci-Fi",0.99,5,4.95,"2006-02-15 10:07:09"
840,10,"Stampede Disturbing","Games",0.99,5,4.95,"2006-02-15 10:07:09"
841,15,"Star Operation","Sports",2.99,5,14.95,"2006-02-15 10:07:09"
842,10,"State Wasteland","Games",2.99,4,11.96,"2006-02-15 10:07:09"
843,4,"Steel Santa","Classics",4.99,4,19.96,"2006-02-15 10:07:09"
844,15,"Steers Armageddon","Sports",4.99,6,29.94,"2006-02-15 10:07:09"
845,9,"Stepmom Dream","Foreign",4.99,7,34.93,"2006-02-15 10:07:09"
846,13,"Sting Personal","New",4.99,3,14.97,"2006-02-15 10:07:09"
847,13,"Stock Glass","New",2.99,7,20.93,"2006-02-15 10:07:09"
848,16,"Stone Fire","Travel",0.99,3,2.97,"2006-02-15 10:07:09"
849,2,"Storm Happiness","Animation",0.99,6,5.94,"2006-02-15 10:07:09"
850,1,"Story Side","Action",0.99,7,6.93,"2006-02-15 10:07:09"
851,15,"Straight Hours","Sports",0.99,3,2.97,"2006-02-15 10:07:09"
852,3,"Strangelove Desire","Children",0.99,4,3.96,"2006-02-15 10:07:09"
853,3,"Stranger Strangers","Children",4.99,3,14.97,"2006-02-15 10:07:09"
854,11,"Strangers Graffiti","Horror",4.99,4,19.96,"2006-02-15 10:07:09"
855,6,"Streak Ridgemont","Documentary",0.99,7,6.93,"2006-02-15 10:07:09"
856,11,"Streetcar Intentions","Horror",4.99,5,24.95,"2006-02-15 10:07:09"
857,5,"Strictly Scarface","Comedy",2.99,3,8.97,"2006-02-15 10:07:09"
858,5,"Submarine Bed","Comedy",4.99,5,24.95,"2006-02-15 10:07:09"
859,2,"Sugar Wonka","Animation",4.99,3,14.97,"2006-02-15 10:07:09"
860,14,"Suicides Silence","Sci-Fi",4.99,4,19.96,"2006-02-15 10:07:09"
861,10,"Suit Walls","Games",4.99,3,14.97,"2006-02-15 10:07:09"
862,4,"Summer Scarface","Classics",0.99,5,4.95,"2006-02-15 10:07:09"
863,14,"Sun Confessions","Sci-Fi",0.99,5,4.95,"2006-02-15 10:07:09"
864,3,"Sundance Invasion","Children",0.99,5,4.95,"2006-02-15 10:07:09"
865,2,"Sunrise League","Animation",4.99,3,14.97,"2006-02-15 10:07:09"
866,8,"Sunset Racer","Family",0.99,6,5.94,"2006-02-15 10:07:09"
867,8,"Super Wyoming","Family",4.99,5,24.95,"2006-02-15 10:07:09"
868,16,"Superfly Trip","Travel",0.99,5,4.95,"2006-02-15 10:07:09"
869,1,"Suspects Quills","Action",2.99,4,11.96,"2006-02-15 10:07:09"
870,11,"Swarm Gold","Horror",0.99,4,3.96,"2006-02-15 10:07:09"
871,5,"Sweden Shining","Comedy",4.99,6,29.94,"2006-02-15 10:07:09"
872,16,"Sweet Brotherhood","Travel",2.99,3,8.97,"2006-02-15 10:07:09"
873,3,"Sweethearts Suspects","Children",0.99,3,2.97,"2006-02-15 10:07:09"
874,4,"Tadpole Park","Classics",2.99,6,17.94,"2006-02-15 10:07:09"
875,15,"Talented Homicide","Sports",0.99,6,5.94,"2006-02-15 10:07:09"
876,11,"Tarzan Videotape","Horror",2.99,3,8.97,"2006-02-15 10:07:09"
877,12,"Taxi Kick","Music",0.99,4,3.96,"2006-02-15 10:07:09"
878,16,"Teen Apollo","Travel",4.99,3,14.97,"2006-02-15 10:07:09"
879,12,"Telegraph Voyage","Music",4.99,3,14.97,"2006-02-15 10:07:09"
880,2,"Telemark Heartbreakers","Animation",2.99,6,17.94,"2006-02-15 10:07:09"
881,11,"Temple Attraction","Horror",4.99,5,24.95,"2006-02-15 10:07:09"
882,7,"Tenenbaums Command","Drama",0.99,4,3.96,"2006-02-15 10:07:09"
883,3,"Tequila Past","Children",4.99,6,29.94,"2006-02-15 10:07:09"
884,12,"Terminator Club","Music",4.99,5,24.95,"2006-02-15 10:07:09"
885,11,"Texas Watch","Horror",0.99,7,6.93,"2006-02-15 10:07:09"
886,2,"Theory Mermaid","Animation",0.99,5,4.95,"2006-02-15 10:07:09"
887,2,"Thief Pelican","Animation",4.99,5,24.95,"2006-02-15 10:07:09"
888,6,"Thin Sagebrush","Documentary",4.99,5,24.95,"2006-02-15 10:07:09"
889,3,"Ties Hunger","Children",4.99,3,14.97,"2006-02-15 10:07:09"
890,15,"Tights Dawn","Sports",0.99,5,4.95,"2006-02-15 10:07:09"
891,4,"Timberland Sky","Classics",0.99,3,2.97,"2006-02-15 10:07:09"
892,2,"Titanic Boondock","Animation",4.99,3,14.97,"2006-02-15 10:07:09"
893,14,"Titans Jerk","Sci-Fi",4.99,4,19.96,"2006-02-15 10:07:09"
894,16,"Tomatoes Hellfighters","Travel",0.99,6,5.94,"2006-02-15 10:07:09"
895,4,"Tomorrow Hustler","Classics",2.99,3,8.97,"2006-02-15 10:07:09"
896,3,"Tootsie Pilot","Children",0.99,3,2.97,"2006-02-15 10:07:09"
897,7,"Torque Bound","Drama",4.99,3,14.97,"2006-02-15 10:07:09"
898,15,"Tourist Pelican","Sports",4.99,4,19.96,"2006-02-15 10:07:09"
899,4,"Towers Hurricane","Classics",0.99,7,6.93,"2006-02-15 10:07:09"
900,9,"Town Ark","Foreign",2.99,6,17.94,"2006-02-15 10:07:09"
901,2,"Tracy Cider","Animation",0.99,3,2.97,"2006-02-15 10:07:09"
902,15,"Trading Pinocchio","Sports",4.99,6,29.94,"2006-02-15 10:07:09"
903,16,"Traffic Hobbit","Travel",4.99,5,24.95,"2006-02-15 10:07:09"
904,11,"Train Bunch","Horror",4.99,3,14.97,"2006-02-15 10:07:09"
905,5,"Trainspotting Strangers","Comedy",4.99,7,34.93,"2006-02-15 10:07:09"
906,5,"Tramp Others","Comedy",0.99,4,3.96,"2006-02-15 10:07:09"
907,7,"Translation Summer","Drama",0.99,4,3.96,"2006-02-15 10:07:09"
908,9,"Trap Guys","Foreign",4.99,3,14.97,"2006-02-15 10:07:09"
909,11,"Treasure Command","Horror",0.99,3,2.97,"2006-02-15 10:07:09"
910,7,"Treatment Jekyll","Drama",0.99,3,2.97,"2006-02-15 10:07:09"
911,1,"Trip Newton","Action",4.99,7,34.93,"2006-02-15 10:07:09"
912,14,"Trojan Tomorrow","Sci-Fi",2.99,3,8.97,"2006-02-15 10:07:09"
913,13,"Troopers Metal","New",0.99,3,2.97,"2006-02-15 10:07:09"
914,16,"Trouble Date","Travel",2.99,6,17.94,"2006-02-15 10:07:09"
915,1,"Truman Crazy","Action",4.99,7,34.93,"2006-02-15 10:07:09"
916,2,"Turn Star","Animation",2.99,3,8.97,"2006-02-15 10:07:09"
917,15,"Tuxedo Mile","Sports",2.99,3,8.97,"2006-02-15 10:07:09"
918,3,"Twisted Pirates","Children",4.99,4,19.96,"2006-02-15 10:07:09"
919,10,"Tycoon Gathering","Games",4.99,3,14.97,"2006-02-15 10:07:09"
920,13,"Unbreakable Karate","New",0.99,3,2.97,"2006-02-15 10:07:09"
921,12,"Uncut Suicides","Music",2.99,7,20.93,"2006-02-15 10:07:09"
922,11,"Undefeated Dalmations","Horror",4.99,7,34.93,"2006-02-15 10:07:09"
923,7,"Unfaithful Kill","Drama",2.99,7,20.93,"2006-02-15 10:07:09"
924,14,"Unforgiven Zoolander","Sci-Fi",0.99,7,6.93,"2006-02-15 10:07:09"
925,6,"United Pilot","Documentary",0.99,3,2.97,"2006-02-15 10:07:09"
926,6,"Untouchables Sunrise","Documentary",2.99,5,14.95,"2006-02-15 10:07:09"
927,1,"Uprising Uptown","Action",2.99,6,17.94,"2006-02-15 10:07:09"
928,3,"Uptown Young","Children",2.99,5,14.95,"2006-02-15 10:07:09"
929,9,"Usual Untouchables","Foreign",4.99,5,24.95,"2006-02-15 10:07:09"
930,14,"Vacation Boondock","Sci-Fi",2.99,4,11.96,"2006-02-15 10:07:09"
931,16,"Valentine Vanishing","Travel",0.99,7,6.93,"2006-02-15 10:07:09"
932,5,"Valley Packer","Comedy",0.99,3,2.97,"2006-02-15 10:07:09"
933,13,"Vampire Whale","New",4.99,4,19.96,"2006-02-15 10:07:09"
934,10,"Vanilla Day","Games",4.99,7,34.93,"2006-02-15 10:07:09"
935,13,"Vanished Garden","New",0.99,5,4.95,"2006-02-15 10:07:09"
936,12,"Vanishing Rocky","Music",2.99,3,8.97,"2006-02-15 10:07:09"
937,13,"Varsity Trip","New",2.99,7,20.93,"2006-02-15 10:07:09"
938,5,"Velvet Terminator","Comedy",4.99,3,14.97,"2006-02-15 10:07:09"
939,5,"Vertigo Northwest","Comedy",2.99,4,11.96,"2006-02-15 10:07:09"
940,15,"Victory Academy","Sports",0.99,6,5.94,"2006-02-15 10:07:09"
941,10,"Videotape Arsenic","Games",4.99,4,19.96,"2006-02-15 10:07:09"
942,7,"Vietnam Smoochy","Drama",0.99,7,6.93,"2006-02-15 10:07:09"
943,6,"Villain Desperate","Documentary",4.99,4,19.96,"2006-02-15 10:07:09"
944,7,"Virgin Daisy","Drama",4.99,6,29.94,"2006-02-15 10:07:09"
945,6,"Virginian Pluto","Documentary",0.99,5,4.95,"2006-02-15 10:07:09"
946,8,"Virtual Spoilers","Family",4.99,3,14.97,"2006-02-15 10:07:09"
947,9,"Vision Torque","Foreign",0.99,5,4.95,"2006-02-15 10:07:09"
948,13,"Voice Peach","New",0.99,6,5.94,"2006-02-15 10:07:09"
949,10,"Volcano Texas","Games",0.99,6,5.94,"2006-02-15 10:07:09"
950,4,"Volume House","Classics",4.99,7,34.93,"2006-02-15 10:07:09"
951,4,"Voyage Legally","Classics",0.99,6,5.94,"2006-02-15 10:07:09"
952,6,"Wagon Jaws","Documentary",2.99,7,20.93,"2006-02-15 10:07:09"
953,2,"Wait Cider","Animation",0.99,3,2.97,"2006-02-15 10:07:09"
954,13,"Wake Jaws","New",4.99,7,34.93,"2006-02-15 10:07:09"
955,3,"Walls Artist","Children",4.99,7,34.93,"2006-02-15 10:07:09"
956,10,"Wanda Chamber","Games",4.99,7,34.93,"2006-02-15 10:07:09"
957,9,"War Notting","Foreign",4.99,7,34.93,"2006-02-15 10:07:09"
958,7,"Wardrobe Phantom","Drama",2.99,6,17.94,"2006-02-15 10:07:09"
959,3,"Warlock Werewolf","Children",2.99,6,17.94,"2006-02-15 10:07:09"
960,6,"Wars Pluto","Documentary",2.99,5,14.95,"2006-02-15 10:07:09"
961,9,"Wash Heavenly","Foreign",4.99,7,34.93,"2006-02-15 10:07:09"
962,4,"Wasteland Divine","Classics",2.99,7,20.93,"2006-02-15 10:07:09"
963,2,"Watch Tracy","Animation",0.99,5,4.95,"2006-02-15 10:07:09"
964,1,"Waterfront Deliverance","Action",4.99,4,19.96,"2006-02-15 10:07:09"
965,11,"Watership Frontier","Horror",0.99,6,5.94,"2006-02-15 10:07:09"
966,6,"Wedding Apollo","Documentary",0.99,3,2.97,"2006-02-15 10:07:09"
967,14,"Weekend Personal","Sci-Fi",2.99,5,14.95,"2006-02-15 10:07:09"
968,1,"Werewolf Lola","Action",4.99,6,29.94,"2006-02-15 10:07:09"
969,7,"West Lion","Drama",4.99,4,19.96,"2006-02-15 10:07:09"
970,4,"Westward Seabiscuit","Classics",0.99,7,6.93,"2006-02-15 10:07:09"
971,9,"Whale Bikini","Foreign",4.99,4,19.96,"2006-02-15 10:07:09"
972,14,"Whisperer Giant","Sci-Fi",4.99,4,19.96,"2006-02-15 10:07:09"
973,6,"Wife Turn","Documentary",4.99,3,14.97,"2006-02-15 10:07:09"
974,13,"Wild Apollo","New",0.99,4,3.96,"2006-02-15 10:07:09"
975,8,"Willow Tracy","Family",2.99,6,17.94,"2006-02-15 10:07:09"
976,10,"Wind Phantom","Games",0.99,6,5.94,"2006-02-15 10:07:09"
977,16,"Window Side","Travel",2.99,3,8.97,"2006-02-15 10:07:09"
978,5,"Wisdom Worker","Comedy",0.99,3,2.97,"2006-02-15 10:07:09"
979,7,"Witches Panic","Drama",4.99,6,29.94,"2006-02-15 10:07:09"
980,12,"Wizard Coldblooded","Music",4.99,4,19.96,"2006-02-15 10:07:09"
981,16,"Wolves Desire","Travel",0.99,7,6.93,"2006-02-15 10:07:09"
982,1,"Women Dorado","Action",0.99,4,3.96,"2006-02-15 10:07:09"
983,12,"Won Dares","Music",2.99,7,20.93,"2006-02-15 10:07:09"
984,9,"Wonderful Drop","Foreign",2.99,3,8.97,"2006-02-15 10:07:09"
985,14,"Wonderland Christmas","Sci-Fi",4.99,4,19.96,"2006-02-15 10:07:09"
986,2,"Wonka Sea","Animation",2.99,6,17.94,"2006-02-15 10:07:09"
987,12,"Words Hunter","Music",2.99,3,8.97,"2006-02-15 10:07:09"
988,16,"Worker Tarzan","Travel",2.99,7,20.93,"2006-02-15 10:07:09"
989,16,"Working Microcosmos","Travel",4.99,4,19.96,"2006-02-15 10:07:09"
990,11,"World Leathernecks","Horror",0.99,3,2.97,"2006-02-15 10:07:09"
991,1,"Worst Banger","Action",2.99,4,11.96,"2006-02-15 10:07:09"
992,6,"Wrath Mile","Documentary",0.99,5,4.95,"2006-02-15 10:07:09"
993,3,"Wrong Behavior","Children",2.99,6,17.94,"2006-02-15 10:07:09"
994,13,"Wyoming Storm","New",4.99,6,29.94,"2006-02-15 10:07:09"
995,11,"Yentl Idaho","Horror",4.99,5,24.95,"2006-02-15 10:07:09"
996,6,"Young Language","Documentary",0.99,6,5.94,"2006-02-15 10:07:09"
997,12,"Youth Kick","Music",0.99,4,3.96,"2006-02-15 10:07:09"
998,11,"Zhivago Core","Horror",0.99,6,5.94,"2006-02-15 10:07:09"
999,3,"Zoolander Fiction","Children",2.99,5,14.95,"2006-02-15 10:07:09"
1000,5,"Zorro Ark","Comedy",4.99,3,14.97,"2006-02-15 10:07:09"
