"film_id","category_id","film_title","category","inventory_count","total_rentals","total_revenue","last_rental_date","average_rental_duration_days"
103,16,"Bucket Brotherhood","Travel",8,34,150.72,"2005-08-23 21:49:22",4.95
738,9,"Rocketeer Mother","Foreign",8,33,97.72,"2005-08-23 20:10:13",5.39
767,12,"Scalawag Duck","Music",8,32,157.71,"2005-08-23 17:13:01",4.07
489,2,"Juggler Hardly","Animation",8,32,86.71,"2006-02-14 15:16:03",5.51
730,13,"Ridgemont Submarine","New",8,32,110.72,"2006-02-14 15:16:03",6.01
382,10,"Grit Clockwork","Games",8,32,97.72,"2005-08-23 13:46:27",5.34
331,10,"Forward Temple","Games",8,32,102.74,"2005-08-23 12:29:24",5.60
973,6,"Wife Turn","Documentary",8,31,198.73,"2005-08-23 14:47:26",4.79
1000,5,"Zorro Ark","Comedy",8,31,199.72,"2005-08-23 17:56:01",4.54
369,14,"Goodfellas Salute","Sci-Fi",8,31,164.75,"2005-08-23 18:08:19",5.22
753,8,"Rush Goodfellas","Family",8,31,81.72,"2005-08-22 10:29:44",4.48
31,8,"Apache Divine","Family",8,31,160.72,"2005-08-23 15:10:42",4.27
621,8,"Network Peak","Family",8,31,116.73,"2005-08-23 09:07:11",5.55
418,7,"Hobbit Alien","Drama",8,31,68.74,"2005-08-22 13:06:26",5.72
789,9,"Shock Cabin","Foreign",8,30,96.71,"2006-02-14 15:16:03",5.38
702,11,"Pulp Beverly","Horror",8,30,121.74,"2006-02-14 15:16:03",5.10
341,4,"Frost Head","Classics",8,30,74.72,"2006-02-14 15:16:03",5.59
109,13,"Butterfly Chocolat","New",8,30,108.74,"2005-08-22 20:47:48",5.93
403,7,"Harry Idaho","Drama",8,30,177.73,"2006-02-14 15:16:03",5.54
239,2,"Dogma Family","Animation",8,30,168.72,"2005-08-23 05:24:29",4.76
559,14,"Married Go","Sci-Fi",8,30,84.74,"2005-08-22 19:56:41",4.81
748,1,"Rugrats Shakespeare","Action",8,30,67.72,"2005-08-23 20:47:28",4.58
127,5,"Cat Coneheads","Comedy",8,30,159.73,"2006-02-14 15:16:03",5.07
609,16,"Muscle Bright","Travel",8,30,86.73,"2005-08-23 00:07:53",4.27
378,12,"Greatest North","Music",8,29,103.73,"2005-08-23 16:32:10",4.77
220,12,"Deer Virginian","Music",8,29,78.76,"2006-02-14 15:16:03",5.45
174,12,"Confidential Interview","Music",8,29,136.76,"2005-08-23 15:22:15",5.13
595,9,"Moon Bunch","Foreign",8,29,35.74,"2005-08-22 10:49:06",4.90
849,2,"Storm Happiness","Animation",8,29,42.74,"2005-08-22 20:44:35",4.81
86,12,"Boogie Amelie","Music",8,29,140.74,"2006-02-14 15:16:03",4.75
301,11,"Family Sweet","Horror",8,29,60.73,"2006-02-14 15:16:03",4.66
873,3,"Sweethearts Suspects","Children",8,29,93.73,"2006-02-14 15:16:03",5.25
73,14,"Bingo Talented","Sci-Fi",8,29,119.75,"2005-08-22 22:30:50",5.71
893,14,"Titans Jerk","Sci-Fi",8,29,186.73,"2006-02-14 15:16:03",5.58
945,6,"Virginian Pluto","Documentary",8,29,47.75,"2006-02-14 15:16:03",4.38
361,15,"Gleaming Jawbreaker","Sports",8,29,125.72,"2006-02-14 15:16:03",6.44
745,15,"Roses Treasure","Sports",8,28,137.77,"2005-08-23 18:15:06",4.78
356,3,"Giant Troopers","Children",8,28,100.74,"2005-08-22 16:57:02",4.22
295,6,"Expendable Stallion","Documentary",8,28,94.74,"2005-08-23 12:47:37",5.15
358,4,"Gilmore Boiled","Classics",8,28,52.76,"2005-08-22 17:18:32",5.26
764,15,"Saturday Lambs","Sports",8,28,190.74,"2005-08-23 19:42:04",5.06
911,1,"Trip Newton","Action",8,28,135.74,"2005-08-23 11:37:32",4.19
531,9,"Lose Inch","Foreign",8,27,77.74,"2005-08-22 09:25:24",4.55
638,5,"Operation Operation","Comedy",8,27,80.75,"2006-02-14 15:16:03",4.58
697,1,"Primary Glass","Action",8,27,36.73,"2005-08-21 08:58:38",4.41
434,16,"Horror Reign","Travel",8,27,77.75,"2005-08-23 13:10:16",4.87
206,6,"Dancing Fever","Documentary",8,27,49.76,"2005-08-22 11:11:51",6.25
897,7,"Torque Bound","Drama",8,27,169.76,"2006-02-14 15:16:03",4.92
200,10,"Curtain Videotape","Games",8,27,34.77,"2006-02-14 15:16:03",5.52
870,11,"Swarm Gold","Horror",8,27,64.77,"2006-02-14 15:16:03",4.96
468,3,"Invasion Cyclone","Children",8,27,100.74,"2005-08-23 17:00:12",4.54
835,10,"Spy Mile","Games",8,27,94.73,"2005-08-22 16:37:36",5.11
525,4,"Loathing Legally","Classics",8,27,62.74,"2006-02-14 15:16:03",5.05
683,7,"Pity Bound","Drama",8,26,138.77,"2005-08-23 21:25:03",4.51
773,15,"Seabiscuit Punk","Sports",8,26,86.76,"2006-02-14 15:16:03",5.35
460,9,"Innocent Usual","Foreign",8,26,191.74,"2005-08-22 15:22:15",4.99
572,14,"Metropolis Coma","Sci-Fi",8,26,116.76,"2005-08-22 13:19:25",5.37
880,2,"Telemark Heartbreakers","Animation",8,25,88.76,"2005-08-23 06:19:12",4.77
856,11,"Streetcar Intentions","Horror",8,25,137.77,"2005-08-23 02:08:18",4.33
266,4,"Dynamite Tarzan","Classics",8,25,60.77,"2005-08-23 19:06:04",4.65
91,4,"Bound Cheaper","Classics",8,24,50.76,"2006-02-14 15:16:03",5.31
586,1,"Mockingbird Hollywood","Action",8,24,53.78,"2006-02-14 15:16:03",4.91
1,6,"Academy Dinosaur","Documentary",8,23,33.79,"2005-08-23 01:01:01",5.00
412,6,"Heavyweights Beast","Documentary",8,23,123.78,"2005-08-23 03:54:39",4.76
199,6,"Cupboard Sinners","Documentary",8,23,103.78,"2005-08-22 09:37:54",5.13
444,5,"Hustler Party","Comedy",8,22,190.78,"2005-08-23 09:42:21",6.50
500,9,"Kiss Glory","Foreign",8,22,126.79,"2005-08-22 06:39:24",5.07
193,2,"Crossroads Casualties","Animation",8,21,74.80,"2005-08-23 12:47:05",4.30
69,14,"Beverly Outlaw","Sci-Fi",8,21,115.79,"2005-08-23 15:19:15",5.25
846,13,"Sting Personal","New",8,21,149.80,"2005-08-23 22:21:03",5.19
231,8,"Dinosaur Secretary","Family",8,20,67.81,"2005-08-23 20:07:10",5.62
350,14,"Garden Island","Sci-Fi",8,20,134.82,"2005-08-23 10:23:28",5.05
891,4,"Timberland Sky","Classics",7,31,102.74,"2005-08-23 00:53:57",5.81
735,3,"Robbers Joon","Children",7,31,85.74,"2005-08-22 04:09:18",4.87
450,3,"Idols Snatchers","Children",7,30,88.76,"2005-08-23 20:27:34",4.68
979,7,"Witches Panic","Drama",7,30,146.75,"2005-08-23 09:16:39",5.58
374,14,"Graffiti Love","Sci-Fi",7,30,67.74,"2005-08-23 15:03:58",4.16
869,1,"Suspects Quills","Action",7,30,118.73,"2006-02-14 15:16:03",5.07
563,10,"Massacre Usual","Games",7,30,149.75,"2005-08-23 17:02:00",5.69
285,14,"English Bulworth","Sci-Fi",7,30,99.74,"2005-08-23 18:43:11",5.12
875,15,"Talented Homicide","Sports",7,29,34.76,"2005-08-23 03:46:47",4.68
941,10,"Videotape Arsenic","Games",7,29,148.76,"2005-08-22 15:29:15",4.41
284,12,"Enemy Odds","Music",7,29,159.75,"2005-08-21 10:10:01",4.91
951,4,"Voyage Legally","Classics",7,28,42.75,"2005-08-23 22:26:47",5.46
305,13,"Fatal Haunted","New",7,28,92.77,"2005-08-22 23:55:51",5.29
159,5,"Closer Bang","Comedy",7,28,152.76,"2005-08-22 21:28:59",4.88
850,1,"Story Side","Action",7,28,35.74,"2005-08-23 17:48:30",4.42
78,2,"Blackout Private","Animation",7,27,78.77,"2005-08-23 01:39:10",4.24
715,8,"Range Moonwalker","Family",7,27,158.77,"2005-08-23 11:35:12",4.13
625,14,"None Spiking","Sci-Fi",7,27,79.75,"2006-02-14 15:16:03",5.10
698,6,"Princess Giant","Documentary",7,27,121.77,"2006-02-14 15:16:03",5.30
349,2,"Gangs Pride","Animation",7,27,95.78,"2005-08-23 16:34:31",4.49
879,12,"Telegraph Voyage","Music",7,27,215.75,"2005-08-23 08:27:57",6.50
114,14,"Camelot Vacation","Sci-Fi",7,27,93.76,"2006-02-14 15:16:03",5.55
330,2,"Forrester Comancheros","Animation",7,27,141.74,"2006-02-14 15:16:03",5.27
521,7,"Lies Treatment","Drama",7,27,131.76,"2005-08-20 23:07:10",5.12
228,4,"Detective Vision","Classics",7,27,62.76,"2006-02-14 15:16:03",5.23
135,15,"Chance Resurrection","Sports",7,27,124.76,"2005-08-23 16:30:55",5.09
244,12,"Dorado Notting","Music",7,27,140.78,"2005-08-23 18:48:40",6.11
367,14,"Goldmine Tycoon","Sci-Fi",7,27,43.76,"2005-08-22 12:47:45",5.38
181,16,"Contact Anonymous","Travel",7,26,78.76,"2005-08-21 23:08:33",5.04
391,8,"Half Outfield","Family",7,26,73.79,"2006-02-14 15:16:03",4.74
970,4,"Westward Seabiscuit","Classics",7,26,36.75,"2005-08-23 08:34:10",5.78
263,15,"Durham Panky","Sports",7,26,132.76,"2005-08-22 01:12:44",4.64
901,2,"Tracy Cider","Animation",7,26,78.76,"2005-08-23 14:02:13",5.18
234,14,"Disturbing Scarface","Sci-Fi",7,26,77.77,"2005-08-22 14:26:01",4.52
554,4,"Malkovich Pet","Classics",7,26,75.77,"2005-08-23 14:23:23",4.28
890,15,"Tights Dawn","Sports",7,26,54.76,"2005-08-23 07:07:22",5.25
670,6,"Pelican Comforts","Documentary",7,26,165.77,"2005-08-23 21:07:59",5.88
12,12,"Alaska Phantom","Music",7,26,37.77,"2005-08-23 06:11:52",5.29
397,14,"Hanky October","Sci-Fi",7,26,104.77,"2005-08-23 18:23:30",5.80
167,16,"Coma Head","Travel",7,26,122.77,"2005-08-23 02:06:41",4.48
687,6,"Pocus Pulp","Documentary",7,26,40.75,"2005-08-23 15:21:19",5.02
471,4,"Island Exorcist","Classics",7,26,76.77,"2005-08-23 11:28:49",4.83
247,5,"Downhill Enough","Comedy",7,25,72.79,"2005-08-23 18:08:59",5.18
863,14,"Sun Confessions","Sci-Fi",7,25,50.77,"2005-08-22 10:07:52",5.27
273,8,"Effect Gladiator","Family",7,25,40.79,"2006-02-14 15:16:03",5.73
555,5,"Mallrats United","Comedy",7,25,70.78,"2005-08-23 21:59:57",5.60
644,2,"Oscar Gold","Animation",7,25,83.75,"2005-08-23 15:09:17",4.99
154,2,"Clash Freddy","Animation",7,25,77.77,"2005-08-23 18:49:32",5.05
786,3,"Shepherd Midsummer","Children",7,25,28.77,"2005-08-23 19:51:29",4.81
902,15,"Trading Pinocchio","Sports",7,25,133.77,"2006-02-14 15:16:03",5.45
245,2,"Double Wrath","Animation",7,25,56.79,"2005-08-23 00:56:01",5.33
319,14,"Fish Opus","Sci-Fi",7,25,94.78,"2005-08-23 17:57:35",4.91
624,10,"Nightmare Chill","Games",7,25,148.79,"2005-08-23 20:40:31",4.53
760,13,"Samurai Lion","New",7,25,101.76,"2005-08-23 08:59:12",5.38
172,7,"Coneheads Smoochy","Drama",7,25,131.76,"2005-08-23 16:57:43",5.49
895,4,"Tomorrow Hustler","Classics",7,25,101.76,"2005-08-23 22:20:26",4.20
162,1,"Clueless Bucket","Action",7,25,105.77,"2005-08-23 10:25:45",4.75
852,3,"Strangelove Desire","Children",7,24,79.78,"2005-08-21 19:12:12",6.17
35,11,"Arachnophobia Rollercoaster","Horror",7,24,109.77,"2005-08-22 23:26:32",5.53
810,8,"Slums Duck","Family",7,24,48.78,"2005-08-22 13:59:19",5.23
804,11,"Sleeping Suspects","Horror",7,24,121.78,"2006-02-14 15:16:03",4.90
641,9,"Orange Grapes","Foreign",7,24,61.78,"2005-08-23 20:13:31",5.30
476,8,"Jason Trap","Family",7,24,97.77,"2006-02-14 15:16:03",5.27
119,5,"Caper Motions","Comedy",7,24,37.77,"2005-08-23 22:18:51",4.53
43,8,"Atlantis Cause","Family",7,24,75.79,"2005-08-19 06:38:59",4.72
502,5,"Knock Warlock","Comedy",7,24,99.79,"2005-08-22 10:14:33",5.62
447,10,"Ice Crossing","Games",7,24,90.78,"2005-08-23 02:08:40",4.92
790,7,"Shootist Superfly","Drama",7,24,36.77,"2005-08-23 05:01:13",4.98
443,5,"Hurricane Affair","Comedy",7,24,82.77,"2005-08-21 09:04:20",5.25
366,7,"Goldfinger Sensibility","Drama",7,24,67.79,"2005-08-22 00:46:54",5.20
11,9,"Alamo Videotape","Foreign",7,24,30.78,"2005-08-22 04:04:31",5.02
10,15,"Aladdin Calendar","Sports",7,23,131.77,"2005-08-21 20:49:21",4.80
843,4,"Steel Santa","Classics",7,23,136.78,"2005-08-23 17:16:28",4.41
270,13,"Earth Vision","New",7,23,34.77,"2006-02-14 15:16:03",5.65
4,11,"Affair Prejudice","Horror",7,23,83.79,"2006-02-14 15:16:03",4.76
122,11,"Carrie Bunch","Horror",7,23,34.77,"2005-08-23 21:17:17",4.76
816,2,"Snowman Rollercoaster","Animation",7,23,65.79,"2005-08-23 20:08:26",4.94
665,11,"Patton Interview","Horror",7,23,94.79,"2005-08-23 08:52:50",4.94
320,13,"Flamingos Connecticut","New",7,23,134.78,"2005-08-22 19:28:04",4.37
892,2,"Titanic Boondock","Animation",7,23,149.78,"2006-02-14 15:16:03",4.68
771,7,"Scorpion Apollo","Drama",7,23,158.79,"2005-08-23 22:19:33",4.93
982,1,"Women Dorado","Action",7,23,38.81,"2006-02-14 15:16:03",4.15
857,5,"Strictly Scarface","Comedy",7,23,113.77,"2005-08-23 20:23:08",4.64
985,14,"Wonderland Christmas","Sci-Fi",7,22,142.79,"2005-08-23 19:54:24",4.87
376,9,"Grapes Fury","Foreign",7,22,56.77,"2006-02-14 15:16:03",4.28
823,1,"South Wait","Action",7,22,102.79,"2006-02-14 15:16:03",5.32
814,5,"Snatch Slipper","Comedy",7,22,117.80,"2005-08-23 15:34:46",5.68
143,7,"Chill Luck","Drama",7,22,29.79,"2005-08-23 21:27:11",4.90
556,10,"Maltese Hope","Games",7,22,118.79,"2005-08-23 16:43:54",4.51
408,10,"Head Stranger","Games",7,22,142.79,"2005-08-23 04:51:52",5.09
22,13,"Amistad Midsummer","New",7,21,70.79,"2006-02-14 15:16:03",4.58
755,3,"Sabrina Midnight","Children",7,21,126.79,"2005-08-21 20:53:40",4.57
37,4,"Arizona Bang","Classics",7,21,104.79,"2005-08-23 05:08:58",4.51
317,5,"Fireball Philadelphia","Comedy",7,21,57.81,"2005-08-22 19:41:37",5.56
833,3,"Splendor Patton","Children",7,21,40.79,"2005-08-23 14:23:03",4.77
39,14,"Armageddon Lost","Sci-Fi",7,21,41.80,"2006-02-14 15:16:03",5.18
57,16,"Basic Easy","Travel",7,21,87.80,"2006-02-14 15:16:03",4.65
677,13,"Pianist Outfield","New",7,21,38.78,"2006-02-14 15:16:03",4.49
274,6,"Egg Igby","Documentary",7,21,98.81,"2005-08-22 07:19:05",5.86
841,15,"Star Operation","Sports",7,21,83.80,"2006-02-14 15:16:03",5.54
112,9,"Calendar Gunfight","Foreign",7,21,123.82,"2005-08-23 00:49:24",5.07
218,7,"Deceiver Betrayed","Drama",7,21,24.80,"2005-08-22 17:53:06",3.99
922,11,"Undefeated Dalmations","Horror",7,21,102.81,"2005-08-23 13:29:08",4.67
720,13,"Redemption Comforts","New",7,20,113.80,"2005-08-23 01:14:01",5.22
467,9,"Intrigue Worst","Foreign",7,20,36.81,"2006-02-14 15:16:03",5.37
409,3,"Heartbreakers Bright","Children",7,20,132.80,"2005-08-23 18:54:32",4.33
993,3,"Wrong Behavior","Children",7,20,62.80,"2005-08-23 18:54:07",4.37
579,1,"Minds Truman","Action",7,20,144.81,"2005-08-22 14:27:46",5.09
590,13,"Money Harold","New",7,20,111.80,"2005-08-22 10:55:45",5.08
845,9,"Stepmom Dream","Foreign",7,20,99.81,"2005-08-22 22:12:02",5.29
733,15,"River Outlaw","Sports",7,20,56.82,"2006-02-14 15:16:03",5.47
484,4,"Jerk Paycheck","Classics",7,20,104.81,"2005-08-23 12:26:19",5.22
723,14,"Reign Gentlemen","Sci-Fi",7,20,105.81,"2005-08-23 13:43:26",5.48
115,1,"Campus Remember","Action",7,19,81.83,"2005-08-22 19:46:36",6.16
311,9,"Fiction Christmas","Foreign",7,19,58.81,"2005-08-23 13:18:16",5.75
464,2,"Intentions Empire","Animation",7,17,78.83,"2006-02-14 15:16:03",4.53
395,1,"Handicap Boondock","Action",6,28,50.76,"2005-08-22 18:04:22",4.62
603,8,"Movie Shakespeare","Family",6,27,125.78,"2006-02-14 15:16:03",4.91
958,7,"Wardrobe Phantom","Drama",6,27,80.77,"2005-08-23 15:29:41",4.87
101,6,"Brotherhood Blanket","Documentary",6,26,98.77,"2005-08-22 22:57:25",5.71
303,1,"Fantasy Troopers","Action",6,26,35.79,"2005-08-22 12:16:46",5.23
307,16,"Fellowship Autumn","Travel",6,26,137.76,"2005-08-22 13:39:20",5.52
445,4,"Hyde Doctor","Classics",6,26,95.76,"2006-02-14 15:16:03",4.27
838,1,"Stagecoach Armageddon","Action",6,26,138.77,"2005-08-23 16:19:02",4.90
938,5,"Velvet Terminator","Comedy",6,26,152.77,"2005-08-23 18:46:44",4.55
571,6,"Metal Armageddon","Documentary",6,25,88.79,"2005-08-22 23:58:09",6.07
288,16,"Escape Metropolis","Travel",6,25,74.77,"2005-08-23 12:47:16",4.65
791,6,"Show Lord","Documentary",6,25,145.78,"2005-08-23 16:58:12",4.23
545,9,"Madness Attacks","Foreign",6,25,65.77,"2005-08-22 17:27:23",5.43
309,8,"Feud Frogmen","Family",6,25,31.80,"2005-08-22 16:11:32",4.59
989,16,"Working Microcosmos","Travel",6,25,144.78,"2005-08-23 02:06:01",5.10
55,14,"Barbarella Streetcar","Sci-Fi",6,25,84.78,"2005-08-23 20:45:53",5.76
417,1,"Hills Neighbors","Action",6,25,58.79,"2005-08-23 04:17:56",6.36
387,10,"Gun Bonnie","Games",6,25,30.79,"2005-08-22 19:02:48",5.84
491,3,"Jumping Wrath","Children",6,24,67.79,"2005-08-23 17:09:31",6.10
649,2,"Oz Liaisons","Animation",6,24,87.78,"2005-08-23 04:00:30",4.04
741,12,"Roman Punk","Music",6,24,25.79,"2005-08-23 15:59:12",5.38
130,1,"Celebrity Horn","Action",6,24,28.79,"2005-08-23 14:59:51",5.33
253,1,"Drifter Commandments","Action",6,24,131.78,"2006-02-14 15:16:03",4.59
966,6,"Wedding Apollo","Documentary",6,24,71.79,"2006-02-14 15:16:03",5.39
433,2,"Horn Working","Animation",6,24,109.77,"2005-08-23 10:04:36",4.56
131,4,"Center Dinosaur","Classics",6,24,121.79,"2006-02-14 15:16:03",4.10
166,4,"Color Philadelphia","Classics",6,24,87.78,"2005-08-23 22:06:15",5.46
551,13,"Maiden Home","New",6,24,152.78,"2005-08-23 06:00:28",4.57
388,5,"Gunfight Moon","Comedy",6,24,46.79,"2006-02-14 15:16:03",5.50
527,11,"Lola Agent","Horror",6,24,154.77,"2005-08-22 11:36:16",5.33
304,3,"Fargo Gandhi","Children",6,24,94.79,"2005-08-22 06:29:34",4.17
650,6,"Pacific Amistad","Documentary",6,24,43.81,"2005-08-23 02:25:09",4.01
865,2,"Sunrise League","Animation",6,24,155.78,"2005-08-22 11:01:15",4.85
45,13,"Attraction Newton","New",6,24,133.78,"2005-08-21 23:00:02",4.42
915,1,"Truman Crazy","Action",6,23,104.80,"2005-08-22 21:18:59",4.71
995,11,"Yentl Idaho","Horror",6,23,122.79,"2005-08-23 18:50:54",4.80
976,10,"Wind Phantom","Games",6,23,33.79,"2005-08-23 02:39:56",4.82
51,12,"Balloon Homeward","Music",6,23,91.78,"2005-08-23 00:56:27",5.60
914,16,"Trouble Date","Travel",6,23,70.81,"2006-02-14 15:16:03",5.06
117,10,"Candles Grapes","Games",6,23,111.80,"2005-08-22 06:49:29",4.81
759,13,"Salute Apollo","New",6,23,95.80,"2005-08-22 19:09:52",4.70
191,3,"Crooked Frogmen","Children",6,23,38.79,"2006-02-14 15:16:03",5.19
676,15,"Philadelphia Wife","Sports",6,23,107.80,"2006-02-14 15:16:03",5.55
645,16,"Others Soup","Travel",6,23,70.80,"2005-08-23 13:05:10",4.96
614,10,"Name Detective","Games",6,23,131.78,"2006-02-14 15:16:03",4.56
608,3,"Murder Antitrust","Children",6,23,78.79,"2005-08-23 20:47:12",5.25
327,1,"Fool Mockingbird","Action",6,23,162.79,"2005-08-22 07:37:24",5.37
504,7,"Kwai Homeward","Drama",6,23,42.80,"2005-08-22 19:44:00",5.34
334,11,"Freddy Storm","Horror",6,23,115.79,"2005-08-23 00:30:26",5.30
494,11,"Karate Moon","Horror",6,23,51.80,"2005-08-23 15:46:33",4.81
353,9,"Gentlemen Stage","Foreign",6,23,70.80,"2005-08-22 01:17:18",5.21
437,8,"House Dynamite","Family",6,23,65.80,"2005-08-23 20:16:27",4.70
25,13,"Angels Life","New",6,22,103.80,"2005-08-23 13:46:00",5.33
267,13,"Eagles Panky","New",6,22,134.81,"2006-02-14 15:16:03",5.35
428,8,"Homicide Peach","Family",6,22,59.82,"2005-08-23 09:02:04",4.22
651,2,"Packer Madigan","Animation",6,22,58.80,"2005-08-23 02:02:53",4.39
706,7,"Queen Luke","Drama",6,22,128.79,"2006-02-14 15:16:03",5.33
972,14,"Whisperer Giant","Sci-Fi",6,22,141.80,"2005-08-23 13:41:05",5.59
300,2,"Falcon Volume","Animation",6,22,106.81,"2006-02-14 15:16:03",4.74
518,16,"Liaisons Sweet","Travel",6,22,126.79,"2005-08-22 13:04:32",4.59
18,2,"Alter Victory","Animation",6,22,30.80,"2005-08-23 03:44:51",4.63
949,10,"Volcano Texas","Games",6,22,32.81,"2006-02-14 15:16:03",4.86
322,15,"Flatliners Killer","Sports",6,22,74.81,"2005-08-22 16:30:43",5.23
772,7,"Sea Virgin","Drama",6,22,84.81,"2005-08-23 05:49:21",4.75
575,6,"Midsummer Groundhog","Documentary",6,22,129.82,"2005-08-21 19:59:30",4.47
176,15,"Congeniality Quest","Sports",6,22,31.81,"2005-08-22 23:54:14",5.09
89,2,"Borrowers Bedazzled","Animation",6,22,25.80,"2005-08-23 17:42:42",5.63
252,1,"Dream Pickup","Action",6,22,73.80,"2005-08-22 02:20:44",5.10
406,10,"Haunting Pianist","Games",6,22,47.80,"2005-08-23 16:15:45",5.50
782,15,"Shakespeare Saddle","Sports",6,22,76.80,"2005-08-22 02:26:33",5.55
61,7,"Beauty Grease","Drama",6,22,125.79,"2005-08-23 21:34:33",4.81
800,11,"Sinners Atlantis","Horror",6,22,60.81,"2005-08-22 14:59:30",5.37
415,11,"High Encino","Horror",6,22,117.79,"2005-08-22 16:55:26",5.30
79,7,"Blade Polish","Drama",6,22,29.81,"2006-02-14 15:16:03",4.08
21,1,"American Circus","Action",6,22,146.81,"2006-02-14 15:16:03",5.42
314,2,"Fight Jawbreaker","Animation",6,22,53.80,"2006-02-14 15:16:03",4.38
15,9,"Alien Center","Foreign",6,22,84.80,"2005-08-23 19:21:22",4.86
255,12,"Driving Polish","Music",6,21,105.81,"2005-08-22 20:22:40",4.85
6,9,"Agent Truman","Foreign",6,21,111.81,"2005-08-21 16:03:01",5.88
132,14,"Chainsaw Uptown","Sci-Fi",6,21,31.81,"2005-08-23 15:37:31",4.76
313,11,"Fidelity Devil","Horror",6,21,117.82,"2005-08-23 06:41:07",5.34
129,6,"Cause Date","Documentary",6,21,114.81,"2005-08-23 16:23:08",5.68
100,9,"Brooklyn Desert","Foreign",6,21,106.81,"2005-08-22 03:20:26",5.48
981,16,"Wolves Desire","Travel",6,21,24.79,"2005-08-21 21:04:42",4.03
514,7,"Lebowski Soldiers","Drama",6,21,62.82,"2005-08-23 12:15:51",4.35
681,15,"Pirates Roxanne","Sports",6,21,45.81,"2006-02-14 15:16:03",5.03
416,9,"Highball Potter","Foreign",6,21,27.81,"2005-08-23 02:48:24",4.82
235,14,"Divide Monster","Sci-Fi",6,21,61.80,"2005-08-20 14:23:16",4.63
249,4,"Dracula Crystal","Classics",6,21,22.81,"2005-08-23 20:29:56",4.74
377,8,"Grease Youth","Family",6,21,27.80,"2005-08-23 15:15:19",4.21
953,2,"Wait Cider","Animation",6,21,73.82,"2005-08-23 14:07:56",5.85
596,10,"Moonshine Cabin","Games",6,21,131.80,"2005-08-22 19:37:20",5.13
280,3,"Empire Malkovich","Children",6,21,26.81,"2005-08-20 19:03:25",5.88
930,14,"Vacation Boondock","Sci-Fi",6,21,89.81,"2005-08-23 11:40:30",4.79
49,14,"Badman Dawn","Sci-Fi",6,21,76.79,"2005-08-23 15:23:50",4.55
292,1,"Excitement Eve","Action",6,21,61.80,"2005-08-22 15:52:57",4.78
67,1,"Berets Agent","Action",6,21,72.80,"2006-02-14 15:16:03",4.38
19,1,"Amadeus Holy","Action",6,21,32.80,"2006-02-14 15:16:03",4.92
861,10,"Suit Walls","Games",6,21,134.81,"2006-02-14 15:16:03",5.02
149,3,"Christmas Moonshine","Children",6,21,26.81,"2005-08-22 11:56:02",5.41
402,2,"Harper Dying","Animation",6,20,77.80,"2005-08-23 21:59:26",5.67
414,9,"Hellfighters Sierra","Foreign",6,20,92.81,"2005-08-23 15:34:49",4.28
680,5,"Pinocchio Simon","Comedy",6,20,119.82,"2005-08-23 21:30:45",5.10
147,8,"Chocolat Harry","Family",6,20,49.81,"2005-08-20 09:07:39",5.67
562,12,"Masked Bubble","Music",6,20,24.81,"2005-08-23 11:30:32",3.94
99,5,"Bringing Hysterical","Comedy",6,20,68.81,"2005-08-23 07:53:38",5.79
778,8,"Secrets Paradise","Family",6,20,139.82,"2005-08-22 21:01:48",5.39
204,7,"Dalmations Sweden","Drama",6,20,54.82,"2005-08-21 23:09:32",5.38
707,1,"Quest Mussolini","Action",6,20,77.80,"2005-08-23 08:19:55",4.27
851,15,"Straight Hours","Sports",6,20,55.81,"2005-08-22 16:33:39",4.34
486,9,"Jet Neighbors","Foreign",6,20,92.83,"2005-08-23 19:19:06",6.06
827,7,"Spice Sorority","Drama",6,20,106.81,"2005-08-23 03:01:56",4.17
647,12,"Outfield Massacre","Music",6,20,54.82,"2006-02-14 15:16:03",5.40
694,4,"Prejudice Oleander","Classics",6,20,110.81,"2005-08-21 15:59:40",5.51
743,2,"Room Roman","Animation",6,20,27.82,"2005-08-22 21:42:17",4.93
139,8,"Chasing Fight","Family",6,20,105.82,"2006-02-14 15:16:03",5.61
326,2,"Flying Hook","Animation",6,20,77.81,"2006-02-14 15:16:03",5.97
439,7,"Hunchback Impossible","Drama",6,20,115.83,"2006-02-14 15:16:03",5.09
363,12,"Go Purple","Music",6,20,43.83,"2005-08-23 14:38:37",4.48
457,6,"Independence Hotel","Documentary",6,19,34.82,"2005-08-22 17:48:10",5.12
243,2,"Doors President","Animation",6,19,118.82,"2006-02-14 15:16:03",4.41
222,11,"Desert Poseidon","Horror",6,19,118.81,"2005-08-23 18:40:41",4.54
690,2,"Pond Seattle","Animation",6,19,61.82,"2005-08-22 11:09:18",5.56
619,15,"Neighbors Charade","Sports",6,19,62.83,"2005-08-21 23:40:28",5.59
616,6,"National Story","Documentary",6,19,76.83,"2005-08-23 11:16:29",4.48
710,8,"Rage Games","Family",6,19,119.81,"2005-08-23 21:02:43",4.27
269,8,"Earring Instinct","Family",6,19,60.83,"2005-08-23 13:56:40",5.05
725,4,"Requiem Tycoon","Classics",6,19,105.82,"2005-08-23 09:37:34",4.90
734,6,"Road Roxanne","Documentary",6,19,115.83,"2005-08-23 14:29:16",5.27
281,10,"Encino Elf","Games",6,19,27.81,"2006-02-14 15:16:03",4.66
282,7,"Encounters Curtain","Drama",6,19,38.82,"2005-08-23 13:25:08",4.83
580,13,"Mine Titans","New",6,19,138.83,"2005-08-23 20:20:23",5.76
785,16,"Shawshank Bubble","Travel",6,19,109.81,"2006-02-14 15:16:03",5.52
150,6,"Cider Desire","Documentary",6,19,56.83,"2005-08-23 11:16:16",5.26
302,10,"Fantasia Park","Games",6,19,73.81,"2005-08-23 22:12:44",4.91
118,2,"Canyon Stock","Animation",6,19,27.81,"2006-02-14 15:16:03",4.87
97,1,"Bride Intrigue","Action",6,19,20.82,"2005-08-23 20:29:10",4.52
864,3,"Sundance Invasion","Children",6,19,36.82,"2006-02-14 15:16:03",5.02
887,2,"Thief Pelican","Animation",6,19,97.84,"2005-08-22 14:23:11",5.24
72,6,"Bill Others","Documentary",6,19,63.82,"2005-08-23 19:50:06",4.88
912,14,"Trojan Tomorrow","Sci-Fi",6,19,75.82,"2006-02-14 15:16:03",3.54
948,13,"Voice Peach","New",6,19,31.83,"2005-08-23 04:33:23",4.84
436,13,"Hours Rage","New",6,19,44.82,"2005-08-22 16:49:02",4.98
429,15,"Honey Ties","Sports",6,19,59.84,"2005-08-23 02:45:21",5.46
233,16,"Disciple Mother","Travel",6,19,39.82,"2006-02-14 15:16:03",3.68
936,12,"Vanishing Rocky","Music",6,18,80.83,"2006-02-14 15:16:03",4.55
777,15,"Secretary Rouge","Sports",6,18,112.82,"2005-08-22 23:19:44",5.45
768,3,"Scarface Bang","Children",6,18,106.84,"2006-02-14 15:16:03",4.42
657,5,"Paradise Sabrina","Comedy",6,18,79.82,"2005-08-22 02:13:51",5.29
456,2,"Inch Jet","Animation",6,18,95.82,"2005-08-23 09:53:30",4.63
116,4,"Candidate Perdition","Classics",6,18,88.82,"2006-02-14 15:16:03",6.06
689,9,"Pollock Deliverance","Foreign",6,18,66.82,"2006-02-14 15:16:03",4.62
90,13,"Boulevard Mob","New",6,18,56.84,"2006-02-14 15:16:03",5.65
524,5,"Lion Uncut","Comedy",6,18,33.83,"2005-08-23 03:32:31",5.34
812,6,"Smoking Barbarella","Documentary",6,18,17.84,"2006-02-14 15:16:03",4.35
329,1,"Forrest Sons","Action",6,18,83.83,"2005-08-23 15:47:02",5.47
121,2,"Carol Texas","Animation",6,18,79.83,"2005-08-23 11:55:50",5.16
346,4,"Galaxy Sweethearts","Classics",6,18,105.84,"2005-08-22 23:17:41",4.32
986,2,"Wonka Sea","Animation",6,18,66.82,"2005-08-23 16:07:15",4.56
77,13,"Birds Perdition","New",6,18,102.83,"2005-08-23 10:36:00",4.69
17,12,"Alone Trip","Music",6,18,61.83,"2006-02-14 15:16:03",5.39
215,10,"Dawn Pond","Games",6,18,120.83,"2005-08-23 14:23:44",5.53
709,7,"Racer Egg","Drama",6,18,54.83,"2005-08-23 17:36:00",4.75
461,2,"Insects Stone","Animation",6,18,36.81,"2006-02-14 15:16:03",3.31
724,8,"Remember Diary","Family",6,18,70.83,"2005-08-23 08:54:26",4.98
506,11,"Lady Stage","Horror",6,17,113.84,"2006-02-14 15:16:03",5.38
643,7,"Orient Closer","Drama",6,17,80.83,"2005-08-23 21:44:27",4.25
859,2,"Sugar Wonka","Animation",6,17,93.85,"2005-08-23 03:03:53",3.69
481,13,"Jekyll Frogmen","New",6,17,78.84,"2005-08-23 20:53:20",5.14
803,7,"Slacker Liaisons","Drama",6,17,86.84,"2005-08-23 13:18:46",4.61
183,8,"Conversation Downhill","Family",6,17,114.83,"2006-02-14 15:16:03",5.65
737,11,"Rock Instinct","Horror",6,17,48.83,"2005-08-23 07:54:54",5.06
672,5,"Perfect Groove","Comedy",6,17,53.84,"2005-08-23 21:37:59",6.25
611,4,"Musketeers Wait","Classics",6,17,82.85,"2005-08-21 02:23:25",4.61
512,4,"League Hellfighters","Classics",6,17,105.83,"2005-08-21 23:17:26",5.27
351,11,"Gaslight Crusade","Horror",6,16,62.84,"2005-08-23 18:45:06",4.00
606,15,"Mummy Creatures","Sports",6,16,55.85,"2006-02-14 15:16:03",5.70
189,10,"Creatures Shakespeare","Games",6,16,56.84,"2006-02-14 15:16:03",5.97
458,8,"Indian Love","Family",6,16,46.85,"2005-08-23 16:50:43",5.56
170,9,"Command Darling","Foreign",6,16,107.84,"2005-08-22 02:57:04",6.30
392,3,"Hall Cassidy","Children",6,16,98.84,"2005-08-23 19:51:30",5.00
542,1,"Lust Lock","Action",6,15,74.82,"2006-02-14 15:16:03",3.59
820,2,"Sons Interview","Animation",6,15,75.85,"2006-02-14 15:16:03",5.22
655,14,"Panther Reds","Sci-Fi",6,15,83.86,"2005-08-22 17:22:41",4.97
913,13,"Troopers Metal","New",6,14,46.86,"2005-08-23 07:25:29",5.04
784,16,"Shanghai Tycoon","Travel",6,14,43.86,"2005-08-21 19:01:36",3.95
648,16,"Outlaw Hanky","Travel",6,14,73.86,"2006-02-14 15:16:03",4.92
775,7,"Seattle Expecations","Drama",5,24,125.80,"2006-02-14 15:16:03",5.42
961,9,"Wash Heavenly","Foreign",5,23,104.80,"2005-08-21 22:53:01",4.65
271,1,"Easy Gladiator","Action",5,23,132.80,"2005-08-21 09:06:29",6.01
646,10,"Outbreak Divine","Games",5,23,31.82,"2005-08-23 10:22:21",4.95
54,12,"Banger Pinocchio","Music",5,22,40.80,"2005-08-23 21:01:09",4.65
898,15,"Tourist Pelican","Sports",5,22,126.81,"2005-08-21 12:48:48",4.98
26,14,"Annie Identity","Sci-Fi",5,22,50.81,"2005-08-23 03:30:51",4.33
142,6,"Chicken Hellfighters","Documentary",5,22,58.81,"2005-08-23 22:06:34",4.63
59,3,"Bear Graceland","Children",5,22,93.81,"2005-08-23 11:56:22",5.50
806,13,"Sleepy Japanese","New",5,21,76.83,"2006-02-14 15:16:03",5.17
727,8,"Resurrection Silverado","Family",5,21,24.81,"2005-08-22 06:46:59",4.45
637,14,"Open African","Sci-Fi",5,21,103.81,"2005-08-23 17:39:35",4.80
807,10,"Sleuth Orient","Games",5,21,48.81,"2005-08-22 08:21:21",4.93
920,13,"Unbreakable Karate","New",5,21,76.81,"2005-08-22 18:48:48",5.61
83,8,"Blues Instinct","Family",5,21,75.82,"2005-08-23 11:25:00",4.60
602,14,"Mourning Purple","Sci-Fi",5,21,39.81,"2005-08-22 19:54:52",4.75
242,5,"Doom Dancing","Comedy",5,21,58.83,"2005-08-22 19:08:49",6.30
354,3,"Ghost Groundhog","Children",5,21,107.81,"2006-02-14 15:16:03",5.41
776,6,"Secret Groundhog","Documentary",5,21,105.81,"2005-08-22 20:27:38",4.76
164,6,"Coast Rainbow","Documentary",5,21,37.82,"2005-08-23 10:00:24",4.42
23,2,"Anaconda Confessions","Animation",5,21,51.82,"2005-08-20 21:21:08",4.45
138,14,"Chariots Conspiracy","Sci-Fi",5,21,65.81,"2005-08-22 06:17:12",4.11
501,1,"Kissing Dolls","Action",5,20,120.83,"2005-08-23 16:33:33",4.80
140,14,"Cheaper Clyde","Sci-Fi",5,20,30.83,"2005-08-22 20:17:49",5.62
462,12,"Insider Arizona","Music",5,20,61.83,"2006-02-14 15:16:03",4.03
465,13,"Interview Liaisons","New",5,20,110.82,"2005-08-22 03:42:12",4.69
496,16,"Kick Savannah","Travel",5,20,48.83,"2006-02-14 15:16:03",4.65
578,4,"Million Ace","Classics",5,20,103.83,"2005-08-23 02:05:51",4.91
628,15,"Northwest Polish","Sports",5,20,77.82,"2005-08-23 20:12:17",5.96
668,15,"Peak Forever","Sports",5,20,94.82,"2005-08-23 15:08:00",4.54
728,7,"Reunion Witches","Drama",5,20,50.82,"2005-08-23 07:43:00",4.03
805,2,"Sleepless Monsoon","Animation",5,20,103.83,"2006-02-14 15:16:03",4.93
906,5,"Tramp Others","Comedy",5,20,40.82,"2005-08-22 11:05:34",5.07
370,3,"Gorgeous Bingo","Children",5,19,94.83,"2006-02-14 15:16:03",6.51
298,14,"Eyes Driving","Sci-Fi",5,19,68.84,"2005-08-21 22:21:49",4.98
451,16,"Igby Maker","Travel",5,19,89.83,"2006-02-14 15:16:03",5.41
747,10,"Roxanne Rebel","Games",5,19,29.83,"2005-08-23 09:01:10",4.33
560,10,"Mars Roman","Games",5,19,30.83,"2005-08-22 18:53:28",5.40
227,10,"Details Packer","Games",5,19,128.82,"2006-02-14 15:16:03",5.60
818,7,"Something Duck","Drama",5,19,120.82,"2005-08-20 17:24:45",5.10
631,15,"Novocaine Flight","Sports",5,19,49.82,"2005-08-22 23:06:25",5.23
344,3,"Fury Murder","Children",5,19,58.83,"2005-08-22 06:05:38",5.12
345,8,"Gables Metropolis","Family",5,19,47.83,"2006-02-14 15:16:03",4.83
158,12,"Clones Pinocchio","Music",5,19,59.83,"2005-08-22 05:53:52",4.68
663,4,"Patient Sister","Classics",5,19,21.82,"2005-08-23 19:10:32",4.24
160,2,"Club Graffiti","Animation",5,19,38.82,"2006-02-14 15:16:03",4.67
610,8,"Music Boondock","Family",5,19,20.83,"2005-08-23 16:17:09",4.90
479,8,"Jedi Beneath","Family",5,19,20.82,"2005-08-21 14:52:14",4.62
155,13,"Cleopatra Devil","New",5,18,27.85,"2006-02-14 15:16:03",6.00
212,1,"Darn Forrester","Action",5,18,87.83,"2005-08-23 21:54:02",5.79
473,7,"Jacket Frisco","Drama",5,18,71.84,"2005-08-21 07:09:27",4.91
967,14,"Weekend Personal","Sci-Fi",5,18,71.83,"2005-08-22 23:35:41",4.94
56,1,"Barefoot Manchurian","Action",5,18,59.83,"2005-08-23 19:45:25",5.04
871,5,"Sweden Shining","Comedy",5,18,101.83,"2006-02-14 15:16:03",6.60
383,15,"Groove Fiction","Sports",5,18,40.83,"2005-08-21 12:47:53",6.34
184,4,"Core Suit","Classics",5,18,92.84,"2005-08-23 04:20:16",5.39
924,14,"Unforgiven Zoolander","Sci-Fi",5,18,22.84,"2005-08-21 23:33:57",5.41
251,13,"Dragonfly Strangers","New",5,18,80.86,"2006-02-14 15:16:03",4.83
385,5,"Groundhog Uncut","Comedy",5,18,78.86,"2006-02-14 15:16:03",5.36
746,10,"Rouge Squad","Games",5,18,51.84,"2005-08-23 11:33:25",4.60
463,15,"Instinct Airport","Sports",5,18,69.83,"2005-08-23 15:41:12",4.09
286,16,"Enough Raging","Travel",5,18,51.84,"2006-02-14 15:16:03",5.58
294,16,"Expecations Natural","Travel",5,18,101.83,"2005-08-22 09:33:08",5.29
254,15,"Driver Annie","Sports",5,18,62.84,"2006-02-14 15:16:03",3.94
432,4,"Hope Tootsie","Classics",5,18,72.83,"2005-08-22 11:43:04",4.32
583,2,"Mission Zoolander","Animation",5,18,110.84,"2005-08-22 04:51:42",4.71
410,5,"Heaven Freedom","Comedy",5,18,49.85,"2005-08-23 14:42:07",4.98
380,9,"Greek Everyone","Foreign",5,17,55.83,"2005-08-19 23:38:02",4.89
877,12,"Taxi Kick","Music",5,17,34.83,"2005-08-22 08:27:27",4.57
336,6,"French Holiday","Documentary",5,17,94.84,"2005-08-22 09:54:54",5.13
623,9,"Newton Labyrinth","Foreign",5,17,46.84,"2005-08-22 11:43:42",5.36
275,11,"Egypt Tenenbaums","Horror",5,17,66.84,"2005-08-22 18:39:11",6.07
424,3,"Holocaust Highball","Children",5,17,23.84,"2005-08-22 21:36:51",5.03
691,15,"Poseidon Forever","Sports",5,17,100.83,"2005-08-23 20:22:17",5.37
693,2,"Potter Connecticut","Animation",5,17,62.85,"2005-08-22 01:20:19",5.13
574,1,"Midnight Westward","Action",5,17,38.84,"2006-02-14 15:16:03",4.24
964,1,"Waterfront Deliverance","Action",5,17,116.84,"2005-08-21 20:12:30",5.68
744,4,"Roots Remember","Classics",5,17,37.86,"2005-08-23 16:27:24",5.06
448,13,"Idaho Love","New",5,17,68.85,"2005-08-20 08:27:27",4.05
175,8,"Confused Candles","Family",5,17,99.84,"2005-08-20 16:17:27",5.85
763,15,"Satisfaction Confidential","Sports",5,17,122.84,"2005-08-22 21:05:50",5.30
944,7,"Virgin Daisy","Drama",5,17,86.84,"2005-08-22 19:45:57",4.97
534,8,"Louisiana Harry","Family",5,17,28.84,"2005-08-23 08:29:53",4.37
925,6,"United Pilot","Documentary",5,17,43.85,"2005-08-21 21:50:51",5.06
999,3,"Zoolander Fiction","Children",5,17,66.85,"2005-08-23 08:48:43",5.54
324,5,"Flintstones Happiness","Comedy",5,17,134.83,"2005-08-22 23:08:46",5.65
95,13,"Breakfast Goldfinger","New",5,17,104.84,"2005-08-23 18:59:33",5.47
483,10,"Jericho Mulan","Games",5,17,95.84,"2005-08-23 18:20:56",5.62
488,15,"Joon Northwest","Sports",5,17,37.84,"2005-08-23 16:45:28",4.01
937,13,"Varsity Trip","New",5,16,48.84,"2006-02-14 15:16:03",4.05
44,14,"Attacks Hate","Sci-Fi",5,16,101.84,"2005-08-23 04:48:12",5.75
975,8,"Willow Tracy","Family",5,16,52.85,"2005-08-23 10:11:40",5.39
704,5,"Pure Runner","Comedy",5,16,89.85,"2006-02-14 15:16:03",5.93
862,4,"Summer Scarface","Classics",5,16,32.86,"2006-02-14 15:16:03",5.11
797,12,"Silence Kane","Music",5,16,15.85,"2005-08-22 20:55:56",5.20
696,2,"Pride Alamo","Animation",5,16,17.85,"2006-02-14 15:16:03",3.33
991,1,"Worst Banger","Action",5,16,66.85,"2005-08-23 01:13:52",5.12
980,12,"Wizard Coldblooded","Music",5,16,90.85,"2005-08-23 10:32:52",4.02
141,10,"Chicago North","Games",5,16,84.85,"2005-08-21 22:12:45",5.52
601,16,"Moulin Wake","Travel",5,16,51.84,"2005-08-22 10:24:32",5.77
50,8,"Baked Cleopatra","Family",5,16,76.85,"2006-02-14 15:16:03",4.62
666,7,"Paycheck Wait","Drama",5,16,101.84,"2005-08-23 16:50:53",4.71
123,16,"Casablanca Super","Travel",5,16,82.84,"2005-08-23 01:16:55",4.34
226,13,"Destiny Saturday","New",5,16,91.85,"2005-08-21 02:56:52",4.14
757,6,"Sagebrush Clueless","Documentary",5,16,83.86,"2005-08-23 12:43:30",6.45
570,15,"Mermaid Insects","Sports",5,16,94.85,"2005-08-22 07:04:25",4.97
105,1,"Bull Shawshank","Action",5,16,21.84,"2006-02-14 15:16:03",4.73
664,1,"Patriot Roman","Action",5,16,52.85,"2005-08-22 16:40:21",5.58
963,2,"Watch Tracy","Animation",5,16,33.85,"2005-08-22 17:48:28",4.79
165,14,"Coldblooded Darling","Sci-Fi",5,16,89.84,"2005-08-23 05:39:06",5.70
739,7,"Rocky War","Drama",5,16,88.87,"2005-08-22 20:41:53",4.88
373,3,"Graduate Lord","Children",5,16,42.87,"2005-08-22 06:30:10",5.33
716,11,"Reap Unfaithful","Horror",5,16,62.84,"2005-08-23 05:32:03",5.34
420,15,"Holes Brannigan","Sports",5,15,75.86,"2006-02-14 15:16:03",5.32
232,10,"Dirty Ace","Games",5,15,47.87,"2005-08-21 18:35:44",5.33
438,10,"Human Graffiti","Games",5,15,80.85,"2005-08-22 17:46:41",5.04
7,5,"Airplane Sierra","Comedy",5,15,82.85,"2005-08-22 17:18:05",4.58
796,15,"Sierra Divide","Sports",5,15,57.85,"2005-08-23 10:35:45",5.62
557,8,"Manchurian Curtain","Family",5,15,59.86,"2005-08-23 21:10:24",5.50
988,16,"Worker Tarzan","Travel",5,15,47.86,"2005-08-22 19:54:26",5.31
536,4,"Lovely Jingle","Classics",5,14,62.87,"2006-02-14 15:16:03",4.46
478,5,"Jaws Harry","Comedy",5,14,59.87,"2005-08-21 12:07:25",4.89
216,13,"Day Unfaithful","New",5,14,93.88,"2006-02-14 15:16:03",6.08
599,15,"Mother Oleander","Sports",5,14,63.87,"2005-08-23 15:59:51",6.73
894,16,"Tomatoes Hellfighters","Travel",5,14,19.86,"2005-08-21 14:11:19",4.39
381,10,"Grinch Massage","Games",5,14,76.86,"2005-08-22 14:41:05",5.22
620,14,"Nemo Campus","Sci-Fi",5,14,59.86,"2005-08-23 03:03:40",4.64
453,15,"Image Princess","Sports",5,14,76.86,"2005-08-23 17:57:28",5.00
173,7,"Confessions Maguire","Drama",5,14,70.87,"2005-08-22 15:21:56",5.05
829,8,"Spinal Rocky","Family",5,13,39.87,"2005-08-23 09:38:17",5.72
917,15,"Tuxedo Mile","Sports",5,13,76.87,"2006-02-14 15:16:03",5.96
293,15,"Exorcist Sting","Sports",5,13,49.88,"2005-08-21 09:49:28",5.24
511,1,"Lawrence Love","Action",5,13,15.87,"2005-08-23 21:45:02",4.52
9,11,"Alabama Devil","Horror",5,12,71.88,"2005-08-23 14:26:51",5.57
957,9,"War Notting","Foreign",5,12,65.88,"2005-08-23 00:11:52",5.39
74,12,"Birch Antitrust","Music",5,11,74.89,"2005-08-23 10:56:15",5.53
535,11,"Love Suicides","Horror",4,20,22.85,"2005-08-23 18:23:11",5.20
396,7,"Hanging Deep","Drama",4,19,92.85,"2005-08-20 23:42:31",4.73
48,3,"Backlash Undefeated","Children",4,19,140.84,"2005-08-23 15:15:02",6.20
474,15,"Jade Bunch","Sports",4,18,53.85,"2005-08-23 15:30:48",4.32
971,9,"Whale Bikini","Foreign",4,18,113.85,"2005-08-23 20:08:18",6.19
8,11,"Airport Pollock","Horror",4,18,86.85,"2005-08-23 20:24:36",5.06
688,3,"Polish Brooklyn","Children",4,18,18.85,"2005-08-23 13:48:34",4.83
70,2,"Bikini Borrowers","Animation",4,17,79.86,"2005-08-22 20:03:46",6.00
878,16,"Teen Apollo","Travel",4,17,109.86,"2005-08-21 03:32:03",5.03
333,12,"Freaky Pocus","Music",4,17,43.86,"2005-08-22 18:57:39",3.83
58,6,"Beach Heartbreakers","Documentary",4,17,55.86,"2005-08-23 15:29:17",5.20
510,2,"Lawless Vision","Animation",4,17,76.86,"2006-02-14 15:16:03",4.21
854,11,"Strangers Graffiti","Horror",4,17,104.86,"2005-08-23 11:17:26",5.68
308,5,"Ferris Mother","Comedy",4,17,70.85,"2005-08-22 21:39:45",4.14
348,8,"Gandhi Kwai","Family",4,17,16.87,"2005-08-22 05:07:17",5.34
299,16,"Factory Dragon","Travel",4,17,30.85,"2005-08-19 20:55:23",3.68
552,6,"Majestic Floats","Documentary",4,17,36.85,"2005-08-22 02:04:38",6.16
169,16,"Comforts Rush","Travel",4,17,69.85,"2005-08-19 16:50:50",4.53
626,3,"Noon Papi","Children",4,17,60.85,"2005-08-20 12:33:36",5.28
561,13,"Mask Peach","New",4,17,49.86,"2005-08-22 15:56:42",5.19
398,12,"Hanover Galaxy","Music",4,17,81.86,"2005-08-20 18:42:40",4.45
717,1,"Rear Trading","Action",4,17,27.85,"2005-08-22 21:15:46",5.57
265,5,"Dying Maker","Comedy",4,17,83.85,"2005-08-21 16:52:03",4.09
600,11,"Motions Details","Horror",4,16,25.87,"2006-02-14 15:16:03",4.74
908,9,"Trap Guys","Foreign",4,16,119.85,"2005-08-22 23:48:56",5.54
427,6,"Homeward Cider","Documentary",4,16,23.84,"2005-08-21 13:07:24",3.51
987,12,"Words Hunter","Music",4,16,73.86,"2005-08-22 18:59:01",4.77
956,10,"Wanda Chamber","Games",4,16,76.86,"2006-02-14 15:16:03",5.33
679,8,"Pilot Hoosiers","Family",4,16,51.86,"2005-08-20 05:50:05",5.20
749,11,"Rules Human","Horror",4,16,78.87,"2005-08-22 06:53:21",6.53
179,7,"Conquerer Nuts","Drama",4,16,84.87,"2005-08-22 21:29:14",4.31
686,13,"Pluto Oleander","New",4,16,73.87,"2005-08-21 13:52:54",4.23
708,6,"Quills Bull","Documentary",4,16,77.87,"2005-08-23 08:51:21",4.45
480,4,"Jeepers Wedding","Classics",4,16,70.87,"2005-08-23 03:13:01",5.35
42,15,"Artist Coldblooded","Sports",4,16,59.86,"2005-08-22 19:44:53",5.40
85,6,"Bonnie Holocaust","Documentary",4,16,31.85,"2005-08-21 07:59:47",4.29
809,15,"Slipper Fidelity","Sports",4,16,24.86,"2005-08-20 05:59:05",5.06
203,14,"Daisy Menagerie","Sci-Fi",4,16,85.86,"2005-08-22 18:21:04",4.35
855,6,"Streak Ridgemont","Documentary",4,16,17.87,"2006-02-14 15:16:03",5.99
927,1,"Uprising Uptown","Action",4,16,45.87,"2005-08-23 16:54:09",5.17
969,7,"West Lion","Drama",4,16,92.86,"2005-08-22 07:51:47",5.00
186,7,"Craft Outfield","Drama",4,16,18.86,"2005-08-21 10:19:25",4.14
526,16,"Lock Rear","Travel",4,16,42.86,"2005-08-23 03:52:36",4.14
40,6,"Army Flintstones","Documentary",4,16,36.86,"2005-08-22 18:27:33",4.93
111,1,"Caddyshack Jedi","Action",4,16,46.86,"2005-08-23 14:27:07",4.64
678,15,"Pickup Driving","Sports",4,16,93.85,"2005-08-20 12:11:28",6.06
260,15,"Dude Blindness","Sports",4,16,90.87,"2005-08-23 07:10:22",4.31
634,8,"Odds Boogie","Family",4,15,19.87,"2005-08-23 14:01:07",5.32
110,3,"Cabin Flash","Children",4,15,39.86,"2005-08-21 15:57:25",5.36
229,1,"Devil Desire","Action",4,15,78.86,"2006-02-14 15:16:03",4.99
795,8,"Siege Madre","Family",4,15,16.86,"2005-08-23 06:33:26",5.16
788,6,"Ship Wonderland","Documentary",4,15,44.86,"2005-08-22 01:35:37",2.99
152,3,"Circus Youth","Children",4,15,53.86,"2005-08-23 12:41:07",5.08
615,2,"Nash Chocolat","Animation",4,15,58.87,"2005-08-22 06:19:37",6.31
544,6,"Madison Trap","Documentary",4,15,64.87,"2005-08-22 12:24:55",5.90
618,7,"Necklace Outbreak","Drama",4,15,36.86,"2005-08-23 09:35:34",4.62
654,10,"Panky Submarine","Games",4,15,86.88,"2005-08-19 09:34:02",6.35
942,7,"Vietnam Smoochy","Drama",4,15,21.86,"2005-08-21 19:54:11",4.80
907,7,"Translation Summer","Drama",4,15,25.87,"2005-08-20 11:37:56",4.62
421,9,"Holiday Games","Foreign",4,15,82.85,"2005-08-23 01:29:59",5.12
844,15,"Steers Armageddon","Sports",4,15,85.85,"2005-08-22 23:11:59",5.06
452,9,"Illusion Amelie","Foreign",4,15,34.87,"2005-08-23 22:42:48",4.95
68,3,"Betrayed Rear","Children",4,15,79.87,"2005-08-21 04:29:11",4.94
962,4,"Wasteland Divine","Classics",4,15,40.88,"2005-08-21 11:20:21",4.87
446,15,"Hysterical Grail","Sports",4,15,87.85,"2005-08-21 07:29:05",4.44
287,1,"Entrapment Satisfaction","Action",4,15,42.87,"2005-08-23 09:02:03",6.14
732,1,"Rings Heartbreakers","Action",4,15,31.87,"2005-08-23 02:55:42",5.92
896,3,"Tootsie Pilot","Children",4,15,28.88,"2005-08-22 18:48:42",4.23
201,9,"Cyclone Family","Foreign",4,15,43.87,"2006-02-14 15:16:03",5.28
588,3,"Model Fish","Children",4,15,76.87,"2005-08-21 17:30:17",4.25
589,6,"Modern Dorado","Documentary",4,15,42.88,"2005-08-23 14:31:50",5.15
592,12,"Monster Spartacus","Music",4,15,48.86,"2006-02-14 15:16:03",5.03
858,5,"Submarine Bed","Comedy",4,15,78.87,"2005-08-21 10:22:51",4.26
505,3,"Labyrinth League","Children",4,15,41.87,"2005-08-22 21:41:40",4.18
598,15,"Mosquito Armageddon","Sports",4,15,16.89,"2006-02-14 15:16:03",5.13
272,7,"Edge Kissing","Drama",4,15,79.87,"2005-08-23 20:41:09",4.94
84,16,"Boiled Dares","Travel",4,15,66.87,"2005-08-21 04:30:47",4.62
236,10,"Divine Resurrection","Games",4,15,64.85,"2006-02-14 15:16:03",4.77
830,11,"Spirit Flintstones","Horror",4,15,14.86,"2005-08-20 23:18:54",4.20
529,5,"Lonely Elephant","Comedy",4,15,65.87,"2005-08-21 16:44:32",4.85
137,14,"Charade Duffel","Sci-Fi",4,15,66.87,"2005-08-23 22:20:40",5.12
532,15,"Loser Hustler","Sports",4,15,83.86,"2005-08-23 01:25:30",5.14
932,5,"Valley Packer","Comedy",4,15,49.88,"2005-08-22 01:10:32",5.44
81,14,"Blindness Gun","Sci-Fi",4,14,71.87,"2005-08-23 09:41:28",5.10
652,4,"Pajama Jawbreaker","Classics",4,14,39.86,"2005-08-21 23:47:16",4.69
793,1,"Shrunk Divine","Action",4,14,46.87,"2005-08-23 18:51:41",5.61
347,16,"Games Bowfinger","Travel",4,14,62.88,"2005-08-23 02:33:27",3.89
455,9,"Impossible Prejudice","Foreign",4,14,74.86,"2005-08-22 15:57:38",4.89
360,1,"Glass Dying","Action",4,14,35.88,"2005-08-23 15:58:05",5.65
241,2,"Donnie Alley","Animation",4,14,34.87,"2005-08-22 16:08:23",4.83
946,8,"Virtual Spoilers","Family",4,14,105.87,"2005-08-23 13:22:56",6.23
783,16,"Shane Darkness","Travel",4,14,52.87,"2005-08-22 07:32:23",5.33
629,6,"Notorious Reunion","Documentary",4,14,24.87,"2005-08-22 10:58:45",6.76
774,5,"Searchers Wait","Comedy",4,14,75.86,"2005-08-20 21:26:55",5.18
921,12,"Uncut Suicides","Music",4,14,42.87,"2005-08-23 05:04:33",6.12
219,6,"Deep Crusade","Documentary",4,14,75.87,"2006-02-14 15:16:03",5.53
190,4,"Creepers Kane","Classics",4,14,77.87,"2005-08-23 01:15:07",4.21
847,13,"Stock Glass","New",4,14,42.87,"2005-08-23 09:23:08",3.65
900,9,"Town Ark","Foreign",4,14,46.87,"2005-08-22 18:05:21",4.21
992,6,"Wrath Mile","Documentary",4,14,22.87,"2005-08-22 20:31:38",4.60
24,11,"Analyze Hoosiers","Horror",4,14,55.86,"2005-08-22 17:58:27",5.64
379,7,"Greedy Roots","Drama",4,14,14.87,"2005-08-23 18:01:31",3.22
832,8,"Splash Gump","Family",4,14,33.86,"2005-08-22 09:49:32",5.80
365,5,"Gold River","Comedy",4,14,94.86,"2005-08-22 19:44:59",5.18
658,11,"Paris Weekend","Horror",4,14,40.88,"2005-08-23 07:23:29",5.92
205,1,"Dances None","Action",4,14,28.87,"2006-02-14 15:16:03",4.16
546,10,"Madre Gables","Games",4,14,47.87,"2005-08-23 11:15:20",6.81
673,12,"Personal Ladybugs","Music",4,14,43.87,"2005-08-22 15:30:25",5.46
16,9,"Alley Evolution","Foreign",4,14,46.87,"2005-08-22 07:10:26",5.50
394,14,"Hamlet Wisdom","Sci-Fi",4,14,39.88,"2005-08-20 10:31:01",6.34
667,15,"Peach Innocent","Sports",4,14,80.86,"2006-02-14 15:16:03",5.67
840,10,"Stampede Disturbing","Games",4,14,32.86,"2005-08-23 06:19:51",5.05
916,2,"Turn Star","Animation",4,14,56.88,"2005-08-22 16:06:23",4.43
705,9,"Purple Movie","Foreign",4,13,52.88,"2005-08-23 18:44:21",4.00
423,3,"Hollywood Anonymous","Children",4,13,13.87,"2005-08-21 01:10:29",4.34
430,2,"Hook Chariots","Animation",4,13,17.87,"2005-08-23 10:35:51",5.19
440,9,"Hunger Roof","Foreign",4,13,19.88,"2006-02-14 15:16:03",6.36
449,14,"Identity Lover","Sci-Fi",4,13,56.88,"2005-08-21 13:55:39",5.00
328,3,"Forever Candidate","Children",4,13,40.88,"2005-08-23 19:35:42",4.65
321,13,"Flash Wars","New",4,13,87.88,"2005-08-23 15:21:35",5.07
296,14,"Express Lonely","Sci-Fi",4,13,42.88,"2005-08-23 16:22:20",4.20
568,5,"Memento Zoolander","Comedy",4,13,88.87,"2005-08-22 21:01:25",5.44
573,3,"Microcosmos Paradise","Children",4,13,43.88,"2005-08-23 22:14:31",5.48
593,11,"Monterey Labyrinth","Horror",4,13,19.89,"2005-08-22 07:16:45",4.01
597,10,"Moonwalker Fool","Games",4,13,75.89,"2006-02-14 15:16:03",6.13
258,11,"Drums Dynamite","Horror",4,13,24.87,"2005-08-22 23:51:23",5.87
660,5,"Party Knock","Comedy",4,13,41.88,"2005-08-23 17:44:53",5.22
661,9,"Past Suicides","Foreign",4,13,66.88,"2005-08-20 21:50:11",4.53
213,8,"Date Speed","Family",4,13,41.88,"2005-08-21 16:32:32",5.84
209,7,"Darkness War","Drama",4,13,45.88,"2005-08-22 00:40:49",5.74
711,14,"Raging Airplane","Sci-Fi",4,13,77.88,"2005-08-23 02:51:27",4.79
736,8,"Robbery Bright","Family",4,13,32.88,"2005-08-21 21:27:24",5.11
762,10,"Sassy Packer","Games",4,13,14.88,"2005-08-22 21:19:24",4.68
765,5,"Saturn Name","Comedy",4,13,70.87,"2005-08-23 18:36:44",5.37
153,14,"Citizen Shrek","Sci-Fi",4,13,21.87,"2005-08-23 09:09:18",5.12
151,14,"Cincinatti Whisperer","Sci-Fi",4,13,71.89,"2006-02-14 15:16:03",6.58
133,12,"Chamber Italian","Music",4,13,65.88,"2006-02-14 15:16:03",6.65
828,4,"Spiking Element","Classics",4,13,38.88,"2005-08-22 13:03:52",4.56
842,10,"State Wasteland","Games",4,13,55.89,"2006-02-14 15:16:03",5.52
867,8,"Super Wyoming","Family",4,13,78.88,"2005-08-20 17:58:00",6.05
882,7,"Tenenbaums Command","Drama",4,13,19.88,"2005-08-22 21:13:51",3.17
71,8,"Bilko Anonymous","Family",4,13,94.88,"2005-08-23 14:55:47",5.41
65,11,"Behavior Runaway","Horror",4,13,87.89,"2005-08-22 06:46:03",5.33
63,8,"Bedazzled Married","Family",4,13,14.88,"2005-08-23 20:44:36",4.17
929,9,"Usual Untouchables","Foreign",4,13,65.88,"2005-08-23 16:08:15",3.50
34,11,"Arabia Dogma","Horror",4,13,21.88,"2005-08-20 07:47:05",4.63
27,15,"Anonymous Human","Sports",4,13,17.87,"2005-08-20 00:18:15",4.85
389,15,"Gunfighter Mussolini","Sports",4,12,64.89,"2005-08-23 03:30:45",5.55
3,6,"Adaptation Holes","Documentary",4,12,34.89,"2005-08-23 13:54:39",3.47
113,15,"California Birds","Sports",4,12,73.89,"2005-08-23 12:46:38",5.45
794,1,"Side Ark","Action",4,12,29.88,"2005-08-23 15:01:54",6.09
519,15,"Liberty Magnificent","Sports",4,12,67.89,"2005-08-23 06:03:31",6.12
194,1,"Crow Grease","Action",4,12,14.89,"2005-08-23 07:31:10",4.74
798,14,"Silverado Goldfinger","Sci-Fi",4,12,91.88,"2006-02-14 15:16:03",6.71
881,11,"Temple Attraction","Horror",4,12,57.90,"2005-08-23 06:09:44",4.54
567,9,"Meet Chocolate","Foreign",4,12,56.89,"2005-08-23 20:44:10",5.13
813,15,"Smoochy Control","Sports",4,12,14.88,"2006-02-14 15:16:03",5.05
821,9,"Sorority Queen","Foreign",4,12,19.88,"2005-08-21 15:24:24",4.12
80,8,"Blanket Beverly","Family",4,12,33.90,"2006-02-14 15:16:03",6.15
88,16,"Born Spinal","Travel",4,12,59.88,"2005-08-23 13:45:44",4.15
291,15,"Evolution Alter","Sports",4,12,26.88,"2005-08-20 20:07:15",5.21
323,15,"Flight Lies","Sports",4,12,68.88,"2005-08-21 02:14:03",7.27
207,9,"Dangerous Uptown","Foreign",4,12,66.88,"2005-08-23 10:32:52",6.15
585,7,"Mob Duffel","Drama",4,12,27.90,"2005-08-23 22:50:12",5.47
919,10,"Tycoon Gathering","Games",4,12,103.88,"2005-08-23 06:18:43",6.51
918,3,"Twisted Pirates","Children",4,11,66.89,"2005-08-23 12:33:41",4.10
886,2,"Theory Mermaid","Animation",4,11,30.88,"2006-02-14 15:16:03",5.70
888,6,"Thin Sagebrush","Documentary",4,11,73.89,"2005-08-21 19:19:21",5.51
250,1,"Dragon Squad","Action",4,11,27.89,"2005-08-23 18:28:09",4.92
352,10,"Gathering Calendar","Games",4,11,19.90,"2005-08-22 01:09:04",4.27
729,15,"Rider Caddyshack","Sports",4,11,48.89,"2005-08-22 17:00:31",5.75
342,16,"Fugitive Maguire","Travel",4,11,56.89,"2005-08-23 13:33:46",4.03
722,11,"Reef Salute","Horror",4,11,23.89,"2005-08-22 16:32:23",5.48
92,11,"Bowfinger Gables","Horror",4,11,56.89,"2005-08-19 10:49:03",3.13
337,9,"Frida Slipper","Foreign",4,11,40.90,"2006-02-14 15:16:03",5.51
549,1,"Magnolia Forrester","Action",4,11,34.89,"2005-08-22 11:14:31",5.59
276,5,"Element Freddy","Comedy",4,10,56.90,"2005-08-23 13:06:19",5.38
662,7,"Paths Control","Drama",4,10,81.90,"2005-08-23 16:18:12",6.04
357,4,"Gilbert Pelican","Classics",4,9,17.91,"2005-08-23 20:28:44",6.66
13,11,"Ali Forever","Horror",4,9,54.91,"2006-02-14 15:16:03",4.63
214,3,"Daughter Madigan","Children",4,9,69.91,"2005-08-23 00:46:52",5.68
824,8,"Spartacus Cheaper","Family",4,9,60.91,"2005-08-21 08:40:21",5.40
939,5,"Vertigo Northwest","Comedy",4,8,37.92,"2005-08-23 15:38:34",4.86
872,16,"Sweet Brotherhood","Travel",3,15,58.89,"2005-08-23 19:35:42",4.93
442,8,"Hunting Musketeers","Family",3,15,40.88,"2005-08-23 16:18:25",5.05
770,9,"Scissorhands Slums","Foreign",3,15,42.88,"2005-08-22 05:59:59",3.48
792,9,"Shrek License","Foreign",3,15,37.88,"2006-02-14 15:16:03",3.53
28,5,"Anthem Luke","Comedy",3,15,63.89,"2005-08-22 22:37:34",4.66
968,1,"Werewolf Lola","Action",3,14,68.88,"2005-08-23 20:00:30",4.98
277,11,"Elephant Trojan","Horror",3,14,64.90,"2005-08-22 16:15:33",4.62
493,9,"Kane Exorcist","Foreign",3,14,13.88,"2005-08-21 02:04:33",3.99
426,12,"Home Pity","Music",3,14,66.88,"2005-08-21 09:39:50",6.23
756,5,"Saddle Antitrust","Comedy",3,14,32.89,"2005-08-23 19:46:39",5.00
617,8,"Natural Stock","Family",3,13,31.88,"2005-08-23 11:02:00",4.72
290,9,"Everyone Craft","Foreign",3,13,22.89,"2005-08-23 22:24:39",3.58
540,12,"Lucky Flying","Music",3,13,32.90,"2005-08-23 07:10:14",5.02
639,8,"Opposite Necklace","Family",3,13,56.89,"2006-02-14 15:16:03",4.59
177,14,"Connecticut Tramp","Sci-Fi",3,13,75.89,"2005-08-22 06:23:54",5.73
145,8,"Chisum Behavior","Family",3,13,50.90,"2005-08-20 08:57:28",4.70
134,2,"Champion Flatliners","Animation",3,13,62.90,"2005-08-23 16:44:25",4.96
577,15,"Mile Mulan","Sports",3,13,33.89,"2005-08-21 13:22:48",5.70
487,4,"Jingle Sagebrush","Classics",3,13,59.89,"2005-08-23 00:37:21",4.16
96,13,"Breaking Home","New",3,13,41.90,"2005-08-19 10:15:19",4.23
994,13,"Wyoming Storm","New",3,13,61.89,"2005-08-23 18:31:40",4.56
98,7,"Bright Encounters","Drama",3,13,87.88,"2005-08-22 05:16:16",5.30
604,5,"Mulan Moon","Comedy",3,13,30.89,"2006-02-14 15:16:03",5.24
202,5,"Daddy Pittsburgh","Comedy",3,13,63.89,"2005-08-22 01:17:16",5.11
766,7,"Savannah Town","Drama",3,12,22.90,"2005-08-22 06:07:52",5.31
931,16,"Valentine Vanishing","Travel",3,12,12.90,"2005-08-19 07:47:43",5.72
581,12,"Minority Kiss","Music",3,12,27.89,"2006-02-14 15:16:03",4.99
933,13,"Vampire Whale","New",3,12,69.89,"2005-08-22 01:52:26",4.86
825,1,"Speakeasy Date","Action",3,12,41.89,"2005-08-21 17:48:49",5.23
576,6,"Mighty Luck","Documentary",3,12,31.90,"2005-08-23 08:09:11",5.58
5,8,"African Egg","Family",3,12,47.89,"2006-02-14 15:16:03",7.11
977,16,"Window Side","Travel",3,12,50.89,"2006-02-14 15:16:03",4.92
315,8,"Finding Anaconda","Family",3,12,26.90,"2005-08-21 16:56:39",5.05
682,8,"Pittsburgh Hunchback","Family",3,12,83.89,"2005-08-22 06:37:43",6.39
928,3,"Uptown Young","Children",3,12,29.90,"2005-08-21 14:51:35",3.56
533,9,"Lost Bird","Foreign",3,12,50.90,"2005-08-21 06:21:24",6.07
538,13,"Loverboy Attacks","New",3,12,16.89,"2005-08-21 01:44:14",5.52
413,5,"Hedwig Alter","Comedy",3,12,31.90,"2005-08-23 08:42:40",4.17
93,13,"Brannigan Sunrise","New",3,12,56.91,"2005-08-23 16:24:24",4.52
564,2,"Massage Image","Animation",3,12,56.89,"2005-08-21 13:53:33",5.18
633,4,"October Submarine","Classics",3,11,57.90,"2005-08-23 18:43:31",5.51
700,8,"Prix Undefeated","Family",3,11,37.90,"2005-08-20 13:26:37",3.67
587,6,"Mod Secretary","Documentary",3,11,48.91,"2005-08-21 09:16:40",4.99
210,1,"Darko Dorado","Action",3,11,72.90,"2005-08-23 11:32:35",5.27
64,7,"Beethoven Exorcist","Drama",3,11,16.89,"2005-08-20 21:21:34",4.77
75,16,"Bird Independence","Travel",3,11,53.91,"2005-08-23 22:13:04",5.57
899,4,"Towers Hurricane","Classics",3,11,10.91,"2005-08-18 02:37:07",4.01
60,4,"Beast Hunchback","Classics",3,11,69.90,"2005-08-22 19:28:02",4.48
905,5,"Trainspotting Strangers","Comedy",3,11,46.91,"2005-08-23 19:22:36",5.24
692,2,"Potluck Mixed","Animation",3,11,43.90,"2005-08-23 06:48:47",4.19
509,3,"Language Cowboy","Children",3,11,18.90,"2005-08-19 07:36:42",4.83
853,3,"Stranger Strangers","Children",3,11,65.90,"2005-08-20 15:18:20",4.39
104,9,"Bugsy Song","Foreign",3,11,45.91,"2005-08-21 16:03:27",5.60
848,16,"Stone Fire","Travel",3,11,32.90,"2005-08-22 22:49:13",5.36
46,10,"Autumn Crow","Games",3,11,74.90,"2005-08-21 22:25:53",5.19
257,16,"Drumline Cyclone","Travel",3,11,36.90,"2005-08-21 07:56:39",5.25
283,13,"Ending Crowds","New",3,11,17.90,"2005-08-21 19:09:40",4.63
469,4,"Iron Moon","Classics",3,11,50.90,"2005-08-23 14:05:37",4.17
831,14,"Spirited Casualties","Sci-Fi",3,11,18.90,"2005-08-23 06:21:20",5.17
187,15,"Cranes Reservoir","Sports",3,11,33.91,"2005-08-22 12:01:06",5.09
819,12,"Song Hedwig","Music",3,11,31.90,"2006-02-14 15:16:03",5.01
640,9,"Opus Ice","Foreign",3,11,60.90,"2005-08-22 06:10:53",4.94
530,1,"Lord Arizona","Action",3,11,39.90,"2006-02-14 15:16:03",5.07
627,6,"North Tequila","Documentary",3,11,51.91,"2005-08-23 14:06:19",3.98
761,3,"Santa Paris","Children",3,11,29.90,"2005-08-23 20:20:37",4.99
306,10,"Feathers Metal","Games",3,11,31.91,"2005-08-21 17:33:18",5.71
889,3,"Ties Hunger","Children",3,11,69.91,"2005-08-23 15:41:20",5.13
482,4,"Jeopardy Encino","Classics",3,10,28.90,"2005-08-20 12:59:38",4.49
726,9,"Reservoir Adaptation","Foreign",3,10,29.91,"2005-08-23 01:57:20",6.05
731,4,"Right Cranes","Classics",3,10,52.90,"2005-08-21 06:39:08",5.01
740,11,"Rollercoaster Bringing","Horror",3,10,39.91,"2005-08-23 21:26:35",5.92
750,13,"Run Pacific","New",3,10,42.91,"2005-08-22 08:52:53",6.51
553,3,"Maker Gables","Children",3,10,32.90,"2005-08-23 21:52:56",5.34
157,3,"Clockwork Paradise","Children",3,10,11.90,"2005-08-23 05:26:30",5.07
780,8,"Sensibility Rear","Family",3,10,52.90,"2005-08-21 14:57:03",4.20
537,4,"Lover Truman","Classics",3,10,54.91,"2005-08-21 15:44:23",6.04
528,8,"Lolita World","Family",3,10,45.91,"2005-08-23 21:13:39",5.44
312,14,"Fiddler Lost","Sci-Fi",3,10,64.90,"2005-08-23 14:12:22",4.80
811,16,"Smile Earring","Travel",3,10,58.90,"2005-08-19 19:11:41",6.71
834,6,"Spoilers Hellfighters","Documentary",3,10,18.91,"2005-08-23 10:57:40",4.34
837,5,"Stage World","Comedy",3,10,46.90,"2005-08-21 04:49:41",5.44
508,10,"Lambs Cincinatti","Games",3,10,57.90,"2005-08-22 15:53:32",5.05
868,16,"Superfly Trip","Travel",3,10,16.91,"2005-08-18 18:58:35",3.78
66,3,"Beneath Rush","Children",3,10,16.90,"2005-08-20 09:21:08",4.46
339,16,"Frogmen Breaking","Travel",3,10,16.90,"2005-08-19 15:25:48",5.15
477,12,"Jawbreaker Brooklyn","Music",3,10,10.91,"2005-08-21 19:05:23",2.59
952,6,"Wagon Jaws","Documentary",3,10,33.91,"2005-08-21 12:10:41",6.75
960,6,"Wars Pluto","Documentary",3,10,42.90,"2005-08-22 10:34:39",5.52
20,12,"Amelie Hellfighters","Music",3,10,67.90,"2005-08-23 12:07:51",4.87
636,12,"Oleander Clue","Music",3,10,24.91,"2005-08-22 10:00:04",6.55
246,9,"Doubtfire Labyrinth","Foreign",3,10,52.91,"2005-08-21 00:44:34",4.34
630,7,"Notting Speakeasy","Drama",3,10,12.91,"2005-08-22 05:38:32",4.92
591,10,"Monsoon Cause","Games",3,9,54.91,"2005-08-19 10:33:52",5.62
256,15,"Drop Waterfront","Sports",3,9,43.92,"2005-08-22 10:39:51",5.03
983,12,"Won Dares","Music",3,9,28.91,"2005-08-23 01:44:43",5.14
934,10,"Vanilla Day","Games",3,9,52.91,"2005-08-21 12:47:38",5.57
503,15,"Kramer Chocolate","Sports",3,9,47.91,"2005-08-22 11:58:58",4.91
714,14,"Random Go","Sci-Fi",3,9,31.91,"2005-08-20 23:47:54",5.28
126,1,"Casualties Encino","Action",3,9,61.92,"2005-08-21 14:47:09",6.12
815,4,"Snatchers Montezuma","Classics",3,9,37.91,"2005-08-23 19:13:46",3.85
940,15,"Victory Academy","Sports",3,9,12.91,"2005-08-22 23:18:10",4.08
338,14,"Frisco Forrest","Sci-Fi",3,9,53.91,"2006-02-14 15:16:03",6.19
550,8,"Maguire Apache","Family",3,9,33.91,"2005-08-22 12:38:20",5.52
516,12,"Legend Jedi","Music",3,9,12.92,"2005-08-21 19:12:47",6.02
240,14,"Dolls Rage","Sci-Fi",3,9,27.92,"2005-08-22 01:00:42",6.28
632,13,"Nuts Ties","New",3,9,53.91,"2005-08-23 18:43:22",5.02
208,2,"Dares Pluto","Animation",3,9,26.92,"2005-08-18 08:07:45",5.39
978,5,"Wisdom Worker","Comedy",3,9,29.91,"2005-08-21 03:40:40",5.04
390,14,"Guys Falcon","Sci-Fi",3,9,52.92,"2005-08-22 04:31:50",4.80
120,15,"Caribbean Liberty","Sports",3,9,66.92,"2005-08-23 00:05:57",5.78
76,12,"Birdcage Casper","Music",3,9,23.91,"2005-08-20 08:27:30",5.29
594,1,"Montezuma Command","Action",3,9,11.91,"2005-08-23 14:35:10",4.15
188,5,"Crazy Home","Comedy",3,9,26.91,"2005-08-22 13:20:28",4.39
163,13,"Clyde Theory","New",3,8,23.92,"2005-08-23 17:49:26",5.45
674,9,"Pet Haunting","Foreign",3,8,26.92,"2005-08-22 08:43:50",5.13
923,7,"Unfaithful Kill","Drama",3,8,26.92,"2005-08-22 09:03:44",5.42
752,12,"Runner Madigan","Music",3,8,14.92,"2005-08-19 11:33:20",4.01
136,13,"Chaplin License","New",3,8,23.92,"2005-08-20 16:02:28",4.25
364,13,"Godfather Diary","New",3,8,37.92,"2005-08-22 11:19:22",4.57
146,7,"Chitty Lock","Drama",3,8,28.92,"2006-02-14 15:16:03",5.17
787,16,"Shining Roses","Travel",3,8,22.92,"2005-08-23 15:05:59",5.27
384,12,"Grosse Wonderful","Music",3,8,46.92,"2005-08-21 13:54:15",4.79
758,7,"Saints Bride","Drama",3,8,31.92,"2005-08-23 19:59:33",4.70
371,1,"Gosford Donnie","Action",3,8,48.92,"2005-08-22 07:35:31",4.47
225,7,"Destination Jerk","Drama",3,8,31.92,"2005-08-21 17:08:33",5.81
124,3,"Casper Dragonfly","Children",3,8,45.93,"2005-08-21 20:01:34",4.31
431,9,"Hoosiers Birdcage","Foreign",3,8,41.92,"2005-08-18 00:14:03",4.87
2,11,"Ace Goldfinger","Horror",3,7,52.93,"2006-02-14 15:16:03",5.64
836,15,"Squad Fish","Sports",3,7,27.93,"2005-08-23 19:42:46",3.46
485,3,"Jersey Sassy","Children",3,6,39.94,"2005-08-18 23:21:50",5.93
884,12,"Terminator Club","Music",3,6,39.94,"2005-08-22 06:49:15",6.17
492,13,"Jungle Closer","New",2,13,23.88,"2005-08-19 04:27:05",6.62
539,7,"Luck Opus","Drama",2,10,21.93,"2005-08-19 13:09:54",4.85
613,5,"Mystic Truman","Comedy",2,10,17.92,"2005-08-23 16:44:56",4.89
522,5,"Life Twisted","Comedy",2,10,37.92,"2005-08-23 13:16:15",5.04
375,1,"Grail Frankenstein","Action",2,10,40.92,"2006-02-14 15:16:03",5.90
422,14,"Hollow Jeopardy","Sci-Fi",2,10,39.92,"2005-08-22 11:49:16",4.31
29,1,"Antitrust Tomatoes","Action",2,10,27.93,"2005-08-21 01:31:25",4.69
368,7,"Gone Trouble","Drama",2,10,29.92,"2005-08-22 19:16:04",6.13
82,8,"Blood Argonauts","Family",2,10,30.93,"2005-08-22 00:51:25",5.67
279,15,"Elizabeth Shane","Sports",2,10,36.93,"2005-08-21 14:51:52",4.74
543,16,"Madigan Dorado","Travel",2,10,48.92,"2005-08-23 01:45:07",5.11
393,6,"Halloween Nuts","Documentary",2,10,29.92,"2005-08-23 06:50:27",4.89
230,7,"Diary Panic","Drama",2,9,24.92,"2005-08-20 21:23:54",4.58
565,9,"Matrix Snowman","Foreign",2,9,40.92,"2005-08-21 09:20:03",3.80
264,10,"Dwarfs Alter","Games",2,9,28.92,"2006-02-14 15:16:03",5.03
984,9,"Wonderful Drop","Foreign",2,9,46.92,"2005-08-22 21:24:19",6.02
211,10,"Darling Breaking","Games",2,9,44.92,"2005-08-21 19:14:48",5.27
355,2,"Ghostbusters Elf","Animation",2,9,8.93,"2005-08-23 13:24:57",5.10
435,9,"Hotel Happiness","Foreign",2,9,41.92,"2005-08-22 19:23:58",4.17
515,3,"Legally Secretary","Children",2,9,39.92,"2005-08-22 15:25:33",4.14
425,4,"Holy Tadpole","Classics",2,9,17.92,"2005-08-20 08:27:01",5.48
826,16,"Speed Suit","Travel",2,9,44.92,"2005-08-20 14:42:34",5.42
466,6,"Intolerable Intentions","Documentary",2,9,39.93,"2005-08-19 03:38:32",4.67
582,2,"Miracle Virtual","Animation",2,9,41.92,"2005-08-18 15:15:44",4.69
30,11,"Anything Savannah","Horror",2,9,43.92,"2005-08-22 02:09:12",5.53
499,8,"King Evolution","Family",2,9,59.92,"2005-08-21 11:36:15",5.08
998,11,"Zhivago Core","Horror",2,9,10.93,"2006-02-14 15:16:03",5.95
721,12,"Reds Pocus","Music",2,9,47.92,"2005-08-23 21:04:51",6.71
454,12,"Impact Aladdin","Music",2,9,18.92,"2005-08-18 03:37:31",7.20
685,13,"Platoon Instinct","New",2,9,40.92,"2005-08-21 10:16:27",3.41
566,9,"Maude Mod","Foreign",2,8,10.93,"2005-08-19 12:04:03",4.70
822,8,"Soup Wisdom","Family",2,8,11.93,"2005-08-20 22:40:47",4.18
718,12,"Rebel Airport","Music",2,8,6.93,"2005-08-23 01:59:14",4.92
876,11,"Tarzan Videotape","Horror",2,8,40.92,"2005-08-22 01:32:14",4.55
656,16,"Papi Necklace","Travel",2,8,27.93,"2005-08-17 17:16:42",5.35
659,1,"Park Citizen","Action",2,8,48.94,"2005-08-20 20:26:53",5.11
751,13,"Runaway Tenenbaums","New",2,8,11.93,"2005-08-21 06:18:22",4.86
52,9,"Ballroom Mockingbird","Foreign",2,8,9.93,"2005-08-22 15:42:57",4.53
703,2,"Punk Divorce","Animation",2,8,41.93,"2005-08-20 16:51:18",4.56
197,15,"Crusade Honey","Sports",2,8,44.93,"2005-08-23 13:01:43",6.51
548,4,"Magnificent Chitty","Classics",2,8,54.92,"2005-08-19 19:35:13",6.30
817,14,"Soldiers Evolution","Sci-Fi",2,8,36.93,"2005-08-20 14:06:33",4.07
926,6,"Untouchables Sunrise","Documentary",2,8,28.93,"2005-08-20 16:37:35",5.54
47,9,"Baby Hall","Foreign",2,8,40.93,"2005-08-22 03:47:39",4.77
866,8,"Sunset Racer","Family",2,8,11.93,"2005-08-23 09:40:04",5.40
401,7,"Harold French","Drama",2,8,8.93,"2005-08-21 22:27:11",3.02
490,13,"Jumanji Blade","New",2,8,30.92,"2005-08-19 13:56:54",4.22
990,11,"World Leathernecks","Horror",2,8,24.92,"2006-02-14 15:16:03",5.11
719,15,"Records Zorro","Sports",2,8,38.93,"2005-08-23 21:00:22",4.97
523,4,"Lights Deer","Classics",2,8,7.93,"2005-08-18 13:42:14",5.82
223,2,"Desire Alien","Animation",2,8,25.92,"2005-08-22 16:22:53",4.45
238,3,"Doctor Grail","Children",2,7,23.95,"2005-08-20 19:04:40",5.19
839,14,"Stallion Sundance","Sci-Fi",2,7,7.94,"2005-08-23 07:13:43",3.14
517,15,"Lesson Cleopatra","Sports",2,7,22.94,"2005-08-23 03:58:02",4.99
161,12,"Clue Grail","Music",2,7,40.93,"2005-08-18 22:11:37",5.30
182,5,"Control Anthem","Comedy",2,7,31.94,"2005-08-22 17:47:40",5.26
106,10,"Bulworth Commandments","Games",2,7,32.93,"2005-08-22 19:17:24",5.22
622,6,"Newsies Story","Documentary",2,7,22.93,"2005-08-23 10:04:17",5.51
196,4,"Cruelty Unforgiven","Classics",2,7,6.94,"2005-08-23 02:39:37",3.82
53,8,"Bang Kwai","Family",2,7,22.93,"2006-02-14 15:16:03",4.56
513,16,"Leathernecks Dwarfs","Travel",2,7,21.94,"2005-08-18 07:16:58",5.34
237,15,"Divorce Shining","Sports",2,7,21.95,"2005-08-22 10:13:09",4.26
411,12,"Heavenly Gun","Music",2,7,32.94,"2005-08-19 09:48:52",5.29
569,2,"Menagerie Rushmore","Animation",2,7,18.94,"2005-08-23 01:38:48",5.49
779,15,"Sense Greek","Sports",2,7,47.93,"2005-08-23 17:52:01",4.57
547,3,"Magic Mallrats","Children",2,7,17.93,"2005-08-22 23:38:01",4.05
605,9,"Mulholland Beast","Foreign",2,7,21.93,"2006-02-14 15:16:03",4.85
996,6,"Young Language","Documentary",2,7,6.93,"2005-08-23 01:50:31",4.62
178,5,"Connection Microcosmos","Comedy",2,7,8.95,"2006-02-14 15:16:03",5.02
653,11,"Panic Club","Horror",2,7,51.93,"2005-08-22 17:32:57",5.30
248,6,"Dozen Lion","Documentary",2,7,31.94,"2005-08-22 23:54:36",3.57
910,7,"Treatment Jekyll","Drama",2,7,6.94,"2005-08-21 04:09:18",3.41
278,12,"Elf Murder","Music",2,7,34.94,"2005-08-21 08:08:43",3.52
470,2,"Ishtar Rocketeer","Animation",2,7,42.94,"2005-08-22 18:03:11",5.84
407,6,"Hawk Chill","Documentary",2,7,12.94,"2005-08-20 20:42:12",5.03
947,9,"Vision Torque","Foreign",2,7,11.94,"2005-08-22 16:35:47",5.08
156,6,"Clerks Angels","Documentary",2,7,45.94,"2005-08-21 04:49:48",5.21
935,13,"Vanished Garden","New",2,7,14.94,"2006-02-14 15:16:03",6.13
268,2,"Early Home","Animation",2,7,36.94,"2005-08-21 17:57:26",6.09
541,2,"Luke Mummy","Animation",2,7,28.93,"2005-08-21 18:35:54",5.01
695,8,"President Bang","Family",2,7,35.94,"2005-08-21 08:33:42",4.41
261,6,"Duffel Apocalypse","Documentary",2,7,5.94,"2005-08-21 00:21:29",1.93
684,10,"Pizza Jumanji","Games",2,7,25.94,"2005-08-21 06:20:14",4.52
185,9,"Cowboy Doom","Foreign",2,7,28.93,"2005-08-22 22:28:36",3.37
289,13,"Eve Resurrection","New",2,7,40.93,"2005-08-18 19:36:05",5.17
520,14,"License Weekend","Sci-Fi",2,7,17.94,"2005-08-20 05:10:39",3.67
316,10,"Fire Wolves","Games",2,7,39.93,"2005-08-20 19:19:30",5.14
259,2,"Duck Racer","Animation",2,6,20.95,"2005-08-23 07:50:46",4.21
754,5,"Rushmore Mermaid","Comedy",2,6,18.94,"2005-08-22 01:58:15",3.28
799,11,"Simon North","Horror",2,6,18.94,"2005-08-23 01:22:12",5.09
808,4,"Sling Luke","Classics",2,6,14.94,"2005-08-18 20:20:59",5.32
635,13,"Oklahoma Jumanji","New",2,6,5.94,"2005-08-23 03:44:30",5.06
125,16,"Cassidy Wyoming","Travel",2,6,23.94,"2005-08-23 19:14:07",5.43
102,15,"Bubble Grosse","Sports",2,6,35.94,"2006-02-14 15:16:03",4.43
507,10,"Ladybugs Armageddon","Games",2,6,17.94,"2005-08-22 04:15:48",5.65
498,8,"Killer Innocent","Family",2,6,21.94,"2005-08-19 23:37:52",6.49
399,9,"Happiness United","Foreign",2,6,22.94,"2006-02-14 15:16:03",5.00
883,3,"Tequila Past","Children",2,6,32.94,"2005-08-22 07:48:01",3.34
885,11,"Texas Watch","Horror",2,6,5.94,"2005-08-21 21:02:22",3.02
405,16,"Haunted Antitrust","Travel",2,6,31.94,"2006-02-14 15:16:03",4.36
62,6,"Bed Highball","Documentary",2,6,24.94,"2005-08-18 17:34:11",5.58
340,13,"Frontier Cabin","New",2,6,35.94,"2005-08-21 05:51:28",6.37
475,11,"Japanese Run","Horror",2,6,7.94,"2005-08-23 14:43:15",4.24
472,16,"Italian African","Travel",2,6,38.94,"2005-08-23 16:19:14",4.25
262,8,"Dumbo Lust","Family",2,6,13.94,"2005-08-23 05:55:22",4.90
675,13,"Phantom Glory","New",2,6,21.94,"2005-08-19 05:11:47",4.26
32,13,"Apocalypse Flamingos","New",2,6,24.95,"2005-08-23 03:50:48",4.25
959,3,"Warlock Werewolf","Children",2,6,21.94,"2005-08-19 13:12:28",4.23
224,16,"Desperate Trainspotting","Travel",2,6,31.94,"2005-08-22 00:34:17",4.23
965,11,"Watership Frontier","Horror",2,6,13.94,"2005-08-22 11:48:19",6.06
372,15,"Graceland Dynamite","Sports",2,6,37.94,"2005-08-17 07:46:54",5.30
974,13,"Wild Apollo","New",2,6,15.94,"2006-02-14 15:16:03",5.04
997,12,"Youth Kick","Music",2,6,16.94,"2005-08-18 17:31:36",5.56
168,3,"Comancheros Enemy","Children",2,6,9.94,"2005-08-23 22:25:26",3.09
769,9,"School Jacket","Foreign",2,6,35.94,"2005-08-21 09:25:11",5.20
297,4,"Extraordinary Conquerer","Classics",2,6,22.94,"2005-08-23 07:28:04",5.20
612,15,"Mussolini Spoilers","Sports",2,5,15.95,"2005-08-19 20:53:43",4.04
94,8,"Braveheart Human","Family",2,5,16.95,"2005-08-20 16:05:11",4.02
459,9,"Informer Double","Foreign",2,5,27.95,"2005-08-22 16:26:53",3.39
362,10,"Glory Tracy","Games",2,5,14.95,"2005-08-23 04:33:39",3.68
441,6,"Hunter Alter","Documentary",2,5,24.95,"2005-08-23 16:44:31",6.81
335,5,"Freedom Cleopatra","Comedy",2,5,5.95,"2005-08-21 12:48:08",2.96
107,7,"Bunch Minds","Drama",2,5,25.95,"2005-08-21 16:05:11",5.52
180,4,"Conspiracy Spirit","Classics",2,5,16.95,"2005-08-18 12:58:40",4.01
903,16,"Traffic Hobbit","Travel",2,5,24.95,"2005-08-21 16:24:45",3.40
781,10,"Seven Swarm","Games",2,5,30.95,"2005-08-23 04:28:25",4.60
699,10,"Private Drop","Games",2,5,26.95,"2005-08-19 23:48:23",4.95
343,3,"Full Flatliners","Children",2,5,16.95,"2005-08-21 13:32:38",3.77
310,10,"Fever Empire","Games",2,5,33.95,"2005-08-18 15:32:57",5.76
558,13,"Mannequin Worst","New",2,5,23.95,"2005-08-22 17:49:35",4.41
400,6,"Hardly Robbers","Documentary",2,4,15.96,"2005-08-22 20:44:06",6.95
584,9,"Mixed Doors","Foreign",2,4,15.96,"2005-08-21 18:34:21",5.95
904,11,"Train Bunch","Horror",2,4,24.96,"2005-08-23 21:56:04",3.35
801,3,"Sister Freddy","Children",0,0,0.00,NULL,NULL
144,13,"Chinatown Gladiator","New",0,0,0.00,NULL,NULL
87,16,"Boondock Ballroom","Travel",0,0,0.00,NULL,NULL
671,15,"Perdition Fargo","Sports",0,0,0.00,NULL,NULL
325,2,"Floats Garden","Animation",0,0,0.00,NULL,NULL
860,14,"Suicides Silence","Sci-Fi",0,0,0.00,NULL,NULL
386,16,"Gump Date","Travel",0,0,0.00,NULL,NULL
198,9,"Crystal Breaking","Foreign",0,0,0.00,NULL,NULL
195,14,"Crowds Telemark","Sci-Fi",0,0,0.00,NULL,NULL
669,9,"Pearl Destiny","Foreign",0,0,0.00,NULL,NULL
108,13,"Butch Panther","New",0,0,0.00,NULL,NULL
642,16,"Order Betrayed","Travel",0,0,0.00,NULL,NULL
148,9,"Chocolate Duck","Foreign",0,0,0.00,NULL,NULL
419,8,"Hocus Frida","Family",0,0,0.00,NULL,NULL
192,9,"Crossing Divorce","Foreign",0,0,0.00,NULL,NULL
318,1,"Firehouse Vietnam","Action",0,0,0.00,NULL,NULL
742,10,"Roof Champion","Games",0,0,0.00,NULL,NULL
171,11,"Commandments Express","Horror",0,0,0.00,NULL,NULL
607,9,"Muppet Mile","Foreign",0,0,0.00,NULL,NULL
217,10,"Dazed Punk","Games",0,0,0.00,NULL,NULL
221,6,"Deliverance Mulholland","Documentary",0,0,0.00,NULL,NULL
14,4,"Alice Fantasia","Classics",0,0,0.00,NULL,NULL
909,11,"Treasure Command","Horror",0,0,0.00,NULL,NULL
128,9,"Catch Amistad","Foreign",0,0,0.00,NULL,NULL
404,5,"Hate Handicap","Comedy",0,0,0.00,NULL,NULL
41,16,"Arsenic Independence","Travel",0,0,0.00,NULL,NULL
943,6,"Villain Desperate","Documentary",0,0,0.00,NULL,NULL
359,8,"Gladiator Westward","Family",0,0,0.00,NULL,NULL
495,11,"Kentuckian Giant","Horror",0,0,0.00,NULL,NULL
38,1,"Ark Ridgemont","Action",0,0,0.00,NULL,NULL
36,2,"Argonauts Town","Animation",0,0,0.00,NULL,NULL
950,4,"Volume House","Classics",0,0,0.00,NULL,NULL
701,10,"Psycho Shrunk","Games",0,0,0.00,NULL,NULL
497,6,"Kill Brotherhood","Documentary",0,0,0.00,NULL,NULL
33,7,"Apollo Teen","Drama",0,0,0.00,NULL,NULL
954,13,"Wake Jaws","New",0,0,0.00,NULL,NULL
955,3,"Walls Artist","Children",0,0,0.00,NULL,NULL
712,6,"Raiders Antitrust","Documentary",0,0,0.00,NULL,NULL
802,1,"Sky Miracle","Action",0,0,0.00,NULL,NULL
874,4,"Tadpole Park","Classics",0,0,0.00,NULL,NULL
713,6,"Rainbow Shock","Documentary",0,0,0.00,NULL,NULL
332,5,"Frankenstein Stranger","Comedy",0,0,0.00,NULL,NULL
