"title_title","category","average_price","quantity","total_rental_revenue","last_rental_date"
"Academy Dinosaur","Documentary",0.99,6,5.94,"2006-02-15 10:07:09"
"Ace Goldfinger","Horror",4.99,3,14.97,"2006-02-15 10:07:09"
"Adaptation Holes","Documentary",2.99,7,20.93,"2006-02-15 10:07:09"
"Affair Prejudice","Horror",2.99,5,14.95,"2006-02-15 10:07:09"
"African Egg","Family",2.99,6,17.94,"2006-02-15 10:07:09"
"Agent Truman","Foreign",2.99,3,8.97,"2006-02-15 10:07:09"
"Airplane Sierra","Comedy",4.99,6,29.94,"2006-02-15 10:07:09"
"Airport Pollock","Horror",4.99,6,29.94,"2006-02-15 10:07:09"
"Alabama Devil","Horror",2.99,3,8.97,"2006-02-15 10:07:09"
"Aladdin Calendar","Sports",4.99,6,29.94,"2006-02-15 10:07:09"
"Alamo Videotape","Foreign",0.99,6,5.94,"2006-02-15 10:07:09"
"Alaska Phantom","Music",0.99,6,5.94,"2006-02-15 10:07:09"
"Ali Forever","Horror",4.99,4,19.96,"2006-02-15 10:07:09"
"Alice Fantasia","Classics",0.99,6,5.94,"2006-02-15 10:07:09"
"Alien Center","Foreign",2.99,5,14.95,"2006-02-15 10:07:09"
"Alley Evolution","Foreign",2.99,6,17.94,"2006-02-15 10:07:09"
"Alone Trip","Music",0.99,3,2.97,"2006-02-15 10:07:09"
"Alter Victory","Animation",0.99,6,5.94,"2006-02-15 10:07:09"
"Amadeus Holy","Action",0.99,6,5.94,"2006-02-15 10:07:09"
"Amelie Hellfighters","Music",4.99,4,19.96,"2006-02-15 10:07:09"
"American Circus","Action",4.99,3,14.97,"2006-02-15 10:07:09"
"Amistad Midsummer","New",2.99,6,17.94,"2006-02-15 10:07:09"
"Anaconda Confessions","Animation",0.99,3,2.97,"2006-02-15 10:07:09"
"Analyze Hoosiers","Horror",2.99,6,17.94,"2006-02-15 10:07:09"
"Angels Life","New",2.99,3,8.97,"2006-02-15 10:07:09"
"Annie Identity","Sci-Fi",0.99,3,2.97,"2006-02-15 10:07:09"
"Anonymous Human","Sports",0.99,7,6.93,"2006-02-15 10:07:09"
"Anthem Luke","Comedy",4.99,5,24.95,"2006-02-15 10:07:09"
"Antitrust Tomatoes","Action",2.99,5,14.95,"2006-02-15 10:07:09"
"Anything Savannah","Horror",2.99,4,11.96,"2006-02-15 10:07:09"
"Apache Divine","Family",4.99,5,24.95,"2006-02-15 10:07:09"
"Apocalypse Flamingos","New",4.99,6,29.94,"2006-02-15 10:07:09"
"Apollo Teen","Drama",2.99,5,14.95,"2006-02-15 10:07:09"
"Arabia Dogma","Horror",0.99,6,5.94,"2006-02-15 10:07:09"
"Arachnophobia Rollercoaster","Horror",2.99,4,11.96,"2006-02-15 10:07:09"
"Argonauts Town","Animation",0.99,7,6.93,"2006-02-15 10:07:09"
"Arizona Bang","Classics",2.99,3,8.97,"2006-02-15 10:07:09"
"Ark Ridgemont","Action",0.99,6,5.94,"2006-02-15 10:07:09"
"Armageddon Lost","Sci-Fi",0.99,5,4.95,"2006-02-15 10:07:09"
"Army Flintstones","Documentary",0.99,4,3.96,"2006-02-15 10:07:09"
"Arsenic Independence","Travel",0.99,4,3.96,"2006-02-15 10:07:09"
"Artist Coldblooded","Sports",2.99,5,14.95,"2006-02-15 10:07:09"
"Atlantis Cause","Family",2.99,6,17.94,"2006-02-15 10:07:09"
"Attacks Hate","Sci-Fi",4.99,5,24.95,"2006-02-15 10:07:09"
"Attraction Newton","New",4.99,5,24.95,"2006-02-15 10:07:09"
"Autumn Crow","Games",4.99,3,14.97,"2006-02-15 10:07:09"
"Baby Hall","Foreign",4.99,5,24.95,"2006-02-15 10:07:09"
"Backlash Undefeated","Children",4.99,3,14.97,"2006-02-15 10:07:09"
"Badman Dawn","Sci-Fi",2.99,6,17.94,"2006-02-15 10:07:09"
"Baked Cleopatra","Family",2.99,3,8.97,"2006-02-15 10:07:09"
"Balloon Homeward","Music",2.99,5,14.95,"2006-02-15 10:07:09"
"Ballroom Mockingbird","Foreign",0.99,6,5.94,"2006-02-15 10:07:09"
"Bang Kwai","Family",2.99,5,14.95,"2006-02-15 10:07:09"
"Banger Pinocchio","Music",0.99,5,4.95,"2006-02-15 10:07:09"
"Barbarella Streetcar","Sci-Fi",2.99,6,17.94,"2006-02-15 10:07:09"
"Barefoot Manchurian","Action",2.99,6,17.94,"2006-02-15 10:07:09"
"Basic Easy","Travel",2.99,4,11.96,"2006-02-15 10:07:09"
"Beach Heartbreakers","Documentary",2.99,6,17.94,"2006-02-15 10:07:09"
"Bear Graceland","Children",2.99,4,11.96,"2006-02-15 10:07:09"
"Beast Hunchback","Classics",4.99,3,14.97,"2006-02-15 10:07:09"
"Beauty Grease","Drama",4.99,5,24.95,"2006-02-15 10:07:09"
"Bed Highball","Documentary",2.99,5,14.95,"2006-02-15 10:07:09"
"Bedazzled Married","Family",0.99,6,5.94,"2006-02-15 10:07:09"
"Beethoven Exorcist","Drama",0.99,6,5.94,"2006-02-15 10:07:09"
"Behavior Runaway","Horror",4.99,3,14.97,"2006-02-15 10:07:09"
"Beneath Rush","Children",0.99,6,5.94,"2006-02-15 10:07:09"
"Berets Agent","Action",2.99,5,14.95,"2006-02-15 10:07:09"
"Betrayed Rear","Children",4.99,5,24.95,"2006-02-15 10:07:09"
"Beverly Outlaw","Sci-Fi",2.99,3,8.97,"2006-02-15 10:07:09"
"Bikini Borrowers","Animation",4.99,7,34.93,"2006-02-15 10:07:09"
"Bilko Anonymous","Family",4.99,3,14.97,"2006-02-15 10:07:09"
"Bill Others","Documentary",2.99,6,17.94,"2006-02-15 10:07:09"
"Bingo Talented","Sci-Fi",2.99,5,14.95,"2006-02-15 10:07:09"
"Birch Antitrust","Music",4.99,4,19.96,"2006-02-15 10:07:09"
"Bird Independence","Travel",4.99,6,29.94,"2006-02-15 10:07:09"
"Birdcage Casper","Music",0.99,4,3.96,"2006-02-15 10:07:09"
"Birds Perdition","New",4.99,5,24.95,"2006-02-15 10:07:09"
"Blackout Private","Animation",2.99,7,20.93,"2006-02-15 10:07:09"
"Blade Polish","Drama",0.99,5,4.95,"2006-02-15 10:07:09"
"Blanket Beverly","Family",2.99,7,20.93,"2006-02-15 10:07:09"
"Blindness Gun","Sci-Fi",4.99,6,29.94,"2006-02-15 10:07:09"
"Blood Argonauts","Family",0.99,3,2.97,"2006-02-15 10:07:09"
"Blues Instinct","Family",2.99,5,14.95,"2006-02-15 10:07:09"
"Boiled Dares","Travel",4.99,7,34.93,"2006-02-15 10:07:09"
"Bonnie Holocaust","Documentary",0.99,4,3.96,"2006-02-15 10:07:09"
"Boogie Amelie","Music",4.99,6,29.94,"2006-02-15 10:07:09"
"Boondock Ballroom","Travel",0.99,7,6.93,"2006-02-15 10:07:09"
"Born Spinal","Travel",4.99,7,34.93,"2006-02-15 10:07:09"
"Borrowers Bedazzled","Animation",0.99,7,6.93,"2006-02-15 10:07:09"
"Boulevard Mob","New",0.99,3,2.97,"2006-02-15 10:07:09"
"Bound Cheaper","Classics",0.99,5,4.95,"2006-02-15 10:07:09"
"Bowfinger Gables","Horror",4.99,7,34.93,"2006-02-15 10:07:09"
"Brannigan Sunrise","New",4.99,4,19.96,"2006-02-15 10:07:09"
"Braveheart Human","Family",2.99,7,20.93,"2006-02-15 10:07:09"
"Breakfast Goldfinger","New",4.99,5,24.95,"2006-02-15 10:07:09"
"Breaking Home","New",2.99,4,11.96,"2006-02-15 10:07:09"
"Bride Intrigue","Action",0.99,7,6.93,"2006-02-15 10:07:09"
"Bright Encounters","Drama",4.99,4,19.96,"2006-02-15 10:07:09"
"Bringing Hysterical","Comedy",2.99,7,20.93,"2006-02-15 10:07:09"
"Brooklyn Desert","Foreign",4.99,7,34.93,"2006-02-15 10:07:09"
"Brotherhood Blanket","Documentary",0.99,3,2.97,"2006-02-15 10:07:09"
"Bubble Grosse","Sports",4.99,4,19.96,"2006-02-15 10:07:09"
"Bucket Brotherhood","Travel",4.99,7,34.93,"2006-02-15 10:07:09"
"Bugsy Song","Foreign",2.99,4,11.96,"2006-02-15 10:07:09"
"Bull Shawshank","Action",0.99,6,5.94,"2006-02-15 10:07:09"
"Bulworth Commandments","Games",2.99,4,11.96,"2006-02-15 10:07:09"
"Bunch Minds","Drama",2.99,4,11.96,"2006-02-15 10:07:09"
"Butch Panther","New",0.99,6,5.94,"2006-02-15 10:07:09"
"Butterfly Chocolat","New",0.99,3,2.97,"2006-02-15 10:07:09"
"Cabin Flash","Children",0.99,4,3.96,"2006-02-15 10:07:09"
"Caddyshack Jedi","Action",0.99,3,2.97,"2006-02-15 10:07:09"
"Calendar Gunfight","Foreign",4.99,4,19.96,"2006-02-15 10:07:09"
"California Birds","Sports",4.99,4,19.96,"2006-02-15 10:07:09"
"Camelot Vacation","Sci-Fi",0.99,3,2.97,"2006-02-15 10:07:09"
"Campus Remember","Action",2.99,5,14.95,"2006-02-15 10:07:09"
"Candidate Perdition","Classics",2.99,4,11.96,"2006-02-15 10:07:09"
"Candles Grapes","Games",4.99,6,29.94,"2006-02-15 10:07:09"
"Canyon Stock","Animation",0.99,7,6.93,"2006-02-15 10:07:09"
"Caper Motions","Comedy",0.99,6,5.94,"2006-02-15 10:07:09"
"Caribbean Liberty","Sports",4.99,3,14.97,"2006-02-15 10:07:09"
"Carol Texas","Animation",2.99,4,11.96,"2006-02-15 10:07:09"
"Carrie Bunch","Horror",0.99,7,6.93,"2006-02-15 10:07:09"
"Casablanca Super","Travel",4.99,6,29.94,"2006-02-15 10:07:09"
"Casper Dragonfly","Children",4.99,3,14.97,"2006-02-15 10:07:09"
"Cassidy Wyoming","Travel",2.99,5,14.95,"2006-02-15 10:07:09"
"Casualties Encino","Action",4.99,3,14.97,"2006-02-15 10:07:09"
"Cat Coneheads","Comedy",4.99,5,24.95,"2006-02-15 10:07:09"
"Catch Amistad","Foreign",0.99,7,6.93,"2006-02-15 10:07:09"
"Cause Date","Documentary",2.99,3,8.97,"2006-02-15 10:07:09"
"Celebrity Horn","Action",0.99,7,6.93,"2006-02-15 10:07:09"
"Center Dinosaur","Classics",4.99,5,24.95,"2006-02-15 10:07:09"
"Chainsaw Uptown","Sci-Fi",0.99,6,5.94,"2006-02-15 10:07:09"
"Chamber Italian","Music",4.99,7,34.93,"2006-02-15 10:07:09"
"Champion Flatliners","Animation",4.99,4,19.96,"2006-02-15 10:07:09"
"Chance Resurrection","Sports",2.99,3,8.97,"2006-02-15 10:07:09"
"Chaplin License","New",2.99,7,20.93,"2006-02-15 10:07:09"
"Charade Duffel","Sci-Fi",2.99,3,8.97,"2006-02-15 10:07:09"
"Chariots Conspiracy","Sci-Fi",2.99,5,14.95,"2006-02-15 10:07:09"
"Chasing Fight","Family",4.99,7,34.93,"2006-02-15 10:07:09"
"Cheaper Clyde","Sci-Fi",0.99,6,5.94,"2006-02-15 10:07:09"
"Chicago North","Games",4.99,6,29.94,"2006-02-15 10:07:09"
"Chicken Hellfighters","Documentary",0.99,3,2.97,"2006-02-15 10:07:09"
"Chill Luck","Drama",0.99,6,5.94,"2006-02-15 10:07:09"
"Chinatown Gladiator","New",4.99,7,34.93,"2006-02-15 10:07:09"
"Chisum Behavior","Family",4.99,5,24.95,"2006-02-15 10:07:09"
"Chitty Lock","Drama",2.99,6,17.94,"2006-02-15 10:07:09"
"Chocolat Harry","Family",0.99,5,4.95,"2006-02-15 10:07:09"
"Chocolate Duck","Foreign",2.99,3,8.97,"2006-02-15 10:07:09"
"Christmas Moonshine","Children",0.99,7,6.93,"2006-02-15 10:07:09"
"Cider Desire","Documentary",2.99,7,20.93,"2006-02-15 10:07:09"
"Cincinatti Whisperer","Sci-Fi",4.99,5,24.95,"2006-02-15 10:07:09"
"Circus Youth","Children",2.99,5,14.95,"2006-02-15 10:07:09"
"Citizen Shrek","Sci-Fi",0.99,7,6.93,"2006-02-15 10:07:09"
"Clash Freddy","Animation",2.99,6,17.94,"2006-02-15 10:07:09"
"Cleopatra Devil","New",0.99,6,5.94,"2006-02-15 10:07:09"
"Clerks Angels","Documentary",4.99,3,14.97,"2006-02-15 10:07:09"
"Clockwork Paradise","Children",0.99,7,6.93,"2006-02-15 10:07:09"
"Clones Pinocchio","Music",2.99,6,17.94,"2006-02-15 10:07:09"
"Closer Bang","Comedy",4.99,5,24.95,"2006-02-15 10:07:09"
"Club Graffiti","Animation",0.99,4,3.96,"2006-02-15 10:07:09"
"Clue Grail","Music",4.99,6,29.94,"2006-02-15 10:07:09"
"Clueless Bucket","Action",2.99,4,11.96,"2006-02-15 10:07:09"
"Clyde Theory","New",0.99,4,3.96,"2006-02-15 10:07:09"
"Coast Rainbow","Documentary",0.99,4,3.96,"2006-02-15 10:07:09"
"Coldblooded Darling","Sci-Fi",4.99,7,34.93,"2006-02-15 10:07:09"
"Color Philadelphia","Classics",2.99,6,17.94,"2006-02-15 10:07:09"
"Coma Head","Travel",4.99,6,29.94,"2006-02-15 10:07:09"
"Comancheros Enemy","Children",0.99,5,4.95,"2006-02-15 10:07:09"
"Comforts Rush","Travel",2.99,3,8.97,"2006-02-15 10:07:09"
"Command Darling","Foreign",4.99,5,24.95,"2006-02-15 10:07:09"
"Commandments Express","Horror",4.99,6,29.94,"2006-02-15 10:07:09"
"Coneheads Smoochy","Drama",4.99,7,34.93,"2006-02-15 10:07:09"
"Confessions Maguire","Drama",4.99,7,34.93,"2006-02-15 10:07:09"
"Confidential Interview","Music",4.99,6,29.94,"2006-02-15 10:07:09"
"Confused Candles","Family",2.99,3,8.97,"2006-02-15 10:07:09"
"Congeniality Quest","Sports",0.99,6,5.94,"2006-02-15 10:07:09"
"Connecticut Tramp","Sci-Fi",4.99,4,19.96,"2006-02-15 10:07:09"
"Connection Microcosmos","Comedy",0.99,6,5.94,"2006-02-15 10:07:09"
"Conquerer Nuts","Drama",4.99,4,19.96,"2006-02-15 10:07:09"
"Conspiracy Spirit","Classics",2.99,4,11.96,"2006-02-15 10:07:09"
"Contact Anonymous","Travel",2.99,7,20.93,"2006-02-15 10:07:09"
"Control Anthem","Comedy",4.99,7,34.93,"2006-02-15 10:07:09"
"Conversation Downhill","Family",4.99,4,19.96,"2006-02-15 10:07:09"
"Core Suit","Classics",2.99,3,8.97,"2006-02-15 10:07:09"
"Cowboy Doom","Foreign",2.99,3,8.97,"2006-02-15 10:07:09"
"Craft Outfield","Drama",0.99,6,5.94,"2006-02-15 10:07:09"
"Cranes Reservoir","Sports",2.99,5,14.95,"2006-02-15 10:07:09"
"Crazy Home","Comedy",2.99,7,20.93,"2006-02-15 10:07:09"
"Creatures Shakespeare","Games",0.99,3,2.97,"2006-02-15 10:07:09"
"Creepers Kane","Classics",4.99,5,24.95,"2006-02-15 10:07:09"
"Crooked Frogmen","Children",0.99,6,5.94,"2006-02-15 10:07:09"
"Crossing Divorce","Foreign",4.99,4,19.96,"2006-02-15 10:07:09"
"Crossroads Casualties","Animation",2.99,5,14.95,"2006-02-15 10:07:09"
"Crow Grease","Action",0.99,6,5.94,"2006-02-15 10:07:09"
"Crowds Telemark","Sci-Fi",4.99,3,14.97,"2006-02-15 10:07:09"
"Cruelty Unforgiven","Classics",0.99,7,6.93,"2006-02-15 10:07:09"
"Crusade Honey","Sports",2.99,4,11.96,"2006-02-15 10:07:09"
"Crystal Breaking","Foreign",2.99,6,17.94,"2006-02-15 10:07:09"
"Cupboard Sinners","Documentary",2.99,4,11.96,"2006-02-15 10:07:09"
"Curtain Videotape","Games",0.99,7,6.93,"2006-02-15 10:07:09"
"Cyclone Family","Foreign",2.99,7,20.93,"2006-02-15 10:07:09"
"Daddy Pittsburgh","Comedy",4.99,5,24.95,"2006-02-15 10:07:09"
"Daisy Menagerie","Sci-Fi",4.99,5,24.95,"2006-02-15 10:07:09"
"Dalmations Sweden","Drama",0.99,4,3.96,"2006-02-15 10:07:09"
"Dances None","Action",0.99,3,2.97,"2006-02-15 10:07:09"
"Dancing Fever","Documentary",0.99,6,5.94,"2006-02-15 10:07:09"
"Dangerous Uptown","Foreign",4.99,7,34.93,"2006-02-15 10:07:09"
"Dares Pluto","Animation",2.99,7,20.93,"2006-02-15 10:07:09"
"Darkness War","Drama",2.99,6,17.94,"2006-02-15 10:07:09"
"Darko Dorado","Action",4.99,3,14.97,"2006-02-15 10:07:09"
"Darling Breaking","Games",4.99,7,34.93,"2006-02-15 10:07:09"
"Darn Forrester","Action",4.99,7,34.93,"2006-02-15 10:07:09"
"Date Speed","Family",0.99,4,3.96,"2006-02-15 10:07:09"
"Daughter Madigan","Children",4.99,3,14.97,"2006-02-15 10:07:09"
"Dawn Pond","Games",4.99,4,19.96,"2006-02-15 10:07:09"
"Day Unfaithful","New",4.99,3,14.97,"2006-02-15 10:07:09"
"Dazed Punk","Games",4.99,6,29.94,"2006-02-15 10:07:09"
"Deceiver Betrayed","Drama",0.99,7,6.93,"2006-02-15 10:07:09"
"Deep Crusade","Documentary",4.99,6,29.94,"2006-02-15 10:07:09"
"Deer Virginian","Music",2.99,7,20.93,"2006-02-15 10:07:09"
"Deliverance Mulholland","Documentary",0.99,4,3.96,"2006-02-15 10:07:09"
"Desert Poseidon","Horror",4.99,4,19.96,"2006-02-15 10:07:09"
"Desire Alien","Animation",2.99,7,20.93,"2006-02-15 10:07:09"
"Desperate Trainspotting","Travel",4.99,7,34.93,"2006-02-15 10:07:09"
"Destination Jerk","Drama",0.99,3,2.97,"2006-02-15 10:07:09"
"Destiny Saturday","New",4.99,4,19.96,"2006-02-15 10:07:09"
"Details Packer","Games",4.99,4,19.96,"2006-02-15 10:07:09"
"Detective Vision","Classics",0.99,4,3.96,"2006-02-15 10:07:09"
"Devil Desire","Action",4.99,6,29.94,"2006-02-15 10:07:09"
"Diary Panic","Drama",2.99,7,20.93,"2006-02-15 10:07:09"
"Dinosaur Secretary","Family",2.99,7,20.93,"2006-02-15 10:07:09"
"Dirty Ace","Games",2.99,7,20.93,"2006-02-15 10:07:09"
"Disciple Mother","Travel",0.99,3,2.97,"2006-02-15 10:07:09"
"Disturbing Scarface","Sci-Fi",2.99,6,17.94,"2006-02-15 10:07:09"
"Divide Monster","Sci-Fi",2.99,6,17.94,"2006-02-15 10:07:09"
"Divine Resurrection","Games",2.99,4,11.96,"2006-02-15 10:07:09"
"Divorce Shining","Sports",2.99,3,8.97,"2006-02-15 10:07:09"
"Doctor Grail","Children",2.99,4,11.96,"2006-02-15 10:07:09"
"Dogma Family","Animation",4.99,5,24.95,"2006-02-15 10:07:09"
"Dolls Rage","Sci-Fi",2.99,7,20.93,"2006-02-15 10:07:09"
"Donnie Alley","Animation",0.99,4,3.96,"2006-02-15 10:07:09"
"Doom Dancing","Comedy",0.99,4,3.96,"2006-02-15 10:07:09"
"Doors President","Animation",4.99,3,14.97,"2006-02-15 10:07:09"
"Dorado Notting","Music",4.99,5,24.95,"2006-02-15 10:07:09"
"Double Wrath","Animation",0.99,4,3.96,"2006-02-15 10:07:09"
"Doubtfire Labyrinth","Foreign",4.99,5,24.95,"2006-02-15 10:07:09"
"Downhill Enough","Comedy",0.99,3,2.97,"2006-02-15 10:07:09"
"Dozen Lion","Documentary",4.99,6,29.94,"2006-02-15 10:07:09"
"Dracula Crystal","Classics",0.99,7,6.93,"2006-02-15 10:07:09"
"Dragon Squad","Action",0.99,4,3.96,"2006-02-15 10:07:09"
"Dragonfly Strangers","New",4.99,6,29.94,"2006-02-15 10:07:09"
"Dream Pickup","Action",2.99,6,17.94,"2006-02-15 10:07:09"
"Drifter Commandments","Action",4.99,5,24.95,"2006-02-15 10:07:09"
"Driver Annie","Sports",2.99,4,11.96,"2006-02-15 10:07:09"
"Driving Polish","Music",4.99,6,29.94,"2006-02-15 10:07:09"
"Drop Waterfront","Sports",4.99,6,29.94,"2006-02-15 10:07:09"
"Drumline Cyclone","Travel",0.99,3,2.97,"2006-02-15 10:07:09"
"Drums Dynamite","Horror",0.99,6,5.94,"2006-02-15 10:07:09"
"Duck Racer","Animation",2.99,4,11.96,"2006-02-15 10:07:09"
"Dude Blindness","Sports",4.99,3,14.97,"2006-02-15 10:07:09"
"Duffel Apocalypse","Documentary",0.99,5,4.95,"2006-02-15 10:07:09"
"Dumbo Lust","Family",0.99,5,4.95,"2006-02-15 10:07:09"
"Durham Panky","Sports",4.99,6,29.94,"2006-02-15 10:07:09"
"Dwarfs Alter","Games",2.99,6,17.94,"2006-02-15 10:07:09"
"Dying Maker","Comedy",4.99,5,24.95,"2006-02-15 10:07:09"
"Dynamite Tarzan","Classics",0.99,4,3.96,"2006-02-15 10:07:09"
"Eagles Panky","New",4.99,4,19.96,"2006-02-15 10:07:09"
"Early Home","Animation",4.99,6,29.94,"2006-02-15 10:07:09"
"Earring Instinct","Family",0.99,3,2.97,"2006-02-15 10:07:09"
"Earth Vision","New",0.99,7,6.93,"2006-02-15 10:07:09"
"Easy Gladiator","Action",4.99,5,24.95,"2006-02-15 10:07:09"
"Edge Kissing","Drama",4.99,5,24.95,"2006-02-15 10:07:09"
"Effect Gladiator","Family",0.99,6,5.94,"2006-02-15 10:07:09"
"Egg Igby","Documentary",2.99,4,11.96,"2006-02-15 10:07:09"
"Egypt Tenenbaums","Horror",0.99,3,2.97,"2006-02-15 10:07:09"
"Element Freddy","Comedy",4.99,6,29.94,"2006-02-15 10:07:09"
"Elephant Trojan","Horror",4.99,4,19.96,"2006-02-15 10:07:09"
"Elf Murder","Music",4.99,4,19.96,"2006-02-15 10:07:09"
"Elizabeth Shane","Sports",4.99,7,34.93,"2006-02-15 10:07:09"
"Empire Malkovich","Children",0.99,7,6.93,"2006-02-15 10:07:09"
"Encino Elf","Games",0.99,6,5.94,"2006-02-15 10:07:09"
"Encounters Curtain","Drama",0.99,5,4.95,"2006-02-15 10:07:09"
"Ending Crowds","New",0.99,6,5.94,"2006-02-15 10:07:09"
"Enemy Odds","Music",4.99,5,24.95,"2006-02-15 10:07:09"
"English Bulworth","Sci-Fi",0.99,3,2.97,"2006-02-15 10:07:09"
"Enough Raging","Travel",2.99,7,20.93,"2006-02-15 10:07:09"
"Entrapment Satisfaction","Action",0.99,5,4.95,"2006-02-15 10:07:09"
"Escape Metropolis","Travel",2.99,7,20.93,"2006-02-15 10:07:09"
"Eve Resurrection","New",4.99,5,24.95,"2006-02-15 10:07:09"
"Everyone Craft","Foreign",0.99,4,3.96,"2006-02-15 10:07:09"
"Evolution Alter","Sports",0.99,5,4.95,"2006-02-15 10:07:09"
"Excitement Eve","Action",0.99,3,2.97,"2006-02-15 10:07:09"
"Exorcist Sting","Sports",2.99,6,17.94,"2006-02-15 10:07:09"
"Expecations Natural","Travel",4.99,5,24.95,"2006-02-15 10:07:09"
"Expendable Stallion","Documentary",0.99,3,2.97,"2006-02-15 10:07:09"
"Express Lonely","Sci-Fi",2.99,5,14.95,"2006-02-15 10:07:09"
"Extraordinary Conquerer","Classics",2.99,6,17.94,"2006-02-15 10:07:09"
"Eyes Driving","Sci-Fi",2.99,4,11.96,"2006-02-15 10:07:09"
"Factory Dragon","Travel",0.99,4,3.96,"2006-02-15 10:07:09"
"Falcon Volume","Animation",4.99,5,24.95,"2006-02-15 10:07:09"
"Family Sweet","Horror",0.99,4,3.96,"2006-02-15 10:07:09"
"Fantasia Park","Games",2.99,5,14.95,"2006-02-15 10:07:09"
"Fantasy Troopers","Action",0.99,6,5.94,"2006-02-15 10:07:09"
"Fargo Gandhi","Children",2.99,3,8.97,"2006-02-15 10:07:09"
"Fatal Haunted","New",2.99,6,17.94,"2006-02-15 10:07:09"
"Feathers Metal","Games",0.99,3,2.97,"2006-02-15 10:07:09"
"Fellowship Autumn","Travel",4.99,6,29.94,"2006-02-15 10:07:09"
"Ferris Mother","Comedy",2.99,3,8.97,"2006-02-15 10:07:09"
"Feud Frogmen","Family",0.99,6,5.94,"2006-02-15 10:07:09"
"Fever Empire","Games",4.99,5,24.95,"2006-02-15 10:07:09"
"Fiction Christmas","Foreign",0.99,4,3.96,"2006-02-15 10:07:09"
"Fiddler Lost","Sci-Fi",4.99,4,19.96,"2006-02-15 10:07:09"
"Fidelity Devil","Horror",4.99,5,24.95,"2006-02-15 10:07:09"
"Fight Jawbreaker","Animation",0.99,3,2.97,"2006-02-15 10:07:09"
"Finding Anaconda","Family",0.99,4,3.96,"2006-02-15 10:07:09"
"Fire Wolves","Games",4.99,5,24.95,"2006-02-15 10:07:09"
"Fireball Philadelphia","Comedy",0.99,4,3.96,"2006-02-15 10:07:09"
"Firehouse Vietnam","Action",0.99,7,6.93,"2006-02-15 10:07:09"
"Fish Opus","Sci-Fi",2.99,4,11.96,"2006-02-15 10:07:09"
"Flamingos Connecticut","New",4.99,4,19.96,"2006-02-15 10:07:09"
"Flash Wars","New",4.99,3,14.97,"2006-02-15 10:07:09"
"Flatliners Killer","Sports",2.99,5,14.95,"2006-02-15 10:07:09"
"Flight Lies","Sports",4.99,7,34.93,"2006-02-15 10:07:09"
"Flintstones Happiness","Comedy",4.99,3,14.97,"2006-02-15 10:07:09"
"Floats Garden","Animation",2.99,6,17.94,"2006-02-15 10:07:09"
"Flying Hook","Animation",2.99,6,17.94,"2006-02-15 10:07:09"
"Fool Mockingbird","Action",4.99,3,14.97,"2006-02-15 10:07:09"
"Forever Candidate","Children",2.99,7,20.93,"2006-02-15 10:07:09"
"Forrest Sons","Action",2.99,4,11.96,"2006-02-15 10:07:09"
"Forrester Comancheros","Animation",4.99,7,34.93,"2006-02-15 10:07:09"
"Forward Temple","Games",2.99,6,17.94,"2006-02-15 10:07:09"
"Frankenstein Stranger","Comedy",0.99,7,6.93,"2006-02-15 10:07:09"
"Freaky Pocus","Music",2.99,7,20.93,"2006-02-15 10:07:09"
"Freddy Storm","Horror",4.99,6,29.94,"2006-02-15 10:07:09"
"Freedom Cleopatra","Comedy",0.99,5,4.95,"2006-02-15 10:07:09"
"French Holiday","Documentary",4.99,5,24.95,"2006-02-15 10:07:09"
"Frida Slipper","Foreign",2.99,6,17.94,"2006-02-15 10:07:09"
"Frisco Forrest","Sci-Fi",4.99,6,29.94,"2006-02-15 10:07:09"
"Frogmen Breaking","Travel",0.99,5,4.95,"2006-02-15 10:07:09"
"Frontier Cabin","New",4.99,6,29.94,"2006-02-15 10:07:09"
"Frost Head","Classics",0.99,5,4.95,"2006-02-15 10:07:09"
"Fugitive Maguire","Travel",4.99,7,34.93,"2006-02-15 10:07:09"
"Full Flatliners","Children",2.99,6,17.94,"2006-02-15 10:07:09"
"Fury Murder","Children",0.99,3,2.97,"2006-02-15 10:07:09"
"Gables Metropolis","Family",0.99,3,2.97,"2006-02-15 10:07:09"
"Galaxy Sweethearts","Classics",4.99,4,19.96,"2006-02-15 10:07:09"
"Games Bowfinger","Travel",4.99,7,34.93,"2006-02-15 10:07:09"
"Gandhi Kwai","Family",0.99,7,6.93,"2006-02-15 10:07:09"
"Gangs Pride","Animation",2.99,4,11.96,"2006-02-15 10:07:09"
"Garden Island","Sci-Fi",4.99,3,14.97,"2006-02-15 10:07:09"
"Gaslight Crusade","Horror",2.99,4,11.96,"2006-02-15 10:07:09"
"Gathering Calendar","Games",0.99,4,3.96,"2006-02-15 10:07:09"
"Gentlemen Stage","Foreign",2.99,6,17.94,"2006-02-15 10:07:09"
"Ghost Groundhog","Children",4.99,6,29.94,"2006-02-15 10:07:09"
"Ghostbusters Elf","Animation",0.99,7,6.93,"2006-02-15 10:07:09"
"Giant Troopers","Children",2.99,5,14.95,"2006-02-15 10:07:09"
"Gilbert Pelican","Classics",0.99,7,6.93,"2006-02-15 10:07:09"
"Gilmore Boiled","Classics",0.99,5,4.95,"2006-02-15 10:07:09"
"Gladiator Westward","Family",4.99,6,29.94,"2006-02-15 10:07:09"
"Glass Dying","Action",0.99,4,3.96,"2006-02-15 10:07:09"
"Gleaming Jawbreaker","Sports",2.99,5,14.95,"2006-02-15 10:07:09"
"Glory Tracy","Games",2.99,7,20.93,"2006-02-15 10:07:09"
"Go Purple","Music",0.99,3,2.97,"2006-02-15 10:07:09"
"Godfather Diary","New",2.99,3,8.97,"2006-02-15 10:07:09"
"Gold River","Comedy",4.99,4,19.96,"2006-02-15 10:07:09"
"Goldfinger Sensibility","Drama",0.99,3,2.97,"2006-02-15 10:07:09"
"Goldmine Tycoon","Sci-Fi",0.99,6,5.94,"2006-02-15 10:07:09"
"Gone Trouble","Drama",2.99,7,20.93,"2006-02-15 10:07:09"
"Goodfellas Salute","Sci-Fi",4.99,4,19.96,"2006-02-15 10:07:09"
"Gorgeous Bingo","Children",2.99,4,11.96,"2006-02-15 10:07:09"
"Gosford Donnie","Action",4.99,5,24.95,"2006-02-15 10:07:09"
"Graceland Dynamite","Sports",4.99,5,24.95,"2006-02-15 10:07:09"
"Graduate Lord","Children",2.99,7,20.93,"2006-02-15 10:07:09"
"Graffiti Love","Sci-Fi",0.99,3,2.97,"2006-02-15 10:07:09"
"Grail Frankenstein","Action",2.99,4,11.96,"2006-02-15 10:07:09"
"Grapes Fury","Foreign",0.99,4,3.96,"2006-02-15 10:07:09"
"Grease Youth","Family",0.99,7,6.93,"2006-02-15 10:07:09"
"Greatest North","Music",2.99,5,14.95,"2006-02-15 10:07:09"
"Greedy Roots","Drama",0.99,7,6.93,"2006-02-15 10:07:09"
"Greek Everyone","Foreign",2.99,7,20.93,"2006-02-15 10:07:09"
"Grinch Massage","Games",4.99,7,34.93,"2006-02-15 10:07:09"
"Grit Clockwork","Games",0.99,3,2.97,"2006-02-15 10:07:09"
"Groove Fiction","Sports",0.99,6,5.94,"2006-02-15 10:07:09"
"Grosse Wonderful","Music",4.99,5,24.95,"2006-02-15 10:07:09"
"Groundhog Uncut","Comedy",4.99,6,29.94,"2006-02-15 10:07:09"
"Gump Date","Travel",4.99,3,14.97,"2006-02-15 10:07:09"
"Gun Bonnie","Games",0.99,7,6.93,"2006-02-15 10:07:09"
"Gunfight Moon","Comedy",0.99,5,4.95,"2006-02-15 10:07:09"
"Gunfighter Mussolini","Sports",2.99,3,8.97,"2006-02-15 10:07:09"
"Guys Falcon","Sci-Fi",4.99,4,19.96,"2006-02-15 10:07:09"
"Half Outfield","Family",2.99,6,17.94,"2006-02-15 10:07:09"
"Hall Cassidy","Children",4.99,5,24.95,"2006-02-15 10:07:09"
"Halloween Nuts","Documentary",2.99,6,17.94,"2006-02-15 10:07:09"
"Hamlet Wisdom","Sci-Fi",2.99,7,20.93,"2006-02-15 10:07:09"
"Handicap Boondock","Action",0.99,4,3.96,"2006-02-15 10:07:09"
"Hanging Deep","Drama",4.99,5,24.95,"2006-02-15 10:07:09"
"Hanky October","Sci-Fi",2.99,5,14.95,"2006-02-15 10:07:09"
"Hanover Galaxy","Music",4.99,5,24.95,"2006-02-15 10:07:09"
"Happiness United","Foreign",2.99,6,17.94,"2006-02-15 10:07:09"
"Hardly Robbers","Documentary",2.99,7,20.93,"2006-02-15 10:07:09"
"Harold French","Drama",0.99,6,5.94,"2006-02-15 10:07:09"
"Harper Dying","Animation",0.99,3,2.97,"2006-02-15 10:07:09"
"Harry Idaho","Drama",4.99,5,24.95,"2006-02-15 10:07:09"
"Hate Handicap","Comedy",0.99,4,3.96,"2006-02-15 10:07:09"
"Haunted Antitrust","Travel",4.99,6,29.94,"2006-02-15 10:07:09"
"Haunting Pianist","Games",0.99,5,4.95,"2006-02-15 10:07:09"
"Hawk Chill","Documentary",0.99,5,4.95,"2006-02-15 10:07:09"
"Head Stranger","Games",4.99,4,19.96,"2006-02-15 10:07:09"
"Heartbreakers Bright","Children",4.99,3,14.97,"2006-02-15 10:07:09"
"Heaven Freedom","Comedy",2.99,7,20.93,"2006-02-15 10:07:09"
"Heavenly Gun","Music",4.99,5,24.95,"2006-02-15 10:07:09"
"Heavyweights Beast","Documentary",4.99,6,29.94,"2006-02-15 10:07:09"
"Hedwig Alter","Comedy",2.99,7,20.93,"2006-02-15 10:07:09"
"Hellfighters Sierra","Foreign",2.99,3,8.97,"2006-02-15 10:07:09"
"High Encino","Horror",2.99,3,8.97,"2006-02-15 10:07:09"
"Highball Potter","Foreign",0.99,6,5.94,"2006-02-15 10:07:09"
"Hills Neighbors","Action",0.99,5,4.95,"2006-02-15 10:07:09"
"Hobbit Alien","Drama",0.99,5,4.95,"2006-02-15 10:07:09"
"Hocus Frida","Family",2.99,4,11.96,"2006-02-15 10:07:09"
"Holes Brannigan","Sports",4.99,7,34.93,"2006-02-15 10:07:09"
"Holiday Games","Foreign",4.99,7,34.93,"2006-02-15 10:07:09"
"Hollow Jeopardy","Sci-Fi",4.99,7,34.93,"2006-02-15 10:07:09"
"Hollywood Anonymous","Children",0.99,7,6.93,"2006-02-15 10:07:09"
"Holocaust Highball","Children",0.99,6,5.94,"2006-02-15 10:07:09"
"Holy Tadpole","Classics",0.99,6,5.94,"2006-02-15 10:07:09"
"Home Pity","Music",4.99,7,34.93,"2006-02-15 10:07:09"
"Homeward Cider","Documentary",0.99,5,4.95,"2006-02-15 10:07:09"
"Homicide Peach","Family",2.99,6,17.94,"2006-02-15 10:07:09"
"Honey Ties","Sports",0.99,3,2.97,"2006-02-15 10:07:09"
"Hook Chariots","Animation",0.99,7,6.93,"2006-02-15 10:07:09"
"Hoosiers Birdcage","Foreign",2.99,3,8.97,"2006-02-15 10:07:09"
"Hope Tootsie","Classics",2.99,4,11.96,"2006-02-15 10:07:09"
"Horn Working","Animation",2.99,4,11.96,"2006-02-15 10:07:09"
"Horror Reign","Travel",0.99,3,2.97,"2006-02-15 10:07:09"
"Hotel Happiness","Foreign",4.99,6,29.94,"2006-02-15 10:07:09"
"Hours Rage","New",0.99,4,3.96,"2006-02-15 10:07:09"
"House Dynamite","Family",2.99,7,20.93,"2006-02-15 10:07:09"
"Human Graffiti","Games",2.99,3,8.97,"2006-02-15 10:07:09"
"Hunchback Impossible","Drama",4.99,4,19.96,"2006-02-15 10:07:09"
"Hunger Roof","Foreign",0.99,6,5.94,"2006-02-15 10:07:09"
"Hunter Alter","Documentary",2.99,5,14.95,"2006-02-15 10:07:09"
"Hunting Musketeers","Family",2.99,6,17.94,"2006-02-15 10:07:09"
"Hurricane Affair","Comedy",2.99,6,17.94,"2006-02-15 10:07:09"
"Hustler Party","Comedy",4.99,3,14.97,"2006-02-15 10:07:09"
"Hyde Doctor","Classics",2.99,5,14.95,"2006-02-15 10:07:09"
"Hysterical Grail","Sports",4.99,5,24.95,"2006-02-15 10:07:09"
"Ice Crossing","Games",2.99,5,14.95,"2006-02-15 10:07:09"
"Idaho Love","New",2.99,3,8.97,"2006-02-15 10:07:09"
"Identity Lover","Sci-Fi",2.99,4,11.96,"2006-02-15 10:07:09"
"Idols Snatchers","Children",2.99,5,14.95,"2006-02-15 10:07:09"
"Igby Maker","Travel",4.99,7,34.93,"2006-02-15 10:07:09"
"Illusion Amelie","Foreign",0.99,4,3.96,"2006-02-15 10:07:09"
"Image Princess","Sports",2.99,3,8.97,"2006-02-15 10:07:09"
"Impact Aladdin","Music",0.99,6,5.94,"2006-02-15 10:07:09"
"Impossible Prejudice","Foreign",4.99,7,34.93,"2006-02-15 10:07:09"
"Inch Jet","Animation",4.99,6,29.94,"2006-02-15 10:07:09"
"Independence Hotel","Documentary",0.99,5,4.95,"2006-02-15 10:07:09"
"Indian Love","Family",0.99,4,3.96,"2006-02-15 10:07:09"
"Informer Double","Foreign",4.99,4,19.96,"2006-02-15 10:07:09"
"Innocent Usual","Foreign",4.99,3,14.97,"2006-02-15 10:07:09"
"Insects Stone","Animation",0.99,3,2.97,"2006-02-15 10:07:09"
"Insider Arizona","Music",2.99,5,14.95,"2006-02-15 10:07:09"
"Instinct Airport","Sports",2.99,4,11.96,"2006-02-15 10:07:09"
"Intentions Empire","Animation",2.99,3,8.97,"2006-02-15 10:07:09"
"Interview Liaisons","New",4.99,4,19.96,"2006-02-15 10:07:09"
"Intolerable Intentions","Documentary",4.99,6,29.94,"2006-02-15 10:07:09"
"Intrigue Worst","Foreign",0.99,6,5.94,"2006-02-15 10:07:09"
"Invasion Cyclone","Children",2.99,5,14.95,"2006-02-15 10:07:09"
"Iron Moon","Classics",4.99,7,34.93,"2006-02-15 10:07:09"
"Ishtar Rocketeer","Animation",4.99,4,19.96,"2006-02-15 10:07:09"
"Island Exorcist","Classics",2.99,7,20.93,"2006-02-15 10:07:09"
"Italian African","Travel",4.99,3,14.97,"2006-02-15 10:07:09"
"Jacket Frisco","Drama",2.99,5,14.95,"2006-02-15 10:07:09"
"Jade Bunch","Sports",2.99,6,17.94,"2006-02-15 10:07:09"
"Japanese Run","Horror",0.99,6,5.94,"2006-02-15 10:07:09"
"Jason Trap","Family",2.99,5,14.95,"2006-02-15 10:07:09"
"Jawbreaker Brooklyn","Music",0.99,5,4.95,"2006-02-15 10:07:09"
"Jaws Harry","Comedy",2.99,4,11.96,"2006-02-15 10:07:09"
"Jedi Beneath","Family",0.99,7,6.93,"2006-02-15 10:07:09"
"Jeepers Wedding","Classics",2.99,3,8.97,"2006-02-15 10:07:09"
"Jekyll Frogmen","New",2.99,4,11.96,"2006-02-15 10:07:09"
"Jeopardy Encino","Classics",0.99,3,2.97,"2006-02-15 10:07:09"
"Jericho Mulan","Games",2.99,3,8.97,"2006-02-15 10:07:09"
"Jerk Paycheck","Classics",2.99,3,8.97,"2006-02-15 10:07:09"
"Jersey Sassy","Children",4.99,6,29.94,"2006-02-15 10:07:09"
"Jet Neighbors","Foreign",4.99,7,34.93,"2006-02-15 10:07:09"
"Jingle Sagebrush","Classics",4.99,6,29.94,"2006-02-15 10:07:09"
"Joon Northwest","Sports",0.99,3,2.97,"2006-02-15 10:07:09"
"Juggler Hardly","Animation",0.99,4,3.96,"2006-02-15 10:07:09"
"Jumanji Blade","New",2.99,4,11.96,"2006-02-15 10:07:09"
"Jumping Wrath","Children",0.99,4,3.96,"2006-02-15 10:07:09"
"Jungle Closer","New",0.99,6,5.94,"2006-02-15 10:07:09"
"Kane Exorcist","Foreign",0.99,5,4.95,"2006-02-15 10:07:09"
"Karate Moon","Horror",0.99,4,3.96,"2006-02-15 10:07:09"
"Kentuckian Giant","Horror",2.99,5,14.95,"2006-02-15 10:07:09"
"Kick Savannah","Travel",0.99,3,2.97,"2006-02-15 10:07:09"
"Kill Brotherhood","Documentary",0.99,4,3.96,"2006-02-15 10:07:09"
"Killer Innocent","Family",2.99,7,20.93,"2006-02-15 10:07:09"
"King Evolution","Family",4.99,3,14.97,"2006-02-15 10:07:09"
"Kiss Glory","Foreign",4.99,5,24.95,"2006-02-15 10:07:09"
"Kissing Dolls","Action",4.99,3,14.97,"2006-02-15 10:07:09"
"Knock Warlock","Comedy",2.99,4,11.96,"2006-02-15 10:07:09"
"Kramer Chocolate","Sports",2.99,3,8.97,"2006-02-15 10:07:09"
"Kwai Homeward","Drama",0.99,5,4.95,"2006-02-15 10:07:09"
"Labyrinth League","Children",2.99,6,17.94,"2006-02-15 10:07:09"
"Lady Stage","Horror",4.99,4,19.96,"2006-02-15 10:07:09"
"Ladybugs Armageddon","Games",0.99,4,3.96,"2006-02-15 10:07:09"
"Lambs Cincinatti","Games",4.99,6,29.94,"2006-02-15 10:07:09"
"Language Cowboy","Children",0.99,5,4.95,"2006-02-15 10:07:09"
"Lawless Vision","Animation",4.99,6,29.94,"2006-02-15 10:07:09"
"Lawrence Love","Action",0.99,7,6.93,"2006-02-15 10:07:09"
"League Hellfighters","Classics",4.99,5,24.95,"2006-02-15 10:07:09"
"Leathernecks Dwarfs","Travel",2.99,6,17.94,"2006-02-15 10:07:09"
"Lebowski Soldiers","Drama",2.99,6,17.94,"2006-02-15 10:07:09"
"Legally Secretary","Children",4.99,7,34.93,"2006-02-15 10:07:09"
"Legend Jedi","Music",0.99,7,6.93,"2006-02-15 10:07:09"
"Lesson Cleopatra","Sports",0.99,3,2.97,"2006-02-15 10:07:09"
"Liaisons Sweet","Travel",4.99,5,24.95,"2006-02-15 10:07:09"
"Liberty Magnificent","Sports",2.99,3,8.97,"2006-02-15 10:07:09"
"License Weekend","Sci-Fi",2.99,7,20.93,"2006-02-15 10:07:09"
"Lies Treatment","Drama",4.99,7,34.93,"2006-02-15 10:07:09"
"Life Twisted","Comedy",2.99,4,11.96,"2006-02-15 10:07:09"
"Lights Deer","Classics",0.99,7,6.93,"2006-02-15 10:07:09"
"Lion Uncut","Comedy",0.99,6,5.94,"2006-02-15 10:07:09"
"Loathing Legally","Classics",0.99,4,3.96,"2006-02-15 10:07:09"
"Lock Rear","Travel",2.99,7,20.93,"2006-02-15 10:07:09"
"Lola Agent","Horror",4.99,4,19.96,"2006-02-15 10:07:09"
"Lolita World","Family",2.99,4,11.96,"2006-02-15 10:07:09"
"Lonely Elephant","Comedy",2.99,3,8.97,"2006-02-15 10:07:09"
"Lord Arizona","Action",2.99,5,14.95,"2006-02-15 10:07:09"
"Lose Inch","Foreign",0.99,3,2.97,"2006-02-15 10:07:09"
"Loser Hustler","Sports",4.99,5,24.95,"2006-02-15 10:07:09"
"Lost Bird","Foreign",2.99,4,11.96,"2006-02-15 10:07:09"
"Louisiana Harry","Family",0.99,5,4.95,"2006-02-15 10:07:09"
"Love Suicides","Horror",0.99,6,5.94,"2006-02-15 10:07:09"
"Lovely Jingle","Classics",2.99,3,8.97,"2006-02-15 10:07:09"
"Lover Truman","Classics",2.99,3,8.97,"2006-02-15 10:07:09"
"Loverboy Attacks","New",0.99,7,6.93,"2006-02-15 10:07:09"
"Luck Opus","Drama",2.99,7,20.93,"2006-02-15 10:07:09"
"Lucky Flying","Music",2.99,7,20.93,"2006-02-15 10:07:09"
"Luke Mummy","Animation",2.99,5,14.95,"2006-02-15 10:07:09"
"Lust Lock","Action",2.99,3,8.97,"2006-02-15 10:07:09"
"Madigan Dorado","Travel",4.99,5,24.95,"2006-02-15 10:07:09"
"Madison Trap","Documentary",2.99,4,11.96,"2006-02-15 10:07:09"
"Madness Attacks","Foreign",0.99,4,3.96,"2006-02-15 10:07:09"
"Madre Gables","Games",2.99,7,20.93,"2006-02-15 10:07:09"
"Magic Mallrats","Children",0.99,3,2.97,"2006-02-15 10:07:09"
"Magnificent Chitty","Classics",2.99,3,8.97,"2006-02-15 10:07:09"
"Magnolia Forrester","Action",0.99,4,3.96,"2006-02-15 10:07:09"
"Maguire Apache","Family",2.99,6,17.94,"2006-02-15 10:07:09"
"Maiden Home","New",4.99,3,14.97,"2006-02-15 10:07:09"
"Majestic Floats","Documentary",0.99,5,4.95,"2006-02-15 10:07:09"
"Maker Gables","Children",0.99,4,3.96,"2006-02-15 10:07:09"
"Malkovich Pet","Classics",2.99,6,17.94,"2006-02-15 10:07:09"
"Mallrats United","Comedy",0.99,4,3.96,"2006-02-15 10:07:09"
"Maltese Hope","Games",4.99,6,29.94,"2006-02-15 10:07:09"
"Manchurian Curtain","Family",2.99,5,14.95,"2006-02-15 10:07:09"
"Mannequin Worst","New",2.99,3,8.97,"2006-02-15 10:07:09"
"Married Go","Sci-Fi",2.99,7,20.93,"2006-02-15 10:07:09"
"Mars Roman","Games",0.99,6,5.94,"2006-02-15 10:07:09"
"Mask Peach","New",2.99,6,17.94,"2006-02-15 10:07:09"
"Masked Bubble","Music",0.99,6,5.94,"2006-02-15 10:07:09"
"Massacre Usual","Games",4.99,6,29.94,"2006-02-15 10:07:09"
"Massage Image","Animation",2.99,4,11.96,"2006-02-15 10:07:09"
"Matrix Snowman","Foreign",4.99,6,29.94,"2006-02-15 10:07:09"
"Maude Mod","Foreign",0.99,6,5.94,"2006-02-15 10:07:09"
"Meet Chocolate","Foreign",2.99,3,8.97,"2006-02-15 10:07:09"
"Memento Zoolander","Comedy",4.99,4,19.96,"2006-02-15 10:07:09"
"Menagerie Rushmore","Animation",2.99,7,20.93,"2006-02-15 10:07:09"
"Mermaid Insects","Sports",4.99,5,24.95,"2006-02-15 10:07:09"
"Metal Armageddon","Documentary",2.99,6,17.94,"2006-02-15 10:07:09"
"Metropolis Coma","Sci-Fi",2.99,4,11.96,"2006-02-15 10:07:09"
"Microcosmos Paradise","Children",2.99,6,17.94,"2006-02-15 10:07:09"
"Midnight Westward","Action",0.99,3,2.97,"2006-02-15 10:07:09"
"Midsummer Groundhog","Documentary",4.99,3,14.97,"2006-02-15 10:07:09"
"Mighty Luck","Documentary",2.99,7,20.93,"2006-02-15 10:07:09"
"Mile Mulan","Sports",0.99,4,3.96,"2006-02-15 10:07:09"
"Million Ace","Classics",4.99,4,19.96,"2006-02-15 10:07:09"
"Minds Truman","Action",4.99,3,14.97,"2006-02-15 10:07:09"
"Mine Titans","New",4.99,3,14.97,"2006-02-15 10:07:09"
"Minority Kiss","Music",0.99,4,3.96,"2006-02-15 10:07:09"
"Miracle Virtual","Animation",2.99,3,8.97,"2006-02-15 10:07:09"
"Mission Zoolander","Animation",4.99,3,14.97,"2006-02-15 10:07:09"
"Mixed Doors","Foreign",2.99,6,17.94,"2006-02-15 10:07:09"
"Mob Duffel","Drama",0.99,4,3.96,"2006-02-15 10:07:09"
"Mockingbird Hollywood","Action",0.99,4,3.96,"2006-02-15 10:07:09"
"Mod Secretary","Documentary",4.99,6,29.94,"2006-02-15 10:07:09"
"Model Fish","Children",4.99,4,19.96,"2006-02-15 10:07:09"
"Modern Dorado","Documentary",0.99,3,2.97,"2006-02-15 10:07:09"
"Money Harold","New",2.99,3,8.97,"2006-02-15 10:07:09"
"Monsoon Cause","Games",4.99,6,29.94,"2006-02-15 10:07:09"
"Monster Spartacus","Music",2.99,6,17.94,"2006-02-15 10:07:09"
"Monterey Labyrinth","Horror",0.99,6,5.94,"2006-02-15 10:07:09"
"Montezuma Command","Action",0.99,6,5.94,"2006-02-15 10:07:09"
"Moon Bunch","Foreign",0.99,7,6.93,"2006-02-15 10:07:09"
"Moonshine Cabin","Games",4.99,4,19.96,"2006-02-15 10:07:09"
"Moonwalker Fool","Games",4.99,5,24.95,"2006-02-15 10:07:09"
"Mosquito Armageddon","Sports",0.99,6,5.94,"2006-02-15 10:07:09"
"Mother Oleander","Sports",0.99,3,2.97,"2006-02-15 10:07:09"
"Motions Details","Horror",0.99,5,4.95,"2006-02-15 10:07:09"
"Moulin Wake","Travel",0.99,4,3.96,"2006-02-15 10:07:09"
"Mourning Purple","Sci-Fi",0.99,5,4.95,"2006-02-15 10:07:09"
"Movie Shakespeare","Family",4.99,6,29.94,"2006-02-15 10:07:09"
"Mulan Moon","Comedy",0.99,4,3.96,"2006-02-15 10:07:09"
"Mulholland Beast","Foreign",2.99,7,20.93,"2006-02-15 10:07:09"
"Mummy Creatures","Sports",0.99,3,2.97,"2006-02-15 10:07:09"
"Muppet Mile","Foreign",4.99,5,24.95,"2006-02-15 10:07:09"
"Murder Antitrust","Children",2.99,6,17.94,"2006-02-15 10:07:09"
"Muscle Bright","Travel",2.99,7,20.93,"2006-02-15 10:07:09"
"Music Boondock","Family",0.99,7,6.93,"2006-02-15 10:07:09"
"Musketeers Wait","Classics",4.99,7,34.93,"2006-02-15 10:07:09"
"Mussolini Spoilers","Sports",2.99,6,17.94,"2006-02-15 10:07:09"
"Mystic Truman","Comedy",0.99,5,4.95,"2006-02-15 10:07:09"
"Name Detective","Games",4.99,5,24.95,"2006-02-15 10:07:09"
"Nash Chocolat","Animation",2.99,6,17.94,"2006-02-15 10:07:09"
"National Story","Documentary",2.99,4,11.96,"2006-02-15 10:07:09"
"Natural Stock","Family",0.99,4,3.96,"2006-02-15 10:07:09"
"Necklace Outbreak","Drama",0.99,3,2.97,"2006-02-15 10:07:09"
"Neighbors Charade","Sports",0.99,3,2.97,"2006-02-15 10:07:09"
"Nemo Campus","Sci-Fi",2.99,5,14.95,"2006-02-15 10:07:09"
"Network Peak","Family",2.99,5,14.95,"2006-02-15 10:07:09"
"Newsies Story","Documentary",0.99,4,3.96,"2006-02-15 10:07:09"
"Newton Labyrinth","Foreign",0.99,4,3.96,"2006-02-15 10:07:09"
"Nightmare Chill","Games",4.99,3,14.97,"2006-02-15 10:07:09"
"None Spiking","Sci-Fi",0.99,3,2.97,"2006-02-15 10:07:09"
"Noon Papi","Children",2.99,5,14.95,"2006-02-15 10:07:09"
"North Tequila","Documentary",4.99,4,19.96,"2006-02-15 10:07:09"
"Northwest Polish","Sports",2.99,5,14.95,"2006-02-15 10:07:09"
"Notorious Reunion","Documentary",0.99,7,6.93,"2006-02-15 10:07:09"
"Notting Speakeasy","Drama",0.99,7,6.93,"2006-02-15 10:07:09"
"Novocaine Flight","Sports",0.99,4,3.96,"2006-02-15 10:07:09"
"Nuts Ties","New",4.99,5,24.95,"2006-02-15 10:07:09"
"October Submarine","Classics",4.99,6,29.94,"2006-02-15 10:07:09"
"Odds Boogie","Family",0.99,6,5.94,"2006-02-15 10:07:09"
"Oklahoma Jumanji","New",0.99,7,6.93,"2006-02-15 10:07:09"
"Oleander Clue","Music",0.99,5,4.95,"2006-02-15 10:07:09"
"Open African","Sci-Fi",4.99,7,34.93,"2006-02-15 10:07:09"
"Operation Operation","Comedy",2.99,7,20.93,"2006-02-15 10:07:09"
"Opposite Necklace","Family",4.99,7,34.93,"2006-02-15 10:07:09"
"Opus Ice","Foreign",4.99,5,24.95,"2006-02-15 10:07:09"
"Orange Grapes","Foreign",0.99,4,3.96,"2006-02-15 10:07:09"
"Order Betrayed","Travel",2.99,7,20.93,"2006-02-15 10:07:09"
"Orient Closer","Drama",2.99,3,8.97,"2006-02-15 10:07:09"
"Oscar Gold","Animation",2.99,7,20.93,"2006-02-15 10:07:09"
"Others Soup","Travel",2.99,7,20.93,"2006-02-15 10:07:09"
"Outbreak Divine","Games",0.99,6,5.94,"2006-02-15 10:07:09"
"Outfield Massacre","Music",0.99,4,3.96,"2006-02-15 10:07:09"
"Outlaw Hanky","Travel",4.99,7,34.93,"2006-02-15 10:07:09"
"Oz Liaisons","Animation",2.99,4,11.96,"2006-02-15 10:07:09"
"Pacific Amistad","Documentary",0.99,3,2.97,"2006-02-15 10:07:09"
"Packer Madigan","Animation",0.99,3,2.97,"2006-02-15 10:07:09"
"Pajama Jawbreaker","Classics",0.99,3,2.97,"2006-02-15 10:07:09"
"Panic Club","Horror",4.99,3,14.97,"2006-02-15 10:07:09"
"Panky Submarine","Games",4.99,4,19.96,"2006-02-15 10:07:09"
"Panther Reds","Sci-Fi",4.99,5,24.95,"2006-02-15 10:07:09"
"Papi Necklace","Travel",0.99,3,2.97,"2006-02-15 10:07:09"
"Paradise Sabrina","Comedy",2.99,5,14.95,"2006-02-15 10:07:09"
"Paris Weekend","Horror",2.99,7,20.93,"2006-02-15 10:07:09"
"Park Citizen","Action",4.99,3,14.97,"2006-02-15 10:07:09"
"Party Knock","Comedy",2.99,7,20.93,"2006-02-15 10:07:09"
"Past Suicides","Foreign",4.99,5,24.95,"2006-02-15 10:07:09"
"Paths Control","Drama",4.99,3,14.97,"2006-02-15 10:07:09"
"Patient Sister","Classics",0.99,7,6.93,"2006-02-15 10:07:09"
"Patriot Roman","Action",2.99,6,17.94,"2006-02-15 10:07:09"
"Patton Interview","Horror",2.99,4,11.96,"2006-02-15 10:07:09"
"Paycheck Wait","Drama",4.99,4,19.96,"2006-02-15 10:07:09"
"Peach Innocent","Sports",2.99,3,8.97,"2006-02-15 10:07:09"
"Peak Forever","Sports",4.99,7,34.93,"2006-02-15 10:07:09"
"Pearl Destiny","Foreign",2.99,3,8.97,"2006-02-15 10:07:09"
"Pelican Comforts","Documentary",4.99,4,19.96,"2006-02-15 10:07:09"
"Perdition Fargo","Sports",4.99,7,34.93,"2006-02-15 10:07:09"
"Perfect Groove","Comedy",2.99,7,20.93,"2006-02-15 10:07:09"
"Personal Ladybugs","Music",0.99,3,2.97,"2006-02-15 10:07:09"
"Pet Haunting","Foreign",0.99,3,2.97,"2006-02-15 10:07:09"
"Phantom Glory","New",2.99,6,17.94,"2006-02-15 10:07:09"
"Philadelphia Wife","Sports",4.99,7,34.93,"2006-02-15 10:07:09"
"Pianist Outfield","New",0.99,6,5.94,"2006-02-15 10:07:09"
"Pickup Driving","Sports",2.99,3,8.97,"2006-02-15 10:07:09"
"Pilot Hoosiers","Family",2.99,6,17.94,"2006-02-15 10:07:09"
"Pinocchio Simon","Comedy",4.99,4,19.96,"2006-02-15 10:07:09"
"Pirates Roxanne","Sports",0.99,4,3.96,"2006-02-15 10:07:09"
"Pittsburgh Hunchback","Family",4.99,4,19.96,"2006-02-15 10:07:09"
"Pity Bound","Drama",4.99,5,24.95,"2006-02-15 10:07:09"
"Pizza Jumanji","Games",2.99,4,11.96,"2006-02-15 10:07:09"
"Platoon Instinct","New",4.99,6,29.94,"2006-02-15 10:07:09"
"Pluto Oleander","New",4.99,5,24.95,"2006-02-15 10:07:09"
"Pocus Pulp","Documentary",0.99,6,5.94,"2006-02-15 10:07:09"
"Polish Brooklyn","Children",0.99,6,5.94,"2006-02-15 10:07:09"
"Pollock Deliverance","Foreign",2.99,5,14.95,"2006-02-15 10:07:09"
"Pond Seattle","Animation",2.99,7,20.93,"2006-02-15 10:07:09"
"Poseidon Forever","Sports",4.99,6,29.94,"2006-02-15 10:07:09"
"Potluck Mixed","Animation",2.99,3,8.97,"2006-02-15 10:07:09"
"Potter Connecticut","Animation",2.99,5,14.95,"2006-02-15 10:07:09"
"Prejudice Oleander","Classics",4.99,6,29.94,"2006-02-15 10:07:09"
"President Bang","Family",4.99,6,29.94,"2006-02-15 10:07:09"
"Pride Alamo","Animation",0.99,6,5.94,"2006-02-15 10:07:09"
"Primary Glass","Action",0.99,7,6.93,"2006-02-15 10:07:09"
"Princess Giant","Documentary",2.99,3,8.97,"2006-02-15 10:07:09"
"Private Drop","Games",4.99,7,34.93,"2006-02-15 10:07:09"
"Prix Undefeated","Family",2.99,4,11.96,"2006-02-15 10:07:09"
"Psycho Shrunk","Games",2.99,5,14.95,"2006-02-15 10:07:09"
"Pulp Beverly","Horror",2.99,4,11.96,"2006-02-15 10:07:09"
"Punk Divorce","Animation",4.99,6,29.94,"2006-02-15 10:07:09"
"Pure Runner","Comedy",2.99,3,8.97,"2006-02-15 10:07:09"
"Purple Movie","Foreign",2.99,4,11.96,"2006-02-15 10:07:09"
"Queen Luke","Drama",4.99,5,24.95,"2006-02-15 10:07:09"
"Quest Mussolini","Action",2.99,5,14.95,"2006-02-15 10:07:09"
"Quills Bull","Documentary",4.99,4,19.96,"2006-02-15 10:07:09"
"Racer Egg","Drama",2.99,7,20.93,"2006-02-15 10:07:09"
"Rage Games","Family",4.99,4,19.96,"2006-02-15 10:07:09"
"Raging Airplane","Sci-Fi",4.99,4,19.96,"2006-02-15 10:07:09"
"Raiders Antitrust","Documentary",0.99,4,3.96,"2006-02-15 10:07:09"
"Rainbow Shock","Documentary",4.99,3,14.97,"2006-02-15 10:07:09"
"Random Go","Sci-Fi",2.99,6,17.94,"2006-02-15 10:07:09"
"Range Moonwalker","Family",4.99,3,14.97,"2006-02-15 10:07:09"
"Reap Unfaithful","Horror",2.99,6,17.94,"2006-02-15 10:07:09"
"Rear Trading","Action",0.99,6,5.94,"2006-02-15 10:07:09"
"Rebel Airport","Music",0.99,7,6.93,"2006-02-15 10:07:09"
"Records Zorro","Sports",4.99,7,34.93,"2006-02-15 10:07:09"
"Redemption Comforts","New",2.99,3,8.97,"2006-02-15 10:07:09"
"Reds Pocus","Music",4.99,7,34.93,"2006-02-15 10:07:09"
"Reef Salute","Horror",0.99,5,4.95,"2006-02-15 10:07:09"
"Reign Gentlemen","Sci-Fi",2.99,3,8.97,"2006-02-15 10:07:09"
"Remember Diary","Family",2.99,5,14.95,"2006-02-15 10:07:09"
"Requiem Tycoon","Classics",4.99,6,29.94,"2006-02-15 10:07:09"
"Reservoir Adaptation","Foreign",2.99,7,20.93,"2006-02-15 10:07:09"
"Resurrection Silverado","Family",0.99,6,5.94,"2006-02-15 10:07:09"
"Reunion Witches","Drama",0.99,3,2.97,"2006-02-15 10:07:09"
"Rider Caddyshack","Sports",2.99,5,14.95,"2006-02-15 10:07:09"
"Ridgemont Submarine","New",0.99,3,2.97,"2006-02-15 10:07:09"
"Right Cranes","Classics",4.99,7,34.93,"2006-02-15 10:07:09"
"Rings Heartbreakers","Action",0.99,5,4.95,"2006-02-15 10:07:09"
"River Outlaw","Sports",0.99,4,3.96,"2006-02-15 10:07:09"
"Road Roxanne","Documentary",4.99,4,19.96,"2006-02-15 10:07:09"
"Robbers Joon","Children",2.99,7,20.93,"2006-02-15 10:07:09"
"Robbery Bright","Family",0.99,4,3.96,"2006-02-15 10:07:09"
"Rock Instinct","Horror",0.99,4,3.96,"2006-02-15 10:07:09"
"Rocketeer Mother","Foreign",0.99,3,2.97,"2006-02-15 10:07:09"
"Rocky War","Drama",4.99,4,19.96,"2006-02-15 10:07:09"
"Rollercoaster Bringing","Horror",2.99,5,14.95,"2006-02-15 10:07:09"
"Roman Punk","Music",0.99,7,6.93,"2006-02-15 10:07:09"
"Roof Champion","Games",0.99,7,6.93,"2006-02-15 10:07:09"
"Room Roman","Animation",0.99,7,6.93,"2006-02-15 10:07:09"
"Roots Remember","Classics",0.99,4,3.96,"2006-02-15 10:07:09"
"Roses Treasure","Sports",4.99,5,24.95,"2006-02-15 10:07:09"
"Rouge Squad","Games",0.99,3,2.97,"2006-02-15 10:07:09"
"Roxanne Rebel","Games",0.99,5,4.95,"2006-02-15 10:07:09"
"Rugrats Shakespeare","Action",0.99,4,3.96,"2006-02-15 10:07:09"
"Rules Human","Horror",4.99,6,29.94,"2006-02-15 10:07:09"
"Run Pacific","New",0.99,3,2.97,"2006-02-15 10:07:09"
"Runaway Tenenbaums","New",0.99,6,5.94,"2006-02-15 10:07:09"
"Runner Madigan","Music",0.99,6,5.94,"2006-02-15 10:07:09"
"Rush Goodfellas","Family",0.99,3,2.97,"2006-02-15 10:07:09"
"Rushmore Mermaid","Comedy",2.99,6,17.94,"2006-02-15 10:07:09"
"Sabrina Midnight","Children",4.99,5,24.95,"2006-02-15 10:07:09"
"Saddle Antitrust","Comedy",2.99,7,20.93,"2006-02-15 10:07:09"
"Sagebrush Clueless","Documentary",2.99,4,11.96,"2006-02-15 10:07:09"
"Saints Bride","Drama",2.99,5,14.95,"2006-02-15 10:07:09"
"Salute Apollo","New",2.99,4,11.96,"2006-02-15 10:07:09"
"Samurai Lion","New",2.99,5,14.95,"2006-02-15 10:07:09"
"Santa Paris","Children",2.99,7,20.93,"2006-02-15 10:07:09"
"Sassy Packer","Games",0.99,6,5.94,"2006-02-15 10:07:09"
"Satisfaction Confidential","Sports",4.99,3,14.97,"2006-02-15 10:07:09"
"Saturday Lambs","Sports",4.99,3,14.97,"2006-02-15 10:07:09"
"Saturn Name","Comedy",4.99,7,34.93,"2006-02-15 10:07:09"
"Savannah Town","Drama",0.99,5,4.95,"2006-02-15 10:07:09"
"Scalawag Duck","Music",4.99,6,29.94,"2006-02-15 10:07:09"
"Scarface Bang","Children",4.99,3,14.97,"2006-02-15 10:07:09"
"School Jacket","Foreign",4.99,5,24.95,"2006-02-15 10:07:09"
"Scissorhands Slums","Foreign",2.99,5,14.95,"2006-02-15 10:07:09"
"Scorpion Apollo","Drama",4.99,3,14.97,"2006-02-15 10:07:09"
"Sea Virgin","Drama",2.99,4,11.96,"2006-02-15 10:07:09"
"Seabiscuit Punk","Sports",2.99,6,17.94,"2006-02-15 10:07:09"
"Searchers Wait","Comedy",2.99,3,8.97,"2006-02-15 10:07:09"
"Seattle Expecations","Drama",4.99,4,19.96,"2006-02-15 10:07:09"
"Secret Groundhog","Documentary",4.99,6,29.94,"2006-02-15 10:07:09"
"Secretary Rouge","Sports",4.99,5,24.95,"2006-02-15 10:07:09"
"Secrets Paradise","Family",4.99,3,14.97,"2006-02-15 10:07:09"
"Sense Greek","Sports",4.99,4,19.96,"2006-02-15 10:07:09"
"Sensibility Rear","Family",4.99,7,34.93,"2006-02-15 10:07:09"
"Seven Swarm","Games",4.99,4,19.96,"2006-02-15 10:07:09"
"Shakespeare Saddle","Sports",2.99,6,17.94,"2006-02-15 10:07:09"
"Shane Darkness","Travel",2.99,5,14.95,"2006-02-15 10:07:09"
"Shanghai Tycoon","Travel",2.99,7,20.93,"2006-02-15 10:07:09"
"Shawshank Bubble","Travel",4.99,6,29.94,"2006-02-15 10:07:09"
"Shepherd Midsummer","Children",0.99,7,6.93,"2006-02-15 10:07:09"
"Shining Roses","Travel",0.99,4,3.96,"2006-02-15 10:07:09"
"Ship Wonderland","Documentary",2.99,5,14.95,"2006-02-15 10:07:09"
"Shock Cabin","Foreign",2.99,7,20.93,"2006-02-15 10:07:09"
"Shootist Superfly","Drama",0.99,6,5.94,"2006-02-15 10:07:09"
"Show Lord","Documentary",4.99,3,14.97,"2006-02-15 10:07:09"
"Shrek License","Foreign",2.99,7,20.93,"2006-02-15 10:07:09"
"Shrunk Divine","Action",2.99,6,17.94,"2006-02-15 10:07:09"
"Side Ark","Action",0.99,5,4.95,"2006-02-15 10:07:09"
"Siege Madre","Family",0.99,7,6.93,"2006-02-15 10:07:09"
"Sierra Divide","Sports",0.99,3,2.97,"2006-02-15 10:07:09"
"Silence Kane","Music",0.99,7,6.93,"2006-02-15 10:07:09"
"Silverado Goldfinger","Sci-Fi",4.99,4,19.96,"2006-02-15 10:07:09"
"Simon North","Horror",0.99,3,2.97,"2006-02-15 10:07:09"
"Sinners Atlantis","Horror",2.99,7,20.93,"2006-02-15 10:07:09"
"Sister Freddy","Children",4.99,5,24.95,"2006-02-15 10:07:09"
"Sky Miracle","Action",2.99,7,20.93,"2006-02-15 10:07:09"
"Slacker Liaisons","Drama",4.99,7,34.93,"2006-02-15 10:07:09"
"Sleeping Suspects","Horror",4.99,7,34.93,"2006-02-15 10:07:09"
"Sleepless Monsoon","Animation",4.99,5,24.95,"2006-02-15 10:07:09"
"Sleepy Japanese","New",2.99,4,11.96,"2006-02-15 10:07:09"
"Sleuth Orient","Games",0.99,4,3.96,"2006-02-15 10:07:09"
"Sling Luke","Classics",0.99,5,4.95,"2006-02-15 10:07:09"
"Slipper Fidelity","Sports",0.99,5,4.95,"2006-02-15 10:07:09"
"Slums Duck","Family",0.99,5,4.95,"2006-02-15 10:07:09"
"Smile Earring","Travel",2.99,4,11.96,"2006-02-15 10:07:09"
"Smoking Barbarella","Documentary",0.99,7,6.93,"2006-02-15 10:07:09"
"Smoochy Control","Sports",0.99,7,6.93,"2006-02-15 10:07:09"
"Snatch Slipper","Comedy",4.99,6,29.94,"2006-02-15 10:07:09"
"Snatchers Montezuma","Classics",2.99,4,11.96,"2006-02-15 10:07:09"
"Snowman Rollercoaster","Animation",0.99,3,2.97,"2006-02-15 10:07:09"
"Soldiers Evolution","Sci-Fi",4.99,7,34.93,"2006-02-15 10:07:09"
"Something Duck","Drama",4.99,4,19.96,"2006-02-15 10:07:09"
"Song Hedwig","Music",0.99,3,2.97,"2006-02-15 10:07:09"
"Sons Interview","Animation",2.99,3,8.97,"2006-02-15 10:07:09"
"Sorority Queen","Foreign",0.99,6,5.94,"2006-02-15 10:07:09"
"Soup Wisdom","Family",0.99,6,5.94,"2006-02-15 10:07:09"
"South Wait","Action",2.99,4,11.96,"2006-02-15 10:07:09"
"Spartacus Cheaper","Family",4.99,4,19.96,"2006-02-15 10:07:09"
"Speakeasy Date","Action",2.99,6,17.94,"2006-02-15 10:07:09"
"Speed Suit","Travel",4.99,7,34.93,"2006-02-15 10:07:09"
"Spice Sorority","Drama",4.99,5,24.95,"2006-02-15 10:07:09"
"Spiking Element","Classics",2.99,7,20.93,"2006-02-15 10:07:09"
"Spinal Rocky","Family",2.99,7,20.93,"2006-02-15 10:07:09"
"Spirit Flintstones","Horror",0.99,7,6.93,"2006-02-15 10:07:09"
"Spirited Casualties","Sci-Fi",0.99,5,4.95,"2006-02-15 10:07:09"
"Splash Gump","Family",0.99,5,4.95,"2006-02-15 10:07:09"
"Splendor Patton","Children",0.99,5,4.95,"2006-02-15 10:07:09"
"Spoilers Hellfighters","Documentary",0.99,4,3.96,"2006-02-15 10:07:09"
"Spy Mile","Games",2.99,6,17.94,"2006-02-15 10:07:09"
"Squad Fish","Sports",2.99,3,8.97,"2006-02-15 10:07:09"
"Stage World","Comedy",2.99,4,11.96,"2006-02-15 10:07:09"
"Stagecoach Armageddon","Action",4.99,5,24.95,"2006-02-15 10:07:09"
"Stallion Sundance","Sci-Fi",0.99,5,4.95,"2006-02-15 10:07:09"
"Stampede Disturbing","Games",0.99,5,4.95,"2006-02-15 10:07:09"
"Star Operation","Sports",2.99,5,14.95,"2006-02-15 10:07:09"
"State Wasteland","Games",2.99,4,11.96,"2006-02-15 10:07:09"
"Steel Santa","Classics",4.99,4,19.96,"2006-02-15 10:07:09"
"Steers Armageddon","Sports",4.99,6,29.94,"2006-02-15 10:07:09"
"Stepmom Dream","Foreign",4.99,7,34.93,"2006-02-15 10:07:09"
"Sting Personal","New",4.99,3,14.97,"2006-02-15 10:07:09"
"Stock Glass","New",2.99,7,20.93,"2006-02-15 10:07:09"
"Stone Fire","Travel",0.99,3,2.97,"2006-02-15 10:07:09"
"Storm Happiness","Animation",0.99,6,5.94,"2006-02-15 10:07:09"
"Story Side","Action",0.99,7,6.93,"2006-02-15 10:07:09"
"Straight Hours","Sports",0.99,3,2.97,"2006-02-15 10:07:09"
"Strangelove Desire","Children",0.99,4,3.96,"2006-02-15 10:07:09"
"Stranger Strangers","Children",4.99,3,14.97,"2006-02-15 10:07:09"
"Strangers Graffiti","Horror",4.99,4,19.96,"2006-02-15 10:07:09"
"Streak Ridgemont","Documentary",0.99,7,6.93,"2006-02-15 10:07:09"
"Streetcar Intentions","Horror",4.99,5,24.95,"2006-02-15 10:07:09"
"Strictly Scarface","Comedy",2.99,3,8.97,"2006-02-15 10:07:09"
"Submarine Bed","Comedy",4.99,5,24.95,"2006-02-15 10:07:09"
"Sugar Wonka","Animation",4.99,3,14.97,"2006-02-15 10:07:09"
"Suicides Silence","Sci-Fi",4.99,4,19.96,"2006-02-15 10:07:09"
"Suit Walls","Games",4.99,3,14.97,"2006-02-15 10:07:09"
"Summer Scarface","Classics",0.99,5,4.95,"2006-02-15 10:07:09"
"Sun Confessions","Sci-Fi",0.99,5,4.95,"2006-02-15 10:07:09"
"Sundance Invasion","Children",0.99,5,4.95,"2006-02-15 10:07:09"
"Sunrise League","Animation",4.99,3,14.97,"2006-02-15 10:07:09"
"Sunset Racer","Family",0.99,6,5.94,"2006-02-15 10:07:09"
"Super Wyoming","Family",4.99,5,24.95,"2006-02-15 10:07:09"
"Superfly Trip","Travel",0.99,5,4.95,"2006-02-15 10:07:09"
"Suspects Quills","Action",2.99,4,11.96,"2006-02-15 10:07:09"
"Swarm Gold","Horror",0.99,4,3.96,"2006-02-15 10:07:09"
"Sweden Shining","Comedy",4.99,6,29.94,"2006-02-15 10:07:09"
"Sweet Brotherhood","Travel",2.99,3,8.97,"2006-02-15 10:07:09"
"Sweethearts Suspects","Children",0.99,3,2.97,"2006-02-15 10:07:09"
"Tadpole Park","Classics",2.99,6,17.94,"2006-02-15 10:07:09"
"Talented Homicide","Sports",0.99,6,5.94,"2006-02-15 10:07:09"
"Tarzan Videotape","Horror",2.99,3,8.97,"2006-02-15 10:07:09"
"Taxi Kick","Music",0.99,4,3.96,"2006-02-15 10:07:09"
"Teen Apollo","Travel",4.99,3,14.97,"2006-02-15 10:07:09"
"Telegraph Voyage","Music",4.99,3,14.97,"2006-02-15 10:07:09"
"Telemark Heartbreakers","Animation",2.99,6,17.94,"2006-02-15 10:07:09"
"Temple Attraction","Horror",4.99,5,24.95,"2006-02-15 10:07:09"
"Tenenbaums Command","Drama",0.99,4,3.96,"2006-02-15 10:07:09"
"Tequila Past","Children",4.99,6,29.94,"2006-02-15 10:07:09"
"Terminator Club","Music",4.99,5,24.95,"2006-02-15 10:07:09"
"Texas Watch","Horror",0.99,7,6.93,"2006-02-15 10:07:09"
"Theory Mermaid","Animation",0.99,5,4.95,"2006-02-15 10:07:09"
"Thief Pelican","Animation",4.99,5,24.95,"2006-02-15 10:07:09"
"Thin Sagebrush","Documentary",4.99,5,24.95,"2006-02-15 10:07:09"
"Ties Hunger","Children",4.99,3,14.97,"2006-02-15 10:07:09"
"Tights Dawn","Sports",0.99,5,4.95,"2006-02-15 10:07:09"
"Timberland Sky","Classics",0.99,3,2.97,"2006-02-15 10:07:09"
"Titanic Boondock","Animation",4.99,3,14.97,"2006-02-15 10:07:09"
"Titans Jerk","Sci-Fi",4.99,4,19.96,"2006-02-15 10:07:09"
"Tomatoes Hellfighters","Travel",0.99,6,5.94,"2006-02-15 10:07:09"
"Tomorrow Hustler","Classics",2.99,3,8.97,"2006-02-15 10:07:09"
"Tootsie Pilot","Children",0.99,3,2.97,"2006-02-15 10:07:09"
"Torque Bound","Drama",4.99,3,14.97,"2006-02-15 10:07:09"
"Tourist Pelican","Sports",4.99,4,19.96,"2006-02-15 10:07:09"
"Towers Hurricane","Classics",0.99,7,6.93,"2006-02-15 10:07:09"
"Town Ark","Foreign",2.99,6,17.94,"2006-02-15 10:07:09"
"Tracy Cider","Animation",0.99,3,2.97,"2006-02-15 10:07:09"
"Trading Pinocchio","Sports",4.99,6,29.94,"2006-02-15 10:07:09"
"Traffic Hobbit","Travel",4.99,5,24.95,"2006-02-15 10:07:09"
"Train Bunch","Horror",4.99,3,14.97,"2006-02-15 10:07:09"
"Trainspotting Strangers","Comedy",4.99,7,34.93,"2006-02-15 10:07:09"
"Tramp Others","Comedy",0.99,4,3.96,"2006-02-15 10:07:09"
"Translation Summer","Drama",0.99,4,3.96,"2006-02-15 10:07:09"
"Trap Guys","Foreign",4.99,3,14.97,"2006-02-15 10:07:09"
"Treasure Command","Horror",0.99,3,2.97,"2006-02-15 10:07:09"
"Treatment Jekyll","Drama",0.99,3,2.97,"2006-02-15 10:07:09"
"Trip Newton","Action",4.99,7,34.93,"2006-02-15 10:07:09"
"Trojan Tomorrow","Sci-Fi",2.99,3,8.97,"2006-02-15 10:07:09"
"Troopers Metal","New",0.99,3,2.97,"2006-02-15 10:07:09"
"Trouble Date","Travel",2.99,6,17.94,"2006-02-15 10:07:09"
"Truman Crazy","Action",4.99,7,34.93,"2006-02-15 10:07:09"
"Turn Star","Animation",2.99,3,8.97,"2006-02-15 10:07:09"
"Tuxedo Mile","Sports",2.99,3,8.97,"2006-02-15 10:07:09"
"Twisted Pirates","Children",4.99,4,19.96,"2006-02-15 10:07:09"
"Tycoon Gathering","Games",4.99,3,14.97,"2006-02-15 10:07:09"
"Unbreakable Karate","New",0.99,3,2.97,"2006-02-15 10:07:09"
"Uncut Suicides","Music",2.99,7,20.93,"2006-02-15 10:07:09"
"Undefeated Dalmations","Horror",4.99,7,34.93,"2006-02-15 10:07:09"
"Unfaithful Kill","Drama",2.99,7,20.93,"2006-02-15 10:07:09"
"Unforgiven Zoolander","Sci-Fi",0.99,7,6.93,"2006-02-15 10:07:09"
"United Pilot","Documentary",0.99,3,2.97,"2006-02-15 10:07:09"
"Untouchables Sunrise","Documentary",2.99,5,14.95,"2006-02-15 10:07:09"
"Uprising Uptown","Action",2.99,6,17.94,"2006-02-15 10:07:09"
"Uptown Young","Children",2.99,5,14.95,"2006-02-15 10:07:09"
"Usual Untouchables","Foreign",4.99,5,24.95,"2006-02-15 10:07:09"
"Vacation Boondock","Sci-Fi",2.99,4,11.96,"2006-02-15 10:07:09"
"Valentine Vanishing","Travel",0.99,7,6.93,"2006-02-15 10:07:09"
"Valley Packer","Comedy",0.99,3,2.97,"2006-02-15 10:07:09"
"Vampire Whale","New",4.99,4,19.96,"2006-02-15 10:07:09"
"Vanilla Day","Games",4.99,7,34.93,"2006-02-15 10:07:09"
"Vanished Garden","New",0.99,5,4.95,"2006-02-15 10:07:09"
"Vanishing Rocky","Music",2.99,3,8.97,"2006-02-15 10:07:09"
"Varsity Trip","New",2.99,7,20.93,"2006-02-15 10:07:09"
"Velvet Terminator","Comedy",4.99,3,14.97,"2006-02-15 10:07:09"
"Vertigo Northwest","Comedy",2.99,4,11.96,"2006-02-15 10:07:09"
"Victory Academy","Sports",0.99,6,5.94,"2006-02-15 10:07:09"
"Videotape Arsenic","Games",4.99,4,19.96,"2006-02-15 10:07:09"
"Vietnam Smoochy","Drama",0.99,7,6.93,"2006-02-15 10:07:09"
"Villain Desperate","Documentary",4.99,4,19.96,"2006-02-15 10:07:09"
"Virgin Daisy","Drama",4.99,6,29.94,"2006-02-15 10:07:09"
"Virginian Pluto","Documentary",0.99,5,4.95,"2006-02-15 10:07:09"
"Virtual Spoilers","Family",4.99,3,14.97,"2006-02-15 10:07:09"
"Vision Torque","Foreign",0.99,5,4.95,"2006-02-15 10:07:09"
"Voice Peach","New",0.99,6,5.94,"2006-02-15 10:07:09"
"Volcano Texas","Games",0.99,6,5.94,"2006-02-15 10:07:09"
"Volume House","Classics",4.99,7,34.93,"2006-02-15 10:07:09"
"Voyage Legally","Classics",0.99,6,5.94,"2006-02-15 10:07:09"
"Wagon Jaws","Documentary",2.99,7,20.93,"2006-02-15 10:07:09"
"Wait Cider","Animation",0.99,3,2.97,"2006-02-15 10:07:09"
"Wake Jaws","New",4.99,7,34.93,"2006-02-15 10:07:09"
"Walls Artist","Children",4.99,7,34.93,"2006-02-15 10:07:09"
"Wanda Chamber","Games",4.99,7,34.93,"2006-02-15 10:07:09"
"War Notting","Foreign",4.99,7,34.93,"2006-02-15 10:07:09"
"Wardrobe Phantom","Drama",2.99,6,17.94,"2006-02-15 10:07:09"
"Warlock Werewolf","Children",2.99,6,17.94,"2006-02-15 10:07:09"
"Wars Pluto","Documentary",2.99,5,14.95,"2006-02-15 10:07:09"
"Wash Heavenly","Foreign",4.99,7,34.93,"2006-02-15 10:07:09"
"Wasteland Divine","Classics",2.99,7,20.93,"2006-02-15 10:07:09"
"Watch Tracy","Animation",0.99,5,4.95,"2006-02-15 10:07:09"
"Waterfront Deliverance","Action",4.99,4,19.96,"2006-02-15 10:07:09"
"Watership Frontier","Horror",0.99,6,5.94,"2006-02-15 10:07:09"
"Wedding Apollo","Documentary",0.99,3,2.97,"2006-02-15 10:07:09"
"Weekend Personal","Sci-Fi",2.99,5,14.95,"2006-02-15 10:07:09"
"Werewolf Lola","Action",4.99,6,29.94,"2006-02-15 10:07:09"
"West Lion","Drama",4.99,4,19.96,"2006-02-15 10:07:09"
"Westward Seabiscuit","Classics",0.99,7,6.93,"2006-02-15 10:07:09"
"Whale Bikini","Foreign",4.99,4,19.96,"2006-02-15 10:07:09"
"Whisperer Giant","Sci-Fi",4.99,4,19.96,"2006-02-15 10:07:09"
"Wife Turn","Documentary",4.99,3,14.97,"2006-02-15 10:07:09"
"Wild Apollo","New",0.99,4,3.96,"2006-02-15 10:07:09"
"Willow Tracy","Family",2.99,6,17.94,"2006-02-15 10:07:09"
"Wind Phantom","Games",0.99,6,5.94,"2006-02-15 10:07:09"
"Window Side","Travel",2.99,3,8.97,"2006-02-15 10:07:09"
"Wisdom Worker","Comedy",0.99,3,2.97,"2006-02-15 10:07:09"
"Witches Panic","Drama",4.99,6,29.94,"2006-02-15 10:07:09"
"Wizard Coldblooded","Music",4.99,4,19.96,"2006-02-15 10:07:09"
"Wolves Desire","Travel",0.99,7,6.93,"2006-02-15 10:07:09"
"Women Dorado","Action",0.99,4,3.96,"2006-02-15 10:07:09"
"Won Dares","Music",2.99,7,20.93,"2006-02-15 10:07:09"
"Wonderful Drop","Foreign",2.99,3,8.97,"2006-02-15 10:07:09"
"Wonderland Christmas","Sci-Fi",4.99,4,19.96,"2006-02-15 10:07:09"
"Wonka Sea","Animation",2.99,6,17.94,"2006-02-15 10:07:09"
"Words Hunter","Music",2.99,3,8.97,"2006-02-15 10:07:09"
"Worker Tarzan","Travel",2.99,7,20.93,"2006-02-15 10:07:09"
"Working Microcosmos","Travel",4.99,4,19.96,"2006-02-15 10:07:09"
"World Leathernecks","Horror",0.99,3,2.97,"2006-02-15 10:07:09"
"Worst Banger","Action",2.99,4,11.96,"2006-02-15 10:07:09"
"Wrath Mile","Documentary",0.99,5,4.95,"2006-02-15 10:07:09"
"Wrong Behavior","Children",2.99,6,17.94,"2006-02-15 10:07:09"
"Wyoming Storm","New",4.99,6,29.94,"2006-02-15 10:07:09"
"Yentl Idaho","Horror",4.99,5,24.95,"2006-02-15 10:07:09"
"Young Language","Documentary",0.99,6,5.94,"2006-02-15 10:07:09"
"Youth Kick","Music",0.99,4,3.96,"2006-02-15 10:07:09"
"Zhivago Core","Horror",0.99,6,5.94,"2006-02-15 10:07:09"
"Zoolander Fiction","Children",2.99,5,14.95,"2006-02-15 10:07:09"
"Zorro Ark","Comedy",4.99,3,14.97,"2006-02-15 10:07:09"
